debtor_code,doc_no,entry_type,tx_date,month_year,stock_code,description,debt_group,lane,qty,amount_excl,tax_amount,amount_incl,source_file,is_cyl,is_lpg,paired_cyl_doc,notes
JIM001,00004635,Invoice,2018-12-04,2018-12,D.3,,LPG,LPG,5.0,4130.45,619.57,4750.02,,False,True,,
JIM001,00004542,Invoice,2018-12-22,2018-12,D.3,,LPG,LPG,5.0,3695.65,554.35,4250.0,,False,True,,
JIM001,00004553,Invoice,2019-01-02,2019-01,D.3,28/12/18,LPG,LPG,5.0,3695.65,554.35,4250.0,,False,True,,
JIM001,00004559,Invoice,2019-01-02,2019-01,19.3,29/12/18,LPG,LPG,6.0,1826.1,273.91,2100.01,,False,True,,
JIM001,00004561,Invoice,2019-01-02,2019-01,19.3,31/12/18,LPG,LPG,1.0,304.35,45.65,350.0,,False,True,,
JIM001,00004562,Invoice,2019-01-02,2019-01,19.3,31/12/18,LPG,LPG,2.0,608.7,91.31,700.01,,False,True,,
JIM001,00004563,Invoice,2019-01-02,2019-01,19.3,JIMMY'S KILLER PRAWN,LPG,LPG,4.0,1217.4,182.61,1400.01,,False,True,,
JIM001,00004564,Invoice,2019-01-02,2019-01,9.2,JIMMYS KILLER PRAWNS,CYL,CYL,5.0,1500.0,225.0,1725.0,,True,False,,
JIM001,00004565,Invoice,2019-01-02,2019-01,19.3,JIMMYS KILLER PRAWNS,LPG,LPG,5.0,1521.75,228.26,1750.01,,False,True,,
JIM001,00004566,Invoice,2019-01-02,2019-01,19.3,SWADISH,LPG,LPG,2.0,608.7,91.31,700.01,,False,True,,
JIM001,00004567,Invoice,2019-01-02,2019-01,9.2,SWADISH,CYL,CYL,2.0,600.0,90.0,690.0,,True,False,,
JIM001,00004568,Invoice,2019-01-02,2019-01,19.3,BANGKOK WOK,LPG,LPG,2.0,608.7,91.31,700.01,,False,True,,
JIM001,00004568,Invoice,2019-01-02,2019-01,9.2,BANGKOK WOK,CYL,CYL,2.0,600.0,90.0,690.0,,True,False,,
JIM001,00000616,Crd Note,2019-01-04,2019-01,19.3,SWADISH,LPG,LPG,-2.0,-608.7,-91.31,-700.01,,False,True,,
JIM001,00004578,Invoice,2019-01-04,2019-01,19.3,SWADISH,LPG,LPG,2.0,608.7,91.31,700.01,,False,True,,
JIM001,00004591,Invoice,2019-01-05,2019-01,19.3,JIMMYS KILLER PRAWNS,LPG,LPG,5.0,1521.75,228.26,1750.01,,False,True,,
JIM001,00004592,Invoice,2019-01-05,2019-01,9.2,EMPTY SHORT #4591,CYL,CYL,1.0,300.0,45.0,345.0,,True,False,,
JIM001,00000607,Crd Note,2019-01-09,2019-01,9.2,,CYL,CYL,-1.0,-300.0,-45.0,-345.0,,True,False,,
JIM001,00004610,Invoice,2019-01-09,2019-01,19.3,,LPG,LPG,4.0,1217.4,182.61,1400.01,,False,True,,
JIM001,00004617,Invoice,2019-01-10,2019-01,19.3,SWAADISH,LPG,LPG,2.0,608.7,91.31,700.01,,False,True,,
JIM001,00004620,Invoice,2019-01-10,2019-01,9.2,SHORT #4617,CYL,CYL,1.0,300.0,45.0,345.0,,True,False,,
JIM001,00000613,Crd Note,2019-01-12,2019-01,9.2,XFER TO SWADISH,CYL,CYL,-2.0,-600.0,-90.0,-690.0,,True,False,,
JIM001,00000617,Crd Note,2019-01-12,2019-01,9.2,SHORT #4617,CYL,CYL,-1.0,-300.0,-45.0,-345.0,,True,False,,
JIM001,00004626,Invoice,2019-01-12,2019-01,19.3,JIMMYS KILLER PRAWNS,LPG,LPG,3.0,913.04,136.96,1050.0001,,False,True,,
JIM001,00004646,Invoice,2019-01-15,2019-01,19.3,,LPG,LPG,4.0,1217.4,182.61,1400.01,,False,True,,
JIM001,00000620,Crd Note,2019-01-16,2019-01,LPG-03,GAS RETURNED IN CYL,LPG,LPG,-42.0,-646.38,-96.96,-743.34,,False,True,,
JIM001,00000620,Crd Note,2019-01-16,2019-01,D.3,GAS RETURNED IN CYL,LPG,LPG,-2.0,-1478.26,-221.74,-1700.0,,False,True,,
JIM001,00004690,Invoice,2019-01-26,2019-01,19.3,,LPG,LPG,3.0,782.61,117.39,900.0,,False,True,,
JIM001,00004695,Invoice,2019-01-28,2019-01,19.3,,LPG,LPG,4.0,1217.4,182.61,1400.01,,False,True,,
JIM001,00004719,Invoice,2019-01-31,2019-01,19.3,,LPG,LPG,4.0,1043.48,156.52,1200.0,,False,True,,
JIM001,00004732,Invoice,2019-02-02,2019-02,19.3,DELIVERY #68,LPG,LPG,5.0,1521.75,228.26,1750.01,,False,True,,
JIM001,00004733,Invoice,2019-02-02,2019-02,9.2,SHORT #4732,CYL,CYL,1.0,300.0,45.0,345.0,,True,False,,
JIM001,00004741,Invoice,2019-02-06,2019-02,19.3,DELIVERY #69,LPG,LPG,4.0,1217.4,182.61,1400.01,,False,True,,
JIM001,00004754,Invoice,2019-02-08,2019-02,19.3,,LPG,LPG,4.0,1043.48,156.52,1200.0,,False,True,,
JIM001,00004766,Invoice,2019-02-12,2019-02,19.3,,LPG,LPG,5.0,1304.35,195.65,1500.0,,False,True,,
JIM001,00004767,Invoice,2019-02-12,2019-02,19.3,,LPG,LPG,4.0,1043.48,156.52,1200.0,,False,True,,
JIM001,00004768,Invoice,2019-02-12,2019-02,9.2,SHORT #4767,CYL,CYL,4.0,1200.0,180.0,1380.0,,True,False,,
JIM001,00000639,Crd Note,2019-02-14,2019-02,9.2,SHORT #4767,CYL,CYL,-1.0,-300.0,-45.0,-345.0,,True,False,,
JIM001,00000647,Crd Note,2019-02-14,2019-02,19.3,,LPG,LPG,-5.0,-1304.35,-195.65,-1500.0,,False,True,,
JIM001,00004791,Invoice,2019-02-16,2019-02,14.3,,LPG,LPG,2.0,384.44,57.67,442.11,,False,True,,
JIM001,00004794,Invoice,2019-02-16,2019-02,9.2,SHORT 4792-4791,CYL,CYL,7.0,2100.0,315.0,2415.0,,True,False,,
JIM001,00004792,Invoice,2019-02-17,2019-02,14.3,,LPG,LPG,5.0,961.11,144.17,1105.28,,False,True,,
JIM001,00004807,Invoice,2019-02-19,2019-02,19.3,CASH,LPG,LPG,4.0,1043.48,156.52,1200.0,,False,True,,
JIM001,00000656,Crd Note,2019-02-21,2019-02,9.2,SHORT 4792-4791,CYL,CYL,-8.0,-2400.0,-360.0,-2760.0,,True,False,,
JIM001,00004820,Invoice,2019-02-22,2019-02,19.3,,LPG,LPG,2.0,521.74,78.26,600.0,,False,True,,
JIM001,00000661,Crd Note,2019-02-27,2019-02,9.2,SHORT #4767,CYL,CYL,-2.0,-600.0,-90.0,-690.0,,True,False,,
JIM001,00004839,Invoice,2019-02-27,2019-02,19.3,TRANSF,LPG,LPG,4.0,1043.48,156.52,1200.0,,False,True,,
JIM001,00000671,Crd Note,2019-03-01,2019-03,9.2,SHORT ON #4886,CYL,CYL,-1.0,-300.0,-45.0,-345.0,,True,False,,
JIM001,00004850,Invoice,2019-03-01,2019-03,19.3,,LPG,LPG,2.0,521.74,78.26,600.0,,False,True,,
JIM001,00000662,Crd Note,2019-03-04,2019-03,D.3,28/12/18,LPG,LPG,-2.0,-1478.26,-221.74,-1700.0,,False,True,,
JIM001,00000663,Crd Note,2019-03-04,2019-03,19.3,DUPLICATE ERROR,LPG,LPG,-6.0,-1826.1,-273.91,-2100.01,,False,True,,
JIM001,00000664,Crd Note,2019-03-04,2019-03,9.2,BANGKOK WOK,CYL,CYL,-2.0,-600.0,-90.0,-690.0,,True,False,,
JIM001,00000664,Crd Note,2019-03-04,2019-03,19.3,BANGKOK WOK,LPG,LPG,-2.0,-608.7,-91.31,-700.01,,False,True,,
JIM001,00000665,Crd Note,2019-03-04,2019-03,19.3,31/12/18,LPG,LPG,-1.0,-304.35,-45.65,-350.0,,False,True,,
JIM001,00000666,Crd Note,2019-03-04,2019-03,19.3,31/12/18,LPG,LPG,-2.0,-608.7,-91.31,-700.01,,False,True,,
JIM001,00004866,Invoice,2019-03-04,2019-03,19.3,,LPG,LPG,4.0,1043.48,156.52,1200.0,,False,True,,
JIM001,00004886,Invoice,2019-03-08,2019-03,19.3,,LPG,LPG,3.0,847.83,127.17,975.0,,False,True,,
JIM001,00004902,Invoice,2019-03-08,2019-03,9.2,SHORT ON #4886,CYL,CYL,1.0,300.0,45.0,345.0,,True,False,,
JIM001,00004900,Invoice,2019-03-12,2019-03,19.3,,LPG,LPG,4.0,1130.43,169.56,1299.99,,False,True,,
JIM001,00004920,Invoice,2019-03-15,2019-03,19.3,,LPG,LPG,4.0,1130.44,169.57,1300.01,,False,True,,
JIM001,00004942,Invoice,2019-03-20,2019-03,19.3,,LPG,LPG,5.0,1413.04,211.96,1625.0,,False,True,,
JIM001,00004960,Invoice,2019-03-23,2019-03,19.3,TO PAY,LPG,LPG,3.0,847.83,127.17,975.0,,False,True,,
JIM001,00004961,Invoice,2019-03-23,2019-03,9.2,SHORT #4960,CYL,CYL,3.0,900.0,135.0,1035.0,,True,False,,
JIM001,00004973,Invoice,2019-03-27,2019-03,19.3,,LPG,LPG,4.0,1130.44,169.57,1300.01,,False,True,,
JIM001,00005001,Invoice,2019-03-30,2019-03,19.3,,LPG,LPG,2.0,565.22,84.78,650.0,,False,True,,
JIM001,00005013,Invoice,2019-04-02,2019-04,19.3,,LPG,LPG,5.0,1413.05,211.96,1625.01,,False,True,,
JIM001,00005030,Invoice,2019-04-05,2019-04,19.3,,LPG,LPG,4.0,1252.16,187.82,1439.98,,False,True,,
JIM001,00005047,Invoice,2019-04-10,2019-04,19.3,TRANSF,LPG,LPG,4.0,1252.16,187.82,1439.98,,False,True,,
JIM001,00005063,Invoice,2019-04-13,2019-04,19.3,,LPG,LPG,2.0,626.08,93.91,719.99,,False,True,,
JIM001,00005072,Invoice,2019-04-16,2019-04,19.3,,LPG,LPG,5.0,1565.2,234.78,1799.98,,False,True,,
JIM001,00005083,Invoice,2019-04-18,2019-04,19.3,,LPG,LPG,4.0,1252.16,187.82,1439.98,,False,True,,
JIM001,00005092,Invoice,2019-04-18,2019-04,9.2,SHORT #5083,CYL,CYL,4.0,1200.0,180.0,1380.0,,True,False,,
JIM001,00000697,Crd Note,2019-04-24,2019-04,9.2,SHORT #5083,CYL,CYL,-4.0,-1200.0,-180.0,-1380.0,,True,False,,
JIM001,00000704,Crd Note,2019-04-24,2019-04,9.2,SHORT #4960,CYL,CYL,-4.0,-1200.0,-180.0,-1380.0,,True,False,,
JIM001,00005106,Invoice,2019-04-24,2019-04,19.3,,LPG,LPG,4.0,1252.16,187.82,1439.98,,False,True,,
JIM001,00005112,Invoice,2019-04-25,2019-04,19.3,,LPG,LPG,4.0,1252.16,187.82,1439.98,,False,True,,
JIM001,00005130,Invoice,2019-04-30,2019-04,19.3,,LPG,LPG,6.0,1878.24,281.74,2159.98,,False,True,,
JIM001,00005157,Invoice,2019-05-06,2019-05,19.3,,LPG,LPG,3.0,978.27,146.74,1125.01,,False,True,,
JIM001,00005167,Invoice,2019-05-09,2019-05,19.3,,LPG,LPG,5.0,1630.45,244.57,1875.02,,False,True,,
JIM001,00005193,Invoice,2019-05-15,2019-05,19.3,,LPG,LPG,5.0,1704.85,255.73,1960.58,,False,True,,
JIM001,00005206,Invoice,2019-05-17,2019-05,19.3,,LPG,LPG,2.0,652.18,97.83,750.01,,False,True,,
JIM001,00000721,Crd Note,2019-05-22,2019-05,9.2,4 EMPTIES RETURNED,CYL,CYL,-4.0,-1200.0,-180.0,-1380.0,,True,False,,
JIM001,00005231,Invoice,2019-05-22,2019-05,19.3,,LPG,LPG,4.0,1304.36,195.65,1500.01,,False,True,,
JIM001,00005253,Invoice,2019-05-24,2019-05,19.3,,LPG,LPG,4.0,1304.35,195.65,1500.0,,False,True,,
JIM001,00005297,Invoice,2019-06-01,2019-06,19.3,,LPG,LPG,4.0,1304.35,195.65,1500.0,,False,True,,
JIM001,00005306,Invoice,2019-06-04,2019-06,19.3,,LPG,LPG,4.0,1304.35,195.65,1500.0,,False,True,,
JIM001,00005330,Invoice,2019-06-07,2019-06,19.3,MANUAL #80,LPG,LPG,4.0,1304.35,195.65,1500.0,,False,True,,
JIM001,00005345,Invoice,2019-06-11,2019-06,19.3,,LPG,LPG,4.0,1304.35,195.65,1500.0,,False,True,,
JIM001,00005361,Invoice,2019-06-14,2019-06,19.3,,LPG,LPG,3.0,978.26,146.74,1125.0001,,False,True,,
JIM001,00005374,Invoice,2019-06-18,2019-06,19.3,,LPG,LPG,4.0,1304.35,195.65,1500.0,,False,True,,
JIM001,00005400,Invoice,2019-06-21,2019-06,19.3,MANUAL #,LPG,LPG,4.0,1304.35,195.65,1500.0,,False,True,,
JIM001,00005432,Invoice,2019-06-26,2019-06,19.3,,LPG,LPG,4.0,1304.35,195.65,1500.0,,False,True,,
JIM001,00005451,Invoice,2019-06-28,2019-06,19.3,,LPG,LPG,3.0,978.26,146.74,1125.0001,,False,True,,
JIM001,00005453,Invoice,2019-06-28,2019-06,9.2,SHORT ON INV 5451.,CYL,CYL,3.0,900.0,135.0,1035.0,,True,False,,
JIM001,00005463,Invoice,2019-07-02,2019-07,19.3,,LPG,LPG,5.0,1630.45,244.57,1875.02,,False,True,,
JIM001,00000766,Crd Note,2019-07-04,2019-07,9.2,,CYL,CYL,-3.0,-900.0,-135.0,-1035.0,,True,False,,
JIM001,00005480,Invoice,2019-07-05,2019-07,19.3,,LPG,LPG,4.0,1304.35,195.65,1500.0,,False,True,,
JIM001,00005496,Invoice,2019-07-08,2019-07,19.3,,LPG,LPG,4.0,1304.35,195.65,1500.0,,False,True,,
JIM001,00005515,Invoice,2019-07-12,2019-07,19.3,,LPG,LPG,4.0,1304.35,195.65,1500.0,,False,True,,
JIM001,00005522,Invoice,2019-07-15,2019-07,14.3,,LPG,LPG,2.0,481.74,72.26,554.0,,False,True,,
JIM001,00000773,Crd Note,2019-07-16,2019-07,9.2,EXTRA ON 5525,CYL,CYL,-4.0,-1200.0,-180.0,-1380.0,,True,False,,
JIM001,00005525,Invoice,2019-07-16,2019-07,19.3,,LPG,LPG,5.0,1630.43,244.56,1874.99,,False,True,,
JIM001,00000789,Crd Note,2019-07-19,2019-07,9.2,EXTRA ON INV 5543,CYL,CYL,-2.0,-600.0,-90.0,-690.0,,True,False,,
JIM001,00005543,Invoice,2019-07-19,2019-07,19.3,,LPG,LPG,4.0,1304.35,195.65,1500.0,,False,True,,
JIM001,00005638,Invoice,2019-07-19,2019-07,14.3,,LPG,LPG,2.0,480.0,72.0,552.0,,False,True,,
JIM001,00005561,Invoice,2019-07-23,2019-07,19.3,,LPG,LPG,4.0,1304.35,195.65,1500.0,,False,True,,
JIM001,00005582,Invoice,2019-07-26,2019-07,19.3,,LPG,LPG,3.0,978.26,146.74,1125.0001,,False,True,,
JIM001,00005593,Invoice,2019-07-30,2019-07,19.3,MANUAL #18,LPG,LPG,4.0,1304.35,195.65,1500.0,,False,True,,
JIM001,00005603,Invoice,2019-08-02,2019-08,19.3,,LPG,LPG,4.0,1304.35,195.65,1500.0,,False,True,,
JIM001,00005612,Invoice,2019-08-06,2019-08,19.3,,LPG,LPG,5.0,1630.43,244.56,1874.99,,False,True,,
JIM001,00005624,Invoice,2019-08-08,2019-08,19.3,,LPG,LPG,4.0,1304.35,195.65,1500.0,,False,True,,
JIM001,00005633,Invoice,2019-08-08,2019-08,9.2,SHORT ON INV 5522,CYL,CYL,2.0,600.0,90.0,690.0,,True,False,,
JIM001,00005636,Invoice,2019-08-08,2019-08,9.2,SHORT ON 5515,CYL,CYL,4.0,1200.0,180.0,1380.0,,True,False,,
JIM001,00005643,Invoice,2019-08-08,2019-08,9.2,SHORT ON INV 5624,CYL,CYL,1.0,300.0,45.0,345.0,,True,False,,
JIM001,00000787,Crd Note,2019-08-14,2019-08,9.2,EXTRA ON 5652,CYL,CYL,-1.0,-300.0,-45.0,-345.0,,True,False,,
JIM001,00005652,Invoice,2019-08-14,2019-08,19.3,,LPG,LPG,4.0,1304.35,195.65,1500.0,,False,True,,
JIM001,00005667,Invoice,2019-08-16,2019-08,19.3,,LPG,LPG,4.0,1304.35,195.65,1500.0,,False,True,,
JIM001,00005678,Invoice,2019-08-21,2019-08,19.3,,LPG,LPG,4.0,1304.35,195.65,1500.0,,False,True,,
JIM001,00005688,Invoice,2019-08-23,2019-08,19.3,,LPG,LPG,3.0,978.26,146.74,1125.0001,,False,True,,
JIM001,00005698,Invoice,2019-08-26,2019-08,19.3,MANUAL JD22B0 #29,LPG,LPG,4.0,1304.35,195.65,1500.0,,False,True,,
JIM001,00005710,Invoice,2019-08-29,2019-08,19.3,,LPG,LPG,4.0,1304.35,195.65,1500.0,,False,True,,
JIM001,00005712,Invoice,2019-08-30,2019-08,19.3,,LPG,LPG,1.0,326.09,48.91,375.0,,False,True,,
JIM001,00000788,Crd Note,2019-09-02,2019-09,14.3,ERROR,LPG,LPG,-2.0,-480.0,-72.0,-552.0,,False,True,,
JIM001,00005716,Invoice,2019-09-02,2019-09,19.3,,LPG,LPG,4.0,1304.35,195.65,1500.0,,False,True,,
JIM001,00005742,Invoice,2019-09-05,2019-09,19.3,,LPG,LPG,5.0,1630.43,244.56,1874.99,,False,True,,
JIM001,00005753,Invoice,2019-09-09,2019-09,19.3,,LPG,LPG,5.0,1630.45,244.57,1875.02,,False,True,,
JIM001,00005768,Invoice,2019-09-13,2019-09,19.3,,LPG,LPG,5.0,1630.43,244.56,1874.99,,False,True,,
JIM001,00005779,Invoice,2019-09-17,2019-09,19.3,,LPG,LPG,4.0,1304.35,195.65,1500.0,,False,True,,
JIM001,00005797,Invoice,2019-09-20,2019-09,19.3,,LPG,LPG,4.0,1304.35,195.65,1500.0,,False,True,,
JIM001,00005807,Invoice,2019-09-25,2019-09,19.3,,LPG,LPG,5.0,1630.43,244.56,1874.99,,False,True,,
JIM001,00005821,Invoice,2019-09-30,2019-09,19.3,,LPG,LPG,5.0,1630.43,244.56,1874.99,,False,True,,
JIM001,00005848,Invoice,2019-10-04,2019-10,19.3,,LPG,LPG,5.0,1630.43,244.56,1874.99,,False,True,,
JIM001,00005864,Invoice,2019-10-11,2019-10,19.3,MANUAL #36,LPG,LPG,5.0,1630.43,244.56,1874.99,,False,True,,
JIM001,00005872,Invoice,2019-10-15,2019-10,19.3,MANUAL #43,LPG,LPG,5.0,1630.43,244.56,1874.99,,False,True,,
JIM001,00005883,Invoice,2019-10-18,2019-10,19.3,MANUAL #58,LPG,LPG,4.0,1304.35,195.65,1500.0,,False,True,,
JIM001,00005900,Invoice,2019-10-23,2019-10,19.3,MANUAL #72,LPG,LPG,5.0,1630.43,244.56,1874.99,,False,True,,
JIM001,00005907,Invoice,2019-10-26,2019-10,19.3,,LPG,LPG,2.0,652.17,97.83,750.0,,False,True,,
JIM001,00005924,Invoice,2019-10-30,2019-10,19.3,MANUAL #80,LPG,LPG,3.0,978.26,146.74,1125.0001,,False,True,,
JIM001,00005931,Invoice,2019-11-01,2019-11,19.3,MANUAL #87,LPG,LPG,5.0,1630.43,244.56,1874.99,,False,True,,
JIM001,00005945,Invoice,2019-11-07,2019-11,19.3,MANUAL #89,LPG,LPG,4.0,1304.35,195.65,1500.0,,False,True,,
JIM001,00005949,Invoice,2019-11-08,2019-11,19.3,,LPG,LPG,4.0,1304.35,195.65,1500.0,,False,True,,
JIM001,00005961,Invoice,2019-11-12,2019-11,19.3,,LPG,LPG,4.0,1304.35,195.65,1500.0,,False,True,,
JIM001,00005978,Invoice,2019-11-15,2019-11,19.3,,LPG,LPG,4.0,1304.35,195.65,1500.0,,False,True,,
JIM001,00000824,Crd Note,2019-11-20,2019-11,19.3,,LPG,LPG,-5.0,-1630.43,-244.56,-1874.99,,False,True,,
JIM001,00005990,Invoice,2019-11-20,2019-11,19.3,,LPG,LPG,5.0,1630.43,244.56,1874.99,,False,True,,
JIM001,00005991,Invoice,2019-11-20,2019-11,19.3,,LPG,LPG,5.0,1565.2,234.78,1799.98,,False,True,,
JIM001,00006000,Invoice,2019-11-22,2019-11,19.3,,LPG,LPG,2.0,626.08,93.91,719.99,,False,True,,
JIM001,00006007,Invoice,2019-11-26,2019-11,19.3,,LPG,LPG,4.0,1252.16,187.82,1439.98,,False,True,,
JIM001,00006028,Invoice,2019-11-29,2019-11,19.3,,LPG,LPG,3.0,939.12,140.87,1079.99,,False,True,,
JIM001,00006044,Invoice,2019-12-03,2019-12,19.3,,LPG,LPG,5.0,1565.2,234.78,1799.98,,False,True,,
JIM001,00006057,Invoice,2019-12-06,2019-12,19.3,,LPG,LPG,3.0,939.12,140.87,1079.99,,False,True,,
JIM001,00006068,Invoice,2019-12-09,2019-12,19.3,,LPG,LPG,4.0,1252.16,187.82,1439.98,,False,True,,
JIM001,00006086,Invoice,2019-12-13,2019-12,19.3,,LPG,LPG,5.0,1590.0,238.5,1828.5,,False,True,,
JIM001,00006097,Invoice,2019-12-17,2019-12,19.3,,LPG,LPG,5.0,1590.0,238.5,1828.5,,False,True,,
JIM001,00006114,Invoice,2019-12-20,2019-12,19.3,,LPG,LPG,4.0,1272.0,190.8,1462.8,,False,True,,
JIM001,00006126,Invoice,2019-12-23,2019-12,19.3,,LPG,LPG,6.0,1908.0,286.2,2194.2,,False,True,,
JIM001,00006140,Invoice,2019-12-28,2019-12,19.3,MANUAL #10,LPG,LPG,3.0,954.0,143.1,1097.1,,False,True,,
JIM001,00006145,Invoice,2020-01-01,2020-01,19.3,,LPG,LPG,4.0,1272.0,190.8,1462.8,,False,True,,
JIM001,00006151,Invoice,2020-01-03,2020-01,19.3,D/N 6438 EMPTIES,LPG,LPG,4.0,1286.96,193.04,1480.0,,False,True,,
JIM001,00006158,Invoice,2020-01-06,2020-01,19.3,,LPG,LPG,3.0,965.22,144.78,1110.0,,False,True,,
JIM001,00006165,Invoice,2020-01-09,2020-01,19.3,,LPG,LPG,5.0,1630.45,244.57,1875.02,,False,True,,
JIM001,00006201,Invoice,2020-01-09,2020-01,9.2,SHORT ON #6165,CYL,CYL,1.0,300.0,45.0,345.0,,True,False,,
JIM001,00006179,Invoice,2020-01-14,2020-01,19.3,,LPG,LPG,4.0,1304.36,195.65,1500.01,,False,True,,
JIM001,00006191,Invoice,2020-01-17,2020-01,19.3,,LPG,LPG,4.0,1304.36,195.65,1500.01,,False,True,,
JIM001,00006205,Invoice,2020-01-22,2020-01,19.3,,LPG,LPG,5.0,1630.45,244.57,1875.02,,False,True,,
JIM001,00006209,Invoice,2020-01-24,2020-01,19.3,,LPG,LPG,4.0,1304.36,195.65,1500.01,,False,True,,
JIM001,00006230,Invoice,2020-01-29,2020-01,19.3,,LPG,LPG,4.0,1304.36,195.65,1500.01,,False,True,,
JIM001,00006238,Invoice,2020-01-31,2020-01,19.3,,LPG,LPG,4.0,1304.36,195.65,1500.01,,False,True,,
JIM001,00006248,Invoice,2020-02-04,2020-02,19.3,,LPG,LPG,3.0,978.27,146.74,1125.01,,False,True,,
JIM001,00006260,Invoice,2020-02-07,2020-02,19.3,,LPG,LPG,3.0,978.26,146.74,1125.0001,,False,True,,
JIM001,00006277,Invoice,2020-02-11,2020-02,19.3,,LPG,LPG,5.0,1630.45,244.57,1875.02,,False,True,,
JIM001,00006293,Invoice,2020-02-14,2020-02,19.3,,LPG,LPG,4.0,1304.35,195.65,1500.0,,False,True,,
JIM001,00006306,Invoice,2020-02-18,2020-02,19.3,,LPG,LPG,5.0,1630.43,244.56,1874.99,,False,True,,
JIM001,00006330,Invoice,2020-02-21,2020-02,19.3,,LPG,LPG,3.0,978.26,146.74,1125.0001,,False,True,,
JIM001,00006341,Invoice,2020-02-25,2020-02,19.3,,LPG,LPG,4.0,1304.36,195.65,1500.01,,False,True,,
JIM001,00006354,Invoice,2020-02-28,2020-02,19.3,,LPG,LPG,3.0,978.26,146.74,1125.0001,,False,True,,
JIM001,00006367,Invoice,2020-03-04,2020-03,19.3,,LPG,LPG,5.0,1630.45,244.57,1875.02,,False,True,,
JIM001,00006381,Invoice,2020-03-06,2020-03,19.3,TRANSF,LPG,LPG,2.0,652.18,97.83,750.01,,False,True,,
JIM001,00006394,Invoice,2020-03-10,2020-03,19.3,,LPG,LPG,4.0,1304.35,195.65,1500.0,,False,True,,
JIM001,00006401,Invoice,2020-03-13,2020-03,19.3,,LPG,LPG,4.0,1304.35,195.65,1500.0,,False,True,,
JIM001,00006417,Invoice,2020-03-17,2020-03,19.3,,LPG,LPG,4.0,1304.35,195.65,1500.0,,False,True,,
JIM001,00006428,Invoice,2020-03-20,2020-03,19.3,,LPG,LPG,4.0,1304.35,195.65,1500.0,,False,True,,
JIM001,00006446,Invoice,2020-03-24,2020-03,19.3,,LPG,LPG,4.0,1304.35,195.65,1500.0,,False,True,,
JIM001,00000849,Crd Note,2020-04-01,2020-04,9.2,SHORT ON #6165,CYL,CYL,-1.0,-300.0,-45.0,-345.0,,True,False,,
JIM001,00000850,Crd Note,2020-04-01,2020-04,9.2,SHORT ON INV 5451.,CYL,CYL,-1.0,-300.0,-45.0,-345.0,,True,False,,
JIM001,00007903,Invoice,2021-03-05,2021-03,19.4,,LPG,LPG,3.0,989.58,148.44,1138.02,,False,True,,
JIM001,00007925,Invoice,2021-03-09,2021-03,19.4,,LPG,LPG,4.0,1319.44,197.92,1517.36,,False,True,,
JIM001,00007953,Invoice,2021-03-13,2021-03,19.4,,LPG,LPG,4.0,1319.44,197.92,1517.36,,False,True,,
JIM001,00007984,Invoice,2021-03-18,2021-03,19.4,,LPG,LPG,6.0,1979.16,296.87,2276.03,,False,True,,
JIM001,00008026,Invoice,2021-03-24,2021-03,19.4,,LPG,LPG,4.0,1319.44,197.92,1517.36,,False,True,,
JIM001,00008037,Invoice,2021-03-24,2021-03,9.2,,CYL,CYL,4.0,1200.0,180.0,1380.0,,True,False,,
JIM001,00000974,Crd Note,2021-03-25,2021-03,19.7,,CYL,CYL,-4.0,-1200.0,-180.0,-1380.0,,True,False,,
JIM001,00000990,Crd Note,2021-03-26,2021-03,19.7,,CYL,CYL,-3.0,-900.0,-135.0,-1035.0,,True,False,,
JIM001,00000990,Crd Note,2021-03-26,2021-03,19.6,,CYL,CYL,-1.0,-300.0,-45.0,-345.0,,True,False,,
JIM001,00008059,Invoice,2021-03-26,2021-03,19.7,,CYL,CYL,4.0,1200.0,180.0,1380.0,,True,False,,
JIM001,00008059,Invoice,2021-03-26,2021-03,19.4,,LPG,LPG,4.0,1319.44,197.92,1517.36,,False,True,,
JIM001,00008090,Invoice,2021-03-30,2021-03,19.4,,LPG,LPG,8.0,2638.88,395.83,3034.71,,False,True,,
JIM001,00008090,Invoice,2021-03-30,2021-03,19.6,,CYL,CYL,8.0,2400.0,360.0,2760.0,,True,False,,
JIM001,00001018,Crd Note,2021-03-31,2021-03,9.7,,CYL,CYL,-4.0,-1200.0,-180.0,-1380.0,,True,False,,
JIM001,00001043,Crd Note,2021-04-06,2021-04,19.1,,CYL,CYL,-5.0,-1500.0,-225.0,-1725.0,,True,False,,
JIM001,00008128,Invoice,2021-04-06,2021-04,19.4,,LPG,LPG,1.0,329.86,49.48,379.34,,False,True,,
JIM001,00001057,Crd Note,2021-04-07,2021-04,19.1,,CYL,CYL,-4.0,-1200.0,-180.0,-1380.0,,True,False,,
JIM001,00008137,Invoice,2021-04-07,2021-04,19.1,,CYL,CYL,5.0,1500.0,225.0,1725.0,,True,False,,
JIM001,00008137,Invoice,2021-04-07,2021-04,19.4,,LPG,LPG,5.0,1649.3,247.4,1896.7,,False,True,,
JIM001,00008147,Invoice,2021-04-07,2021-04,19.4,,LPG,LPG,4.0,1319.44,197.92,1517.36,,False,True,,
JIM001,00008147,Invoice,2021-04-07,2021-04,19.1,,CYL,CYL,4.0,0.0,0.0,0.0,,True,False,,
JIM001,00008225,Invoice,2021-04-17,2021-04,19.3,,LPG,LPG,4.0,1406.92,211.04,1617.96,,False,True,,
JIM001,00008225,Invoice,2021-04-17,2021-04,19.1,,CYL,CYL,4.0,0.0,0.0,0.0,,True,False,,
JIM001,00001129,Crd Note,2021-04-20,2021-04,19.1,,CYL,CYL,-3.0,0.0,0.0,0.0,,True,False,,
JIM001,00008249,Invoice,2021-04-20,2021-04,19.3,,LPG,LPG,3.0,1055.19,158.28,1213.47,,False,True,,
JIM001,00008249,Invoice,2021-04-20,2021-04,19.1,,CYL,CYL,3.0,0.0,0.0,0.0,,True,False,,
JIM001,00001157,Crd Note,2021-04-23,2021-04,19.1,,CYL,CYL,-2.0,0.0,0.0,0.0,,True,False,,
JIM001,00008276,Invoice,2021-04-23,2021-04,19.1,,CYL,CYL,3.0,0.0,0.0,0.0,,True,False,,
JIM001,00008276,Invoice,2021-04-23,2021-04,19.3,,LPG,LPG,3.0,1055.19,158.28,1213.47,,False,True,,
JIM001,00001195,Crd Note,2021-04-29,2021-04,19.1,,CYL,CYL,-6.0,0.0,0.0,0.0,,True,False,,
JIM001,00008321,Invoice,2021-04-29,2021-04,19.1,,CYL,CYL,5.0,0.0,0.0,0.0,,True,False,,
JIM001,00008321,Invoice,2021-04-29,2021-04,19.3,,LPG,LPG,5.0,1676.05,251.41,1927.46,,False,True,,
JIM001,00001236,Crd Note,2021-05-04,2021-05,19.1,,CYL,CYL,-6.0,0.0,0.0,0.0,,True,False,,
JIM001,00008368,Invoice,2021-05-04,2021-05,19.1,,CYL,CYL,7.0,0.0,0.0,0.0,,True,False,,
JIM001,00008368,Invoice,2021-05-04,2021-05,19.4,,LPG,LPG,7.0,2173.01,325.95,2498.96,,False,True,,
JIM001,00008399,Invoice,2021-05-07,2021-05,19.1,,CYL,CYL,4.0,0.0,0.0,0.0,,True,False,,
JIM001,00008399,Invoice,2021-05-07,2021-05,19.3,,LPG,LPG,4.0,1252.68,187.9,1440.58,,False,True,,
JIM001,00001279,Crd Note,2021-05-08,2021-05,19.1,,CYL,CYL,-1.0,0.0,0.0,0.0,,True,False,,
JIM001,00008441,Invoice,2021-05-12,2021-05,19.3,,LPG,LPG,3.0,939.51,140.93,1080.44,,False,True,,
JIM001,00008441,Invoice,2021-05-12,2021-05,19.1,,CYL,CYL,3.0,0.0,0.0,0.0,,True,False,,
JIM001,00001316,Crd Note,2021-05-13,2021-05,19.1,,CYL,CYL,-3.0,-900.0,-135.0,-1035.0,,True,False,,
JIM001,00001317,Crd Note,2021-05-13,2021-05,19.1,,CYL,CYL,-1.0,-300.0,-45.0,-345.0,,True,False,,
JIM001,00001318,Crd Note,2021-05-13,2021-05,19.1,,CYL,CYL,-3.0,0.0,0.0,0.0,,True,False,,
JIM001,00008460,Invoice,2021-05-14,2021-05,19.3,,LPG,LPG,2.0,626.34,93.95,720.29,,False,True,,
JIM001,00008460,Invoice,2021-05-14,2021-05,19.1,,CYL,CYL,2.0,0.0,0.0,0.0,,True,False,,
JIM001,00001352,Crd Note,2021-05-17,2021-05,19.1,,CYL,CYL,-7.0,0.0,0.0,0.0,,True,False,,
JIM001,00008475,Invoice,2021-05-17,2021-05,19.1,,CYL,CYL,5.0,0.0,0.0,0.0,,True,False,,
JIM001,00008475,Invoice,2021-05-17,2021-05,19.3,,LPG,LPG,5.0,1565.85,234.88,1800.73,,False,True,,
JIM001,00001382,Crd Note,2021-05-20,2021-05,19.1,,CYL,CYL,-2.0,0.0,0.0,0.0,,True,False,,
JIM001,00008510,Invoice,2021-05-20,2021-05,19.1,,CYL,CYL,3.0,0.0,0.0,0.0,,True,False,,
JIM001,00008510,Invoice,2021-05-20,2021-05,19.4,,LPG,LPG,3.0,939.51,140.93,1080.44,,False,True,,
JIM001,00001424,Crd Note,2021-05-24,2021-05,19.1,,CYL,CYL,-3.0,0.0,0.0,0.0,,True,False,,
JIM001,00001424,Crd Note,2021-05-24,2021-05,19.1,,CYL,CYL,-1.0,0.0,0.0,0.0,,True,False,,
JIM001,00008554,Invoice,2021-05-24,2021-05,19.3,,LPG,LPG,3.0,939.51,140.93,1080.44,,False,True,,
JIM001,00008554,Invoice,2021-05-24,2021-05,19.1,,CYL,CYL,3.0,0.0,0.0,0.0,,True,False,,
JIM001,00001478,Crd Note,2021-05-28,2021-05,19.1,,CYL,CYL,-5.0,0.0,0.0,0.0,,True,False,,
JIM001,00008607,Invoice,2021-05-28,2021-05,19.1,,CYL,CYL,4.0,0.0,0.0,0.0,,True,False,,
JIM001,00008607,Invoice,2021-05-28,2021-05,19.4,,LPG,LPG,4.0,1252.68,187.9,1440.58,,False,True,,
JIM001,00001497,Crd Note,2021-05-31,2021-05,19.1,,CYL,CYL,-2.0,0.0,0.0,0.0,,True,False,,
JIM001,00008629,Invoice,2021-05-31,2021-05,19.3,,LPG,LPG,3.0,939.51,140.93,1080.44,,False,True,,
JIM001,00008629,Invoice,2021-05-31,2021-05,19.1,,CYL,CYL,3.0,0.0,0.0,0.0,,True,False,,
JIM001,00001557,Crd Note,2021-06-04,2021-06,19.1,,CYL,CYL,-5.0,0.0,0.0,0.0,,True,False,,
JIM001,00008692,Invoice,2021-06-04,2021-06,19.3,,LPG,LPG,5.0,1565.85,234.88,1800.73,,False,True,,
JIM001,00008692,Invoice,2021-06-04,2021-06,19.1,,CYL,CYL,5.0,0.0,0.0,0.0,,True,False,,
JIM001,00001588,Crd Note,2021-06-07,2021-06,19.1,,CYL,CYL,-3.0,0.0,0.0,0.0,,True,False,,
JIM001,00008730,Invoice,2021-06-07,2021-06,19.3,,LPG,LPG,3.0,939.51,140.93,1080.44,,False,True,,
JIM001,00008730,Invoice,2021-06-07,2021-06,19.1,,CYL,CYL,3.0,0.0,0.0,0.0,,True,False,,
JIM001,00001645,Crd Note,2021-06-10,2021-06,19.1,,CYL,CYL,-5.0,0.0,0.0,0.0,,True,False,,
JIM001,00001645,Crd Note,2021-06-10,2021-06,9.1,,CYL,CYL,-1.0,0.0,0.0,0.0,,True,False,,
JIM001,00008805,Invoice,2021-06-10,2021-06,9.1,,CYL,CYL,1.0,0.0,0.0,0.0,,True,False,,
JIM001,00008805,Invoice,2021-06-10,2021-06,9.3,,LPG,LPG,1.0,147.83,22.17,170.0,,False,True,,
JIM001,00008805,Invoice,2021-06-10,2021-06,19.3,,LPG,LPG,5.0,1565.2,234.78,1799.98,,False,True,,
JIM001,00008805,Invoice,2021-06-10,2021-06,19.1,,CYL,CYL,5.0,0.0,0.0,0.0,,True,False,,
JIM001,00008809,Invoice,2021-06-10,2021-06,9.3,,LPG,LPG,1.0,147.83,22.17,170.0,,False,True,,
JIM001,00008809,Invoice,2021-06-10,2021-06,9.1,,CYL,CYL,1.0,0.0,0.0,0.0,,True,False,,
JIM001,00001695,Crd Note,2021-06-15,2021-06,19.1,,CYL,CYL,-4.0,0.0,0.0,0.0,,True,False,,
JIM001,00008864,Invoice,2021-06-15,2021-06,19.3,,LPG,LPG,4.0,1171.4,175.71,1347.11,,False,True,,
JIM001,00008864,Invoice,2021-06-15,2021-06,19.1,,CYL,CYL,4.0,0.0,0.0,0.0,,True,False,,
JIM001,00001722,Crd Note,2021-06-18,2021-06,19.1,,CYL,CYL,-4.0,0.0,0.0,0.0,,True,False,,
JIM001,00008897,Invoice,2021-06-18,2021-06,19.1,,CYL,CYL,5.0,0.0,0.0,0.0,,True,False,,
JIM001,00008897,Invoice,2021-06-18,2021-06,19.3,,LPG,LPG,5.0,1464.25,219.64,1683.89,,False,True,,
JIM001,00001767,Crd Note,2021-06-23,2021-06,19.1,,CYL,CYL,-5.0,0.0,0.0,0.0,,True,False,,
JIM001,00008953,Invoice,2021-06-23,2021-06,19.1,,CYL,CYL,5.0,0.0,0.0,0.0,,True,False,,
JIM001,00008953,Invoice,2021-06-23,2021-06,19.3,,LPG,LPG,5.0,1565.2,234.78,1799.98,,False,True,,
JIM001,00001789,Crd Note,2021-06-24,2021-06,19.1,,CYL,CYL,-1.0,0.0,0.0,0.0,,True,False,,
JIM001,00008972,Invoice,2021-06-24,2021-06,19.1,,CYL,CYL,4.0,0.0,0.0,0.0,,True,False,,
JIM001,00008972,Invoice,2021-06-24,2021-06,19.3,,LPG,LPG,4.0,1252.16,187.82,1439.98,,False,True,,
JIM001,00009069,Invoice,2021-07-01,2021-07,19.1,,CYL,CYL,3.0,0.0,0.0,0.0,,True,False,,
JIM001,00009069,Invoice,2021-07-01,2021-07,19.3,,LPG,LPG,3.0,939.12,140.87,1079.99,,False,True,,
JIM001,00001874,Crd Note,2021-07-02,2021-07,19.1,,CYL,CYL,-5.0,0.0,0.0,0.0,,True,False,,
JIM001,00001933,Crd Note,2021-07-06,2021-07,19.1,,CYL,CYL,-3.0,0.0,0.0,0.0,,True,False,,
JIM001,00009139,Invoice,2021-07-06,2021-07,19.1,,CYL,CYL,3.0,0.0,0.0,0.0,,True,False,,
JIM001,00009139,Invoice,2021-07-06,2021-07,19.3,,LPG,LPG,3.0,939.12,140.87,1079.99,,False,True,,
JIM001,00001963,Crd Note,2021-07-08,2021-07,19.1,,CYL,CYL,-4.0,0.0,0.0,0.0,,True,False,,
JIM001,00009169,Invoice,2021-07-08,2021-07,19.1,,CYL,CYL,4.0,0.0,0.0,0.0,,True,False,,
JIM001,00009169,Invoice,2021-07-08,2021-07,19.3,,LPG,LPG,4.0,1269.56,190.43,1459.99,,False,True,,
JIM001,00009306,Invoice,2021-07-19,2021-07,19.1,,CYL,CYL,3.0,0.0,0.0,0.0,,True,False,,
JIM001,00009306,Invoice,2021-07-19,2021-07,19.3,,LPG,LPG,3.0,952.17,142.83,1095.0,,False,True,,
JIM001,00009350,Invoice,2021-07-22,2021-07,19.3,,LPG,LPG,3.0,939.12,140.87,1079.99,,False,True,,
JIM001,00009350,Invoice,2021-07-22,2021-07,19.1,,CYL,CYL,3.0,0.0,0.0,0.0,,True,False,,
JIM001,00009452,Invoice,2021-07-26,2021-07,19.1,,CYL,CYL,5.0,0.0,0.0,0.0,,True,False,,
JIM001,00009452,Invoice,2021-07-26,2021-07,19.3,,LPG,LPG,5.0,1586.95,238.04,1824.99,,False,True,,
JIM001,00009517,Invoice,2021-07-30,2021-07,19.1,,CYL,CYL,4.0,0.0,0.0,0.0,,True,False,,
JIM001,00009517,Invoice,2021-07-30,2021-07,19.3,,LPG,LPG,4.0,1269.56,190.43,1459.99,,False,True,,
JIM001,00009561,Invoice,2021-08-02,2021-08,19.1,,CYL,CYL,3.0,0.0,0.0,0.0,,True,False,,
JIM001,00009561,Invoice,2021-08-02,2021-08,19.3,,LPG,LPG,3.0,952.17,142.83,1095.0,,False,True,,
JIM001,00002101,Crd Note,2021-08-03,2021-08,19.1,,CYL,CYL,-3.0,0.0,0.0,0.0,,True,False,,
JIM001,00002124,Crd Note,2021-08-05,2021-08,19.1,,CYL,CYL,-6.0,0.0,0.0,0.0,,True,False,,
JIM001,00009619,Invoice,2021-08-05,2021-08,19.3,,LPG,LPG,3.0,1048.71,157.31,1206.02,,False,True,,
JIM001,00009619,Invoice,2021-08-05,2021-08,19.1,,CYL,CYL,3.0,0.0,0.0,0.0,,True,False,,
JIM001,00009692,Invoice,2021-08-11,2021-08,9.1,,CYL,CYL,1.0,0.0,0.0,0.0,,True,False,,
JIM001,00009692,Invoice,2021-08-11,2021-08,19.1,,CYL,CYL,4.0,0.0,0.0,0.0,,True,False,,
JIM001,00009692,Invoice,2021-08-11,2021-08,19.3,,LPG,LPG,4.0,1391.32,208.7,1600.02,,False,True,,
JIM001,00009692,Invoice,2021-08-11,2021-08,9.3,,LPG,LPG,1.0,165.22,24.78,190.0,,False,True,,
JIM001,00009756,Invoice,2021-08-13,2021-08,19.1,,CYL,CYL,3.0,0.0,0.0,0.0,,True,False,,
JIM001,00009756,Invoice,2021-08-13,2021-08,19.3,,LPG,LPG,3.0,768.78,115.32,884.1,,False,True,,
JIM001,00002191,Crd Note,2021-08-14,2021-08,9.1,,CYL,CYL,-1.0,0.0,0.0,0.0,,True,False,,
JIM001,00002191,Crd Note,2021-08-14,2021-08,19.1,,CYL,CYL,-9.0,0.0,0.0,0.0,,True,False,,
JIM001,00009760,Invoice,2021-08-14,2021-08,14.3,,LPG,LPG,3.0,768.78,115.32,884.1,,False,True,,
JIM001,00009760,Invoice,2021-08-14,2021-08,14.1,,CYL,CYL,3.0,0.0,0.0,0.0,,True,False,,
JIM001,00002205,Crd Note,2021-08-17,2021-08,19.1,,CYL,CYL,-2.0,0.0,0.0,0.0,,True,False,,
JIM001,00002205,Crd Note,2021-08-17,2021-08,14.1,,CYL,CYL,-2.0,0.0,0.0,0.0,,True,False,,
JIM001,00009789,Invoice,2021-08-17,2021-08,19.1,,CYL,CYL,4.0,0.0,0.0,0.0,,True,False,,
JIM001,00009789,Invoice,2021-08-17,2021-08,19.3,,LPG,LPG,4.0,1391.32,208.7,1600.02,,False,True,,
JIM001,00009841,Invoice,2021-08-19,2021-08,19.3,,LPG,LPG,4.0,1391.32,208.7,1600.02,,False,True,,
JIM001,00009841,Invoice,2021-08-19,2021-08,19.1,,CYL,CYL,4.0,0.0,0.0,0.0,,True,False,,
JIM001,00002239,Crd Note,2021-08-20,2021-08,14.1,,CYL,CYL,-2.0,0.0,0.0,0.0,,True,False,,
JIM001,00002239,Crd Note,2021-08-20,2021-08,19.1,,CYL,CYL,-2.0,0.0,0.0,0.0,,True,False,,
JIM001,00002263,Crd Note,2021-08-23,2021-08,19.1,,CYL,CYL,-2.0,0.0,0.0,0.0,,True,False,,
JIM001,00002263,Crd Note,2021-08-23,2021-08,14.1,,CYL,CYL,-2.0,0.0,0.0,0.0,,True,False,,
JIM001,00009891,Invoice,2021-08-23,2021-08,19.1,,CYL,CYL,3.0,0.0,0.0,0.0,,True,False,,
JIM001,00009891,Invoice,2021-08-23,2021-08,19.3,,LPG,LPG,3.0,1043.49,156.52,1200.01,,False,True,,
JIM001,00002280,Crd Note,2021-08-26,2021-08,19.1,,CYL,CYL,-3.0,0.0,0.0,0.0,,True,False,,
JIM001,00002280,Crd Note,2021-08-26,2021-08,19.3,,LPG,LPG,-3.0,-1043.49,-156.52,-1200.01,,False,True,,
JIM001,00002282,Crd Note,2021-08-26,2021-08,19.3,,LPG,LPG,-3.0,-1043.49,-156.52,-1200.01,,False,True,,
JIM001,00002282,Crd Note,2021-08-26,2021-08,19.1,,CYL,CYL,-3.0,0.0,0.0,0.0,,True,False,,
JIM001,00002285,Crd Note,2021-08-26,2021-08,19.1,,CYL,CYL,-2.0,0.0,0.0,0.0,,True,False,,
JIM001,00009933,Invoice,2021-08-26,2021-08,19.1,,CYL,CYL,3.0,0.0,0.0,0.0,,True,False,,
JIM001,00009933,Invoice,2021-08-26,2021-08,19.3,,LPG,LPG,3.0,1043.49,156.52,1200.01,,False,True,,
JIM001,00009935,Invoice,2021-08-26,2021-08,19.1,,CYL,CYL,3.0,0.0,0.0,0.0,,True,False,,
JIM001,00009935,Invoice,2021-08-26,2021-08,19.3,,LPG,LPG,3.0,1043.49,156.52,1200.01,,False,True,,
JIM001,00009937,Invoice,2021-08-26,2021-08,19.1,,CYL,CYL,4.0,0.0,0.0,0.0,,True,False,,
JIM001,00009937,Invoice,2021-08-26,2021-08,19.3,,LPG,LPG,4.0,1391.32,208.7,1600.02,,False,True,,
JIM001,00002308,Crd Note,2021-08-30,2021-08,19.3,,LPG,LPG,-3.0,0.0,0.0,0.0,,False,True,,
JIM001,00002308,Crd Note,2021-08-30,2021-08,19.1,,CYL,CYL,-3.0,0.0,0.0,0.0,,True,False,,
JIM001,00009979,Invoice,2021-08-30,2021-08,19.3,,LPG,LPG,3.0,1002.78,150.42,1153.2,,False,True,,
JIM001,00009979,Invoice,2021-08-30,2021-08,19.3,,LPG,LPG,3.0,0.0,0.0,0.0,,False,True,,
JIM001,00002348,Crd Note,2021-09-03,2021-09,19.1,,CYL,CYL,-4.0,0.0,0.0,0.0,,True,False,,
JIM001,00010042,Invoice,2021-09-03,2021-09,19.1,,CYL,CYL,4.0,0.0,0.0,0.0,,True,False,,
JIM001,00010042,Invoice,2021-09-03,2021-09,19.3,,LPG,LPG,4.0,1391.0,208.65,1599.65,,False,True,,
JIM001,00010103,Invoice,2021-09-07,2021-09,19.3,,LPG,LPG,4.0,1391.0,208.65,1599.65,,False,True,,
JIM001,00010103,Invoice,2021-09-07,2021-09,19.1,,CYL,CYL,4.0,0.0,0.0,0.0,,True,False,,
JIM001,00002389,Crd Note,2021-09-08,2021-09,19.3,,LPG,LPG,-1.0,-347.75,-52.16,-399.91,,False,True,,
JIM001,00002389,Crd Note,2021-09-08,2021-09,19.1,,CYL,CYL,-3.0,0.0,0.0,0.0,,True,False,,
JIM001,00010149,Invoice,2021-09-10,2021-09,19.1,,CYL,CYL,4.0,0.0,0.0,0.0,,True,False,,
JIM001,00010149,Invoice,2021-09-10,2021-09,19.3,,LPG,LPG,4.0,1391.0,208.65,1599.65,,False,True,,
JIM001,00002409,Crd Note,2021-09-11,2021-09,19.1,,CYL,CYL,-3.0,0.0,0.0,0.0,,True,False,,
JIM001,00010213,Invoice,2021-09-16,2021-09,19.3,,LPG,LPG,4.0,1391.0,208.65,1599.65,,False,True,,
JIM001,00010213,Invoice,2021-09-16,2021-09,19.1,,CYL,CYL,4.0,0.0,0.0,0.0,,True,False,,
JIM001,00002437,Crd Note,2021-09-17,2021-09,19.1,,CYL,CYL,-5.0,0.0,0.0,0.0,,True,False,,
JIM001,00002468,Crd Note,2021-09-21,2021-09,19.1,,CYL,CYL,-8.0,0.0,0.0,0.0,,True,False,,
JIM001,00002473,Crd Note,2021-09-21,2021-09,19.3,,LPG,LPG,-4.0,-1391.0,-208.65,-1599.65,,False,True,,
JIM001,00002473,Crd Note,2021-09-21,2021-09,19.1,,CYL,CYL,-4.0,0.0,0.0,0.0,,True,False,,
JIM001,00010265,Invoice,2021-09-21,2021-09,19.3,,LPG,LPG,4.0,1391.0,208.65,1599.65,,False,True,,
JIM001,00010265,Invoice,2021-09-21,2021-09,19.1,,CYL,CYL,4.0,0.0,0.0,0.0,,True,False,,
JIM001,00010268,Invoice,2021-09-21,2021-09,14.1,,CYL,CYL,7.0,0.0,0.0,0.0,,True,False,,
JIM001,00010268,Invoice,2021-09-21,2021-09,14.3,,LPG,LPG,7.0,1793.68,269.05,2062.73,,False,True,,
JIM001,00002484,Crd Note,2021-09-22,2021-09,14.1,,CYL,CYL,-1.0,0.0,0.0,0.0,,True,False,,
JIM001,00010299,Invoice,2021-09-22,2021-09,19.1,,CYL,CYL,5.0,0.0,0.0,0.0,,True,False,,
JIM001,00010299,Invoice,2021-09-22,2021-09,19.3,,LPG,LPG,5.0,1738.75,260.81,1999.56,,False,True,,
JIM001,00002528,Crd Note,2021-09-27,2021-09,14.1,,CYL,CYL,-3.0,0.0,0.0,0.0,,True,False,,
JIM001,00002528,Crd Note,2021-09-27,2021-09,19.1,,CYL,CYL,-3.0,0.0,0.0,0.0,,True,False,,
JIM001,00010363,Invoice,2021-09-27,2021-09,19.1,,CYL,CYL,3.0,0.0,0.0,0.0,,True,False,,
JIM001,00010363,Invoice,2021-09-27,2021-09,19.3,,LPG,LPG,3.0,1043.25,156.49,1199.74,,False,True,,
JIM001,00010409,Invoice,2021-09-30,2021-09,19.3,,LPG,LPG,5.0,1738.75,260.81,1999.56,,False,True,,
JIM001,00010410,Invoice,2021-09-30,2021-09,19.1,,CYL,CYL,5.0,1500.0,225.0,1725.0,,True,False,,
JIM001,00002551,Crd Note,2021-10-01,2021-10,19.1,,CYL,CYL,-1.0,-300.0,-45.0,-345.0,,True,False,,
JIM001,00002551,Crd Note,2021-10-01,2021-10,14.1,,CYL,CYL,-2.0,-600.0,-90.0,-690.0,,True,False,,
JIM001,00002614,Crd Note,2021-10-07,2021-10,19.1,,CYL,CYL,-7.0,0.0,0.0,0.0,,True,False,,
JIM001,00002615,Crd Note,2021-10-07,2021-10,14.1,,CYL,CYL,-1.0,-300.0,-45.0,-345.0,,True,False,,
JIM001,00010581,Invoice,2021-10-07,2021-10,14.3,,LPG,LPG,7.0,1793.68,269.05,2062.73,,False,True,,
JIM001,00010581,Invoice,2021-10-07,2021-10,14.1,,CYL,CYL,7.0,0.0,0.0,0.0,,True,False,,
JIM001,00010616,Invoice,2021-10-09,2021-10,19.3,,LPG,LPG,4.0,1391.0,208.65,1599.65,,False,True,,
JIM001,00010617,Invoice,2021-10-09,2021-10,19.1,,CYL,CYL,4.0,1200.0,180.0,1380.0,,True,False,,
JIM001,00002635,Crd Note,2021-10-11,2021-10,19.3,,LPG,LPG,-4.0,-1391.0,-208.65,-1599.65,,False,True,,
JIM001,00002636,Crd Note,2021-10-11,2021-10,19.1,,CYL,CYL,-4.0,-1200.0,-180.0,-1380.0,,True,False,,
JIM001,00010672,Invoice,2021-10-12,2021-10,19.3,,LPG,LPG,5.0,1799.05,269.86,2068.91,,False,True,,
JIM001,00010673,Invoice,2021-10-12,2021-10,19.1,,CYL,CYL,5.0,1500.0,225.0,1725.0,,True,False,,
JIM001,00002664,Crd Note,2021-10-13,2021-10,19.1,,CYL,CYL,-1.0,-300.0,-45.0,-345.0,,True,False,,
JIM001,00002665,Crd Note,2021-10-13,2021-10,14.1,,CYL,CYL,-3.0,-900.0,-135.0,-1035.0,,True,False,,
JIM001,00002665,Crd Note,2021-10-13,2021-10,19.1,,CYL,CYL,-2.0,-600.0,-90.0,-690.0,,True,False,,
JIM001,00002882,Crd Note,2021-10-15,2021-10,19.1,,CYL,CYL,-4.0,-1200.0,-180.0,-1380.0,,True,False,,
JIM001,00010704,Invoice,2021-10-15,2021-10,19.3,,LPG,LPG,4.0,1391.0,208.65,1599.65,,False,True,,
JIM001,00010705,Invoice,2021-10-15,2021-10,19.1,,CYL,CYL,4.0,1200.0,180.0,1380.0,,True,False,,
JIM001,00010737,Invoice,2021-10-18,2021-10,19.3,,LPG,LPG,4.0,1391.0,208.65,1599.65,,False,True,,
JIM001,00002713,Crd Note,2021-10-22,2021-10,19.3,,LPG,LPG,-3.0,-1043.25,-156.49,-1199.74,,False,True,,
JIM001,00010838,Invoice,2021-10-22,2021-10,19.3,,LPG,LPG,4.0,1391.0,208.65,1599.65,,False,True,,
JIM001,00010839,Invoice,2021-10-22,2021-10,19.1,,CYL,CYL,4.0,1200.0,180.0,1380.0,,True,False,,
JIM001,00011230,Invoice,2021-10-22,2021-10,19.3,INV10838 CANCEL,LPG,LPG,4.0,1391.0,208.65,1599.65,,False,True,,
JIM001,00010901,Invoice,2021-10-26,2021-10,19.3,,LPG,LPG,5.0,1738.75,260.81,1999.56,,False,True,,
JIM001,00010979,Invoice,2021-10-29,2021-10,19.3,,LPG,LPG,5.0,1738.75,260.81,1999.56,,False,True,,
JIM001,00011039,Invoice,2021-11-02,2021-11,19.3,,LPG,LPG,5.0,1738.75,260.81,1999.56,,False,True,,
JIM001,00011062,Invoice,2021-11-04,2021-11,19.1,11039 INV,CYL,CYL,5.0,1500.0,225.0,1725.0,,True,False,,
JIM001,00011088,Invoice,2021-11-05,2021-11,19.3,,LPG,LPG,3.0,1204.83,180.72,1385.55,,False,True,,
JIM001,00011089,Invoice,2021-11-05,2021-11,19.1,,CYL,CYL,3.0,900.0,135.0,1035.0,,True,False,,
JIM001,00002827,Crd Note,2021-11-06,2021-11,19.3,,LPG,LPG,-3.0,-1204.83,-180.72,-1385.55,,False,True,,
JIM001,00002828,Crd Note,2021-11-06,2021-11,19.1,,CYL,CYL,-3.0,-900.0,-135.0,-1035.0,,True,False,,
JIM001,00011175,Invoice,2021-11-10,2021-11,19.3,,LPG,LPG,3.0,1204.83,180.72,1385.55,,False,True,,
JIM001,00002880,Crd Note,2021-11-13,2021-11,19.1,11039 INV,CYL,CYL,-5.0,-1500.0,-225.0,-1725.0,,True,False,,
JIM001,00002881,Crd Note,2021-11-13,2021-11,19.1,,CYL,CYL,-4.0,-1200.0,-180.0,-1380.0,,True,False,,
JIM001,00011218,Invoice,2021-11-13,2021-11,19.3,,LPG,LPG,4.0,1606.44,240.97,1847.41,,False,True,,
JIM001,00002892,Crd Note,2021-11-15,2021-11,19.3,,LPG,LPG,-1.0,-347.75,-52.16,-399.91,,False,True,,
JIM001,00002908,Crd Note,2021-11-18,2021-11,19.1,,CYL,CYL,-5.0,-1500.0,-225.0,-1725.0,,True,False,,
JIM001,00011278,Invoice,2021-11-18,2021-11,19.3,,LPG,LPG,5.0,2008.05,301.21,2309.26,,False,True,,
JIM001,00011279,Invoice,2021-11-18,2021-11,19.1,,CYL,CYL,5.0,1500.0,225.0,1725.0,,True,False,,
JIM001,00002924,Crd Note,2021-11-22,2021-11,19.1,,CYL,CYL,-4.0,-1200.0,-180.0,-1380.0,,True,False,,
JIM001,00011332,Invoice,2021-11-22,2021-11,19.3,,LPG,LPG,5.0,2008.05,301.21,2309.26,,False,True,,
JIM001,00011333,Invoice,2021-11-22,2021-11,19.1,,CYL,CYL,5.0,1500.0,225.0,1725.0,,True,False,,
JIM001,00011442,Invoice,2021-11-26,2021-11,19.3,,LPG,LPG,5.0,2008.05,301.21,2309.26,,False,True,,
JIM001,00002972,Crd Note,2021-11-29,2021-11,19.1,,CYL,CYL,-1.0,-300.0,-45.0,-345.0,,True,False,,
JIM001,00011497,Invoice,2021-11-30,2021-11,19.3,,LPG,LPG,10.0,4016.1,602.42,4618.52,,False,True,,
JIM001,00011643,Invoice,2021-12-11,2021-12,19.3,,LPG,LPG,5.0,2028.05,304.21,2332.26,,False,True,,
JIM001,00011686,Invoice,2021-12-15,2021-12,19.3,,LPG,LPG,5.0,2028.05,304.21,2332.26,,False,True,,
JIM001,00011774,Invoice,2021-12-22,2021-12,19.4,,LPG,LPG,3.0,1230.21,184.53,1414.74,,False,True,,
JIM001,00011780,Invoice,2021-12-23,2021-12,19.4,,LPG,LPG,5.0,2050.35,307.55,2357.9,,False,True,,
JIM001,00011818,Invoice,2021-12-28,2021-12,19.3,,LPG,LPG,5.0,2153.6,323.04,2476.64,,False,True,,
JIM001,00011819,Invoice,2021-12-28,2021-12,19.3,SHIREL LENT 27/12/21,LPG,LPG,3.0,1292.16,193.82,1485.98,,False,True,,
JIM001,00011859,Invoice,2022-01-03,2022-01,19.3,,LPG,LPG,5.0,2153.55,323.03,2476.58,,False,True,,
JIM001,00011938,Invoice,2022-01-11,2022-01,19.3,DN#12889-EMPTY,LPG,LPG,4.0,1673.04,250.96,1924.0,,False,True,,
JIM001,00011970,Invoice,2022-01-14,2022-01,19.4,,LPG,LPG,4.0,1673.04,250.96,1924.0,,False,True,,
JIM001,00011995,Invoice,2022-01-17,2022-01,19.3,,LPG,LPG,3.0,1254.78,188.22,1443.0,,False,True,,
JIM001,00012042,Invoice,2022-01-20,2022-01,19.1,,CYL,CYL,5.0,0.0,0.0,0.0,,True,False,,
JIM001,00012042,Invoice,2022-01-20,2022-01,19.3,,LPG,LPG,5.0,2091.3,313.7,2405.0,,False,True,,
JIM001,00012073,Invoice,2022-01-26,2022-01,19.1,,CYL,CYL,5.0,0.0,0.0,0.0,,True,False,,
JIM001,00012073,Invoice,2022-01-26,2022-01,19.3,,LPG,LPG,5.0,2091.3,313.7,2405.0,,False,True,,
JIM001,00003156,Crd Note,2022-01-27,2022-01,19.1,,CYL,CYL,-5.0,0.0,0.0,0.0,,True,False,,
JIM001,00012088,Invoice,2022-01-28,2022-01,19.3,,LPG,LPG,5.0,2091.3,313.7,2405.0,,False,True,,
JIM001,00012088,Invoice,2022-01-28,2022-01,19.1,,CYL,CYL,5.0,0.0,0.0,0.0,,True,False,,
JIM001,00012120,Invoice,2022-02-01,2022-02,19.3,,LPG,LPG,3.0,1254.78,188.22,1443.0,,False,True,,
JIM001,00012120,Invoice,2022-02-01,2022-02,9.4,,LPG,LPG,3.0,0.0,0.0,0.0,,False,True,,
JIM001,00012163,Invoice,2022-02-04,2022-02,19.3,,LPG,LPG,4.0,1673.04,250.96,1924.0,,False,True,,
JIM001,00012178,Invoice,2022-02-05,2022-02,19.1,DN#4464- EMPTY,CYL,CYL,6.0,300.0,45.0,345.0,,True,False,,
JIM001,00012228,Invoice,2022-02-10,2022-02,19.3,,LPG,LPG,4.0,1673.04,250.96,1924.0,,False,True,,
JIM001,00003216,Crd Note,2022-02-11,2022-02,19.1,,CYL,CYL,-6.0,-300.0,-45.0,-345.0,,True,False,,
JIM001,00012285,Invoice,2022-02-15,2022-02,19.3,,LPG,LPG,5.0,2091.3,313.7,2405.0,,False,True,,
JIM001,00012312,Invoice,2022-02-17,2022-02,19.4,,LPG,LPG,3.0,1254.78,188.22,1443.0,,False,True,,
JIM001,00012316,Invoice,2022-02-17,2022-02,19.1,,CYL,CYL,2.0,600.0,90.0,690.0,,True,False,,
JIM001,00012340,Invoice,2022-02-21,2022-02,19.4,,LPG,LPG,4.0,1673.04,250.96,1924.0,,False,True,,
JIM001,00012387,Invoice,2022-02-25,2022-02,19.3,,LPG,LPG,3.0,1254.78,188.22,1443.0,,False,True,,
JIM001,00003272,Crd Note,2022-02-26,2022-02,19.1,,CYL,CYL,-2.0,-600.0,-90.0,-690.0,,True,False,,
JIM001,00012403,Invoice,2022-02-28,2022-02,19.4,,LPG,LPG,3.0,1254.78,188.22,1443.0,,False,True,,
JIM001,00012460,Invoice,2022-03-04,2022-03,19.3,,LPG,LPG,4.0,1673.04,250.96,1924.0,,False,True,,
JIM001,00012501,Invoice,2022-03-08,2022-03,19.3,,LPG,LPG,3.0,1280.88,192.13,1473.01,,False,True,,
JIM001,00012523,Invoice,2022-03-10,2022-03,19.3,,LPG,LPG,4.0,1746.16,261.92,2008.08,,False,True,,
JIM001,00012561,Invoice,2022-03-14,2022-03,19.3,,LPG,LPG,3.0,1309.62,196.44,1506.06,,False,True,,
JIM001,00012621,Invoice,2022-03-17,2022-03,19.4,,LPG,LPG,3.0,1309.62,196.44,1506.06,,False,True,,
JIM001,00012638,Invoice,2022-03-22,2022-03,19.4,,LPG,LPG,5.0,2182.7,327.41,2510.11,,False,True,,
JIM001,00012676,Invoice,2022-03-24,2022-03,19.4,,LPG,LPG,4.0,1746.16,261.92,2008.08,,False,True,,
JIM001,00012718,Invoice,2022-03-28,2022-03,19.3,,LPG,LPG,4.0,1746.16,261.92,2008.08,,False,True,,
JIM001,00012761,Invoice,2022-04-01,2022-04,19.4,,LPG,LPG,4.0,1746.16,261.92,2008.08,,False,True,,
JIM001,00012792,Invoice,2022-04-04,2022-04,19.4,,LPG,LPG,3.0,1309.62,196.44,1506.06,,False,True,,
JIM001,00012843,Invoice,2022-04-07,2022-04,19.3,,LPG,LPG,4.0,1890.2,283.53,2173.73,,False,True,,
JIM001,00012911,Invoice,2022-04-12,2022-04,19.4,,LPG,LPG,5.0,2360.85,354.13,2714.98,,False,True,,
JIM001,00012946,Invoice,2022-04-13,2022-04,19.3,,LPG,LPG,3.0,1417.65,212.65,1630.3,,False,True,,
JIM001,00013011,Invoice,2022-04-19,2022-04,19.4,,LPG,LPG,3.0,1417.65,212.65,1630.3,,False,True,,
JIM001,00013061,Invoice,2022-04-21,2022-04,19.4,DN 20012.,LPG,LPG,5.0,2362.75,354.41,2717.16,,False,True,,
JIM001,00013067,Invoice,2022-04-21,2022-04,19.1,REFER TO INV13061,CYL,CYL,2.0,600.0,90.0,690.0,,True,False,,
JIM001,00013158,Invoice,2022-04-28,2022-04,19.3,,LPG,LPG,7.0,3307.85,496.18,3804.03,,False,True,,
JIM001,00013161,Invoice,2022-04-28,2022-04,19.1,,CYL,CYL,7.0,2100.0,315.0,2415.0,,True,False,,
JIM001,00003470,Crd Note,2022-04-29,2022-04,19.1,,CYL,CYL,-7.0,-2100.0,-315.0,-2415.0,,True,False,,
JIM001,00003500,Crd Note,2022-05-04,2022-05,19.1,,CYL,CYL,-4.0,-1200.0,-180.0,-1380.0,,True,False,,
JIM001,00003501,Crd Note,2022-05-04,2022-05,19.1,REFER TO INV13061,CYL,CYL,-2.0,-600.0,-90.0,-690.0,,True,False,,
JIM001,00013255,Invoice,2022-05-04,2022-05,19.3,,LPG,LPG,4.0,1938.44,290.77,2229.21,,False,True,,
JIM001,00013256,Invoice,2022-05-04,2022-05,19.1,,CYL,CYL,4.0,1200.0,180.0,1380.0,,True,False,,
JIM001,00003534,Crd Note,2022-05-07,2022-05,19.1,,CYL,CYL,-3.0,-900.0,-135.0,-1035.0,,True,False,,
JIM001,00013332,Invoice,2022-05-07,2022-05,19.4,,LPG,LPG,3.0,1453.83,218.07,1671.9,,False,True,,
JIM001,00013333,Invoice,2022-05-07,2022-05,19.1,D/N20346,CYL,CYL,3.0,900.0,135.0,1035.0,,True,False,,
JIM001,00013359,Invoice,2022-05-09,2022-05,19.3,,LPG,LPG,3.0,1453.83,218.07,1671.9,,False,True,,
JIM001,00013360,Invoice,2022-05-09,2022-05,19.1,,CYL,CYL,3.0,900.0,135.0,1035.0,,True,False,,
JIM001,00003566,Crd Note,2022-05-12,2022-05,19.1,,CYL,CYL,-4.0,-1200.0,-180.0,-1380.0,,True,False,,
JIM001,00003578,Crd Note,2022-05-12,2022-05,19.1,,CYL,CYL,-4.0,-1200.0,-180.0,-1380.0,,True,False,,
JIM001,00013452,Invoice,2022-05-12,2022-05,19.3,,LPG,LPG,4.0,1938.44,290.77,2229.21,,False,True,,
JIM001,00013453,Invoice,2022-05-12,2022-05,19.1,,CYL,CYL,4.0,1200.0,180.0,1380.0,,True,False,,
JIM001,00013518,Invoice,2022-05-17,2022-05,19.3,,LPG,LPG,4.0,1938.32,290.75,2229.07,,False,True,,
JIM001,00003602,Crd Note,2022-05-19,2022-05,19.1,13563- 1028,CYL,CYL,-3.0,-1560.0,-234.0,-1794.0,,True,False,,
JIM001,00013563,Invoice,2022-05-19,2022-05,19.3,,LPG,LPG,4.0,1938.32,290.75,2229.07,,False,True,,
JIM001,00013571,Invoice,2022-05-19,2022-05,19.1,,CYL,CYL,4.0,2080.0,312.0,2392.0,,True,False,,
JIM001,00003617,Crd Note,2022-05-23,2022-05,19.1,13637 D/N1041,CYL,CYL,-2.0,-1040.0,-156.0,-1196.0,,True,False,,
JIM001,00013637,Invoice,2022-05-23,2022-05,19.3,1041,LPG,LPG,3.0,1453.74,218.06,1671.8,,False,True,,
JIM001,00013685,Invoice,2022-05-27,2022-05,19.3,,LPG,LPG,4.0,1938.32,290.75,2229.07,,False,True,,
JIM001,00003641,Crd Note,2022-05-31,2022-05,19.1,,CYL,CYL,-5.0,-2600.0,-390.0,-2990.0,,True,False,,
JIM001,00013744,Invoice,2022-05-31,2022-05,19.3,,LPG,LPG,5.0,2422.9,363.44,2786.34,,False,True,,
JIM001,00013745,Invoice,2022-05-31,2022-05,19.1,DN#21125-EMPTY,CYL,CYL,5.0,2600.0,390.0,2990.0,,True,False,,
JIM001,00003653,Crd Note,2022-06-03,2022-06,19.1,,CYL,CYL,-1.0,-520.0,-78.0,-598.0,,True,False,,
JIM001,00013822,Invoice,2022-06-03,2022-06,19.4,,LPG,LPG,4.0,1938.32,290.75,2229.07,,False,True,,
JIM001,00013823,Invoice,2022-06-03,2022-06,19.1,,CYL,CYL,4.0,2080.0,312.0,2392.0,,True,False,,
JIM001,00013877,Invoice,2022-06-07,2022-06,19.3,,LPG,LPG,4.0,1938.32,290.75,2229.07,,False,True,,
JIM001,00013937,Invoice,2022-06-10,2022-06,19.3,1415,LPG,LPG,3.0,1453.74,218.06,1671.8,,False,True,,
JIM001,00013968,Invoice,2022-06-14,2022-06,19.3,,LPG,LPG,3.0,1453.74,218.06,1671.8,,False,True,,
JIM001,00014049,Invoice,2022-06-17,2022-06,19.4,D/N 1447,LPG,LPG,4.0,1938.32,290.75,2229.07,,False,True,,
JIM001,00014116,Invoice,2022-06-21,2022-06,19.4,D/N1367,LPG,LPG,4.0,1938.32,290.75,2229.07,,False,True,,
JIM001,00014788,Invoice,2022-06-23,2022-06,19.4,D/N 1376,LPG,LPG,3.0,1404.18,210.63,1614.81,,False,True,,
JIM001,00014341,Invoice,2022-06-28,2022-06,19.4,D/N 1203,LPG,LPG,4.0,1938.32,290.75,2229.07,,False,True,,
JIM001,00014279,Invoice,2022-07-02,2022-07,19.3,D/N 1224,LPG,LPG,4.0,1938.32,290.75,2229.07,,False,True,,
JIM001,00014353,Invoice,2022-07-07,2022-07,19.3,D/N 1559,LPG,LPG,8.0,3876.64,581.5,4458.14,,False,True,,
JIM001,00014521,Invoice,2022-07-14,2022-07,19.4,D/N 1985,LPG,LPG,4.0,1872.24,280.84,2153.08,,False,True,,
JIM001,00014521,Invoice,2022-07-14,2022-07,19.3,D/N 1985,LPG,LPG,1.0,468.06,70.21,538.27,,False,True,,
JIM001,00003790,Crd Note,2022-07-22,2022-07,19.1,EMPTIES D/N 1917,CYL,CYL,-6.0,-3120.0,-468.0,-3588.0,,True,False,,
JIM001,00014654,Invoice,2022-07-22,2022-07,19.4,D/N 1917,LPG,LPG,6.0,2808.36,421.25,3229.61,,False,True,,
JIM001,00014663,Invoice,2022-07-22,2022-07,19.1,,CYL,CYL,6.0,3120.0,468.0,3588.0,,True,False,,
JIM001,00014744,Invoice,2022-07-27,2022-07,1901,D/N 1644,LPG,LPG,7.0,3276.42,491.46,3767.88,,False,True,,
JIM001,00014744,Invoice,2022-07-27,2022-07,9.3,D/N 1644,LPG,LPG,1.0,221.71,33.26,254.97,,False,True,,
JIM001,00014744,Invoice,2022-07-27,2022-07,1901,D/N 1644,LPG,LPG,1.0,468.06,70.21,538.27,,False,True,,
JIM001,00003791,Crd Note,2022-08-04,2022-08,19.1,D/N 1546,CYL,CYL,-1.0,-520.0,-78.0,-598.0,,True,False,,
JIM001,00014916,Invoice,2022-08-04,2022-08,19.3,D/N 1546,LPG,LPG,6.0,2857.92,428.69,3286.61,,False,True,,
JIM001,00003817,Crd Note,2022-08-10,2022-08,19.1,D/N1761,CYL,CYL,-2.0,-1040.0,-156.0,-1196.0,,True,False,,
JIM001,00014994,Invoice,2022-08-10,2022-08,19.3,D/N 1759 1761,LPG,LPG,1.0,476.32,71.45,547.77,,False,True,,
JIM001,00014994,Invoice,2022-08-10,2022-08,19.3,D/N 1759 1761,LPG,LPG,8.0,3810.56,571.58,4382.14,,False,True,,
JIM001,00015004,Invoice,2022-08-10,2022-08,19.1,D/N1761,CYL,CYL,3.0,1560.0,234.0,1794.0,,True,False,,
JIM001,00003901,Crd Note,2022-08-19,2022-08,19.3,WRONG QUANTITY,LPG,LPG,-5.0,-2381.6,-357.24,-2738.84,,False,True,,
JIM001,00003906,Crd Note,2022-08-19,2022-08,19.1,D/N 1500 EMPTIES,CYL,CYL,-8.0,-4160.0,-624.0,-4784.0,,True,False,,
JIM001,00015189,Invoice,2022-08-19,2022-08,19.3,D/N 1500,LPG,LPG,5.0,2381.6,357.24,2738.84,,False,True,,
JIM001,00015191,Invoice,2022-08-19,2022-08,19.3,D/N 1500.,LPG,LPG,8.0,3810.56,571.58,4382.14,,False,True,,
JIM001,00015192,Invoice,2022-08-19,2022-08,19.1,D/N 1500 EMPTIES,CYL,CYL,8.0,4160.0,624.0,4784.0,,True,False,,
JIM001,00003963,Crd Note,2022-08-27,2022-08,9.1,MISTAKE,CYL,CYL,-6.0,-3120.0,-468.0,-3588.0,,True,False,,
JIM001,00003964,Crd Note,2022-08-27,2022-08,19.1,D/N 2024 EMPTIES.,CYL,CYL,-8.0,-4160.0,-624.0,-4784.0,,True,False,,
JIM001,00003964,Crd Note,2022-08-27,2022-08,19.3,D/N 2024 EMPTIES.,LPG,LPG,-1.0,-476.32,-71.45,-547.77,,False,True,,
JIM001,00015343,Invoice,2022-08-27,2022-08,19.4,D/N 2024,LPG,LPG,6.0,2857.92,428.69,3286.61,,False,True,,
JIM001,00015345,Invoice,2022-08-27,2022-08,9.1,D/N 2024 EMPTIES,CYL,CYL,6.0,3120.0,468.0,3588.0,,True,False,,
JIM001,00015346,Invoice,2022-08-27,2022-08,19.1,D/N 2024 EMPTIES.,CYL,CYL,6.0,3120.0,468.0,3588.0,,True,False,,
JIM001,00003966,Crd Note,2022-08-29,2022-08,19.1,D/N2024,CYL,CYL,-3.0,-1560.0,-234.0,-1794.0,,True,False,,
JIM001,00003967,Crd Note,2022-08-29,2022-08,19.1,D/N2024 EMPTIES,CYL,CYL,-5.0,-2600.0,-390.0,-2990.0,,True,False,,
JIM001,00003969,Crd Note,2022-08-29,2022-08,19.4,D/N 2024,LPG,LPG,-1.0,-476.32,-71.45,-547.77,,False,True,,
JIM001,00015360,Invoice,2022-08-29,2022-08,19.4,CRD NOTE WRONG 3964,LPG,LPG,1.0,476.32,71.45,547.77,,False,True,,
JIM001,00015360,Invoice,2022-08-29,2022-08,19.1,CRD NOTE WRONG 3964,CYL,CYL,8.0,4160.0,624.0,4784.0,,True,False,,
JIM001,00003999,Crd Note,2022-09-01,2022-09,19.1,D/N 2039 EMPTIES,CYL,CYL,-5.0,-2600.0,-390.0,-2990.0,,True,False,,
JIM001,00015423,Invoice,2022-09-01,2022-09,S01,D/N 2039,LPG,LPG,2.0,2406.68,361.0,2767.68,,False,True,,
JIM001,00015431,Invoice,2022-09-01,2022-09,S.1,D/N 2039 EMPTIES,CYL,CYL,2.0,1040.0,156.0,1196.0,,True,False,,
JIM001,00015490,Invoice,2022-09-05,2022-09,S01,D/N 2050,LPG,LPG,1.0,1203.34,180.5,1383.84,,False,True,,
JIM001,00015491,Invoice,2022-09-05,2022-09,S.1,D/N 2050 EMPTIES,CYL,CYL,1.0,520.0,78.0,598.0,,True,False,,
JIM001,00015556,Invoice,2022-09-09,2022-09,S.4,D/N 2116,LPG,LPG,1.0,1203.34,180.5,1383.84,,False,True,,
JIM001,00015556,Invoice,2022-09-09,2022-09,D01,D/N 2116,LPG,LPG,2.0,2406.68,361.0,2767.68,,False,True,,
JIM001,00004034,Crd Note,2022-09-10,2022-09,19.1,D/N 2116 EMPTIES,CYL,CYL,-1.0,-520.0,-78.0,-598.0,,True,False,,
JIM001,00004035,Crd Note,2022-09-10,2022-09,S.1,D/N 2116 EMPTIES,CYL,CYL,-2.0,-1040.0,-156.0,-1196.0,,True,False,,
JIM001,00004035,Crd Note,2022-09-10,2022-09,19.1,D/N 2116 EMPTIES,CYL,CYL,-2.0,-1040.0,-156.0,-1196.0,,True,False,,
JIM001,00015560,Invoice,2022-09-10,2022-09,S.1,D/N 2076 EMPTIES,CYL,CYL,1.0,520.0,78.0,598.0,,True,False,,
JIM001,00015560,Invoice,2022-09-10,2022-09,D.1,D/N 2076 EMPTIES,CYL,CYL,2.0,1040.0,156.0,1196.0,,True,False,,
JIM001,00004068,Crd Note,2022-09-15,2022-09,S.1,D/N 2092 EMPTIES,CYL,CYL,-2.0,-1040.0,-156.0,-1196.0,,True,False,,
JIM001,00004068,Crd Note,2022-09-15,2022-09,19.1,D/N 2092 EMPTIES,CYL,CYL,-1.0,-520.0,-78.0,-598.0,,True,False,,
JIM001,00015623,Invoice,2022-09-15,2022-09,D01,D/N 2092,LPG,LPG,1.0,1203.34,180.5,1383.84,,False,True,,
JIM001,00015623,Invoice,2022-09-15,2022-09,D.3,D/N 2092,LPG,LPG,2.0,2406.68,361.0,2767.68,,False,True,,
JIM001,00015626,Invoice,2022-09-15,2022-09,D.1,D/N 2092 EMPTIES,CYL,CYL,3.0,1560.0,234.0,1794.0,,True,False,,
JIM001,00004112,Crd Note,2022-09-23,2022-09,D.1,D/N2472EMPTY,CYL,CYL,-2.0,-1040.0,-156.0,-1196.0,,True,False,,
JIM001,00015782,Invoice,2022-09-23,2022-09,D.3,D/N 2472,LPG,LPG,3.0,3610.02,541.5,4151.52,,False,True,,
JIM001,00015801,Invoice,2022-09-23,2022-09,D.1,D/N2472EMPTY,CYL,CYL,3.0,1560.0,234.0,1794.0,,True,False,,
JIM001,00015865,Invoice,2022-10-01,2022-10,S01,D/N 2487,LPG,LPG,2.0,2406.68,361.0,2767.68,,False,True,,
JIM001,00015953,Invoice,2022-10-07,2022-10,S.4,D/N 2496,LPG,LPG,2.0,2406.68,361.0,2767.68,,False,True,,
JIM001,00016019,Invoice,2022-10-12,2022-10,S01,D/N 2368,LPG,LPG,2.0,2406.68,361.0,2767.68,,False,True,,
JIM001,00016125,Invoice,2022-10-20,2022-10,S01,D/N 2381,LPG,LPG,2.0,2406.68,361.0,2767.68,,False,True,,
JIM001,00016128,Invoice,2022-10-20,2022-10,S.1,D/N 2381 EMPTIES,CYL,CYL,2.0,1040.0,156.0,1196.0,,True,False,,
JIM001,00004209,Crd Note,2022-10-21,2022-10,S.1,D/N2381EMPTY,CYL,CYL,-1.0,-520.0,-78.0,-598.0,,True,False,,
JIM001,00004210,Crd Note,2022-10-21,2022-10,S.1,D/N 2381 EMPTIES,CYL,CYL,-2.0,-1040.0,-156.0,-1196.0,,True,False,,
JIM001,00016185,Invoice,2022-10-26,2022-10,S.3,D/N 2394,LPG,LPG,3.0,3610.02,541.5,4151.52,,False,True,,
JIM001,00004225,Crd Note,2022-10-27,2022-10,S.1,D/N2394 EMPTY,CYL,CYL,-2.0,-1040.0,-156.0,-1196.0,,True,False,,
JIM001,00016200,Invoice,2022-10-27,2022-10,S.1,D/N2394 EMPTY,CYL,CYL,3.0,1560.0,234.0,1794.0,,True,False,,
JIM001,00004255,Crd Note,2022-11-03,2022-11,S.1,D/N2287 EMPTY,CYL,CYL,-1.0,-520.0,-78.0,-598.0,,True,False,,
JIM001,00004256,Crd Note,2022-11-03,2022-11,S.1,D/N 2287 EMPTIES,CYL,CYL,-2.0,-1040.0,-156.0,-1196.0,,True,False,,
JIM001,00016308,Invoice,2022-11-03,2022-11,S01,D/N 2287,LPG,LPG,2.0,2406.68,361.0,2767.68,,False,True,,
JIM001,00016316,Invoice,2022-11-03,2022-11,S.1,D/N 2287 EMPTIES,CYL,CYL,2.0,1040.0,156.0,1196.0,,True,False,,
JIM001,00016397,Invoice,2022-11-10,2022-11,D01,D/N 2506,LPG,LPG,2.0,2335.72,350.36,2686.08,,False,True,,
JIM001,00016400,Invoice,2022-11-10,2022-11,D.1,D/N 2506 EMPTIES,CYL,CYL,2.0,1040.0,156.0,1196.0,,True,False,,
JIM001,00004276,Crd Note,2022-11-11,2022-11,S.1,D/N 2506 EMPTIES,CYL,CYL,-2.0,-1040.0,-156.0,-1196.0,,True,False,,
JIM001,00016419,Invoice,2022-11-11,2022-11,19.1,INV15346TRASTOOLD,CYL,CYL,2.0,1040.0,156.0,1196.0,,True,False,,
JIM001,00016420,Invoice,2022-11-11,2022-11,19.1,INV15560 TRANSTOOLDA,CYL,CYL,1.0,520.0,78.0,598.0,,True,False,,
JIM001,00016421,Invoice,2022-11-11,2022-11,19.1,INV15371TRANSTOOLDAC,CYL,CYL,1.0,520.0,78.0,598.0,,True,False,,
JIM001,00016505,Invoice,2022-11-18,2022-11,S.3,D/N 2574,LPG,LPG,2.0,2335.72,350.36,2686.08,,False,True,,
JIM001,00016557,Invoice,2022-11-24,2022-11,D01,D/N 2542,LPG,LPG,2.0,2335.72,350.36,2686.08,,False,True,,
JIM001,00004336,Crd Note,2022-11-30,2022-11,S.3,DATE,LPG,LPG,-2.0,-2335.72,-350.36,-2686.08,,False,True,,
JIM001,00004337,Crd Note,2022-11-30,2022-11,S.3,D/N 2711,LPG,LPG,-2.0,-2335.72,-350.36,-2686.08,,False,True,,
JIM001,00016647,Invoice,2022-11-30,2022-11,S.3,D/N 2711,LPG,LPG,2.0,2335.72,350.36,2686.08,,False,True,,
JIM001,00016648,Invoice,2022-12-01,2022-12,S.3,D/N 2711,LPG,LPG,2.0,2335.72,350.36,2686.08,,False,True,,
JIM001,00016649,Invoice,2022-12-01,2022-12,19.3,D/N 2711,LPG,LPG,1.0,462.28,69.34,531.62,,False,True,,
JIM001,00016649,Invoice,2022-12-01,2022-12,S.3,D/N 2711,LPG,LPG,2.0,2335.72,350.36,2686.08,,False,True,,
JIM001,00004349,Crd Note,2022-12-06,2022-12,S.4,WRONG QUANTITY,LPG,LPG,-3.0,-3503.58,-525.54,-4029.12,,False,True,,
JIM001,00016718,Invoice,2022-12-06,2022-12,S.4,D/N 2722,LPG,LPG,3.0,3503.58,525.54,4029.12,,False,True,,
JIM001,00016723,Invoice,2022-12-06,2022-12,S.4,D/N 2722,LPG,LPG,4.0,4671.44,700.72,5372.16,,False,True,,
JIM001,00016724,Invoice,2022-12-06,2022-12,S.1,D/N 2722 EMPTIES,CYL,CYL,4.0,2080.0,312.0,2392.0,,True,False,,
JIM001,00004350,Crd Note,2022-12-07,2022-12,S.1,D/N 2722 EMPTIES,CYL,CYL,-2.0,-1040.0,-156.0,-1196.0,,True,False,,
JIM001,00004350,Crd Note,2022-12-07,2022-12,19.1,D/N 2722 EMPTIES,CYL,CYL,-1.0,-520.0,-78.0,-598.0,,True,False,,
JIM001,00004377,Crd Note,2022-12-13,2022-12,D.1,D/N 2748 EMPTIES,CYL,CYL,-3.0,-1560.0,-234.0,-1794.0,,True,False,,
JIM001,00016826,Invoice,2022-12-13,2022-12,D01,D/N 2748,LPG,LPG,1.0,1202.5,180.37,1382.87,,False,True,,
JIM001,00016826,Invoice,2022-12-13,2022-12,D.3,D/N 2748,LPG,LPG,3.0,3607.5,541.13,4148.63,,False,True,,
JIM001,00016830,Invoice,2022-12-13,2022-12,D.1,D/N 2748 EMPTIES,CYL,CYL,4.0,2080.0,312.0,2392.0,,True,False,,
JIM001,00004419,Crd Note,2022-12-19,2022-12,S.1,D/N 2817 EMPTIES,CYL,CYL,-3.0,-900.0,-135.0,-1035.0,,True,False,,
JIM001,00016934,Invoice,2022-12-19,2022-12,S01,D/N 2817,LPG,LPG,4.0,4810.0,721.5,5531.5,,False,True,,
JIM001,00017076,Invoice,2022-12-19,2022-12,S.1,D/N 2817 EMPTIES,CYL,CYL,4.0,1200.0,180.0,1380.0,,True,False,,
JIM001,00017014,Invoice,2022-12-23,2022-12,S.4,D/N 2834,LPG,LPG,2.0,2405.0,360.75,2765.75,,False,True,,
JIM001,00017028,Invoice,2022-12-23,2022-12,S.1,D/N 2834 EMPTIES,CYL,CYL,1.0,300.0,45.0,345.0,,True,False,,
JIM001,00017132,Invoice,2022-12-31,2022-12,S.3,D/N 2946,LPG,LPG,2.0,2405.0,360.75,2765.75,,False,True,,
JIM001,00004441,Crd Note,2023-01-03,2023-01,S.1,D/N 2966 EMPTIES,CYL,CYL,-1.0,-520.0,-78.0,-598.0,,True,False,,
JIM001,00017191,Invoice,2023-01-06,2023-01,S.3,D/N 2981,LPG,LPG,2.0,2464.28,369.64,2833.92,,False,True,,
JIM001,00017256,Invoice,2023-01-12,2023-01,D.3,D/N 3203,LPG,LPG,2.0,2464.28,369.64,2833.92,,False,True,,
JIM001,00017357,Invoice,2023-01-23,2023-01,S01,D/N 3081,LPG,LPG,1.0,1232.14,184.82,1416.96,,False,True,,
JIM001,00017369,Invoice,2023-01-24,2023-01,S01,D/N 3021,LPG,LPG,3.0,3696.42,554.46,4250.88,,False,True,,
JIM001,00004514,Crd Note,2023-02-03,2023-02,D.1,D/N 3116 EMPTIES,CYL,CYL,-1.0,-520.0,-78.0,-598.0,,True,False,,
JIM001,00017458,Invoice,2023-02-03,2023-02,S01,D/N 3116,LPG,LPG,2.0,2464.28,369.64,2833.92,,False,True,,
JIM001,00017581,Invoice,2023-02-11,2023-02,S.3,D/N 3157,LPG,LPG,4.0,4725.04,708.76,5433.8,,False,True,,
JIM001,00017769,Invoice,2023-02-23,2023-02,S01,D/N 3335,LPG,LPG,3.0,3543.78,531.57,4075.35,,False,True,,
JIM001,00018062,Invoice,2023-03-02,2023-03,S.4,D/N 3360,LPG,LPG,4.0,5483.03,822.45,6305.48,,False,True,,
JIM001,00018299,Invoice,2023-03-08,2023-03,S.3,D/N 3378,LPG,LPG,2.0,2436.28,365.44,2801.72,,False,True,,
JIM001,00018507,Invoice,2023-03-16,2023-03,S.3,D/N 3903,LPG,LPG,2.0,2436.28,365.44,2801.72,,False,True,,
JIM001,00004634,Crd Note,2023-03-23,2023-03,S.1,D/N 3921 EMPTIES,CYL,CYL,-1.0,-300.0,-45.0,-345.0,,True,False,,
JIM001,00018695,Invoice,2023-03-23,2023-03,S.4,D/N 3921,LPG,LPG,3.0,3654.42,548.16,4202.58,,False,True,,
JIM001,00018696,Invoice,2023-03-23,2023-03,S.1,D/N 3921 EMPTIES,CYL,CYL,3.0,900.0,135.0,1035.0,,True,False,,
JIM001,00019153,Invoice,2023-04-06,2023-04,S.3,D/N 3873,LPG,LPG,4.0,4872.56,730.88,5603.44,,False,True,,
JIM001,00004725,Crd Note,2023-04-14,2023-04,S.1,D/N 4105 EMPTIES,CYL,CYL,-2.0,-600.0,-90.0,-690.0,,True,False,,
JIM001,00004726,Crd Note,2023-04-14,2023-04,S.1,D/N 4105 EMPTIES,CYL,CYL,-1.0,-300.0,-45.0,-345.0,,True,False,,
JIM001,00019347,Invoice,2023-04-14,2023-04,S.3,D/N 4105,LPG,LPG,2.0,2369.5,355.43,2724.93,,False,True,,
JIM001,00019349,Invoice,2023-04-14,2023-04,S.1,D/N 4105 EMPTIES,CYL,CYL,2.0,600.0,90.0,690.0,,True,False,,
JIM001,00004759,Crd Note,2023-04-20,2023-04,S.1,D/N 4712 EMPTIES,CYL,CYL,-2.0,-600.0,-90.0,-690.0,,True,False,,
JIM001,00019494,Invoice,2023-04-20,2023-04,S.4,D/N 4712,LPG,LPG,2.0,2369.5,355.43,2724.93,,False,True,,
JIM001,00019499,Invoice,2023-04-20,2023-04,S.1,D/N 4712 EMPTIES,CYL,CYL,2.0,600.0,90.0,690.0,,True,False,,
JIM001,00004799,Crd Note,2023-04-26,2023-04,S.1,D/N 4143 EMPTIES,CYL,CYL,-3.0,-900.0,-135.0,-1035.0,,True,False,,
JIM001,00019697,Invoice,2023-04-26,2023-04,S01,D/N 4143,LPG,LPG,3.0,3554.25,533.14,4087.39,,False,True,,
JIM001,00019698,Invoice,2023-04-26,2023-04,S.1,D/N 4143 EMPTIES,CYL,CYL,3.0,900.0,135.0,1035.0,,True,False,,
JIM001,00004859,Crd Note,2023-05-04,2023-05,S.1,D/N 4163 EMPTIES,CYL,CYL,-1.0,-300.0,-45.0,-345.0,,True,False,,
JIM001,00004859,Crd Note,2023-05-04,2023-05,D.1,D/N 4163 EMPTIES,CYL,CYL,-2.0,-600.0,-90.0,-690.0,,True,False,,
JIM001,00019924,Invoice,2023-05-04,2023-05,D.3,D/N 4163,LPG,LPG,1.0,1184.75,177.71,1362.46,,False,True,,
JIM001,00019924,Invoice,2023-05-04,2023-05,S.4,D/N 4163,LPG,LPG,1.0,1184.75,177.71,1362.46,,False,True,,
JIM001,00019924,Invoice,2023-05-04,2023-05,D.4,D/N 4163,LPG,LPG,1.0,1184.76,177.71,1362.47,,False,True,,
JIM001,00019928,Invoice,2023-05-04,2023-05,S.1,D/N 4163 EMPTIES,CYL,CYL,1.0,300.0,45.0,345.0,,True,False,,
JIM001,00019928,Invoice,2023-05-04,2023-05,D.1,D/N 4163 EMPTIES,CYL,CYL,2.0,600.0,90.0,690.0,,True,False,,
JIM001,00004908,Crd Note,2023-05-10,2023-05,S.1,D/N 4197 EMPTIES,CYL,CYL,-2.0,-600.0,-90.0,-690.0,,True,False,,
JIM001,00020117,Invoice,2023-05-10,2023-05,S.4,D/N 4197,LPG,LPG,3.0,3096.63,464.49,3561.12,,False,True,,
JIM001,00020124,Invoice,2023-05-10,2023-05,S.1,D/N 4197 EMPTIES,CYL,CYL,3.0,900.0,135.0,1035.0,,True,False,,
JIM001,00004977,Crd Note,2023-05-18,2023-05,S.1,D/N 4618 EMPTIES,CYL,CYL,-3.0,-900.0,-135.0,-1035.0,,True,False,,
JIM001,00020356,Invoice,2023-05-18,2023-05,S01,D/N 4618,LPG,LPG,3.0,3096.63,464.49,3561.12,,False,True,,
JIM001,00020358,Invoice,2023-05-18,2023-05,S.1,D/N 4618 EMPTIES,CYL,CYL,3.0,900.0,135.0,1035.0,,True,False,,
JIM001,00020630,Invoice,2023-05-25,2023-05,9.3,D/N 3642,LPG,LPG,1.0,193.58,29.04,222.62,,False,True,,
JIM001,00020630,Invoice,2023-05-25,2023-05,S.4,D/N 3642,LPG,LPG,2.0,2064.8,309.72,2374.52,,False,True,,
JIM001,00005101,Crd Note,2023-06-01,2023-06,S.1,D/N 4660 EMPTIES,CYL,CYL,-4.0,-1200.0,-180.0,-1380.0,,True,False,,
JIM001,00020864,Invoice,2023-06-01,2023-06,S01,D/N 4660,LPG,LPG,3.0,3097.2,464.58,3561.78,,False,True,,
JIM001,00020873,Invoice,2023-06-01,2023-06,S.1,D/N 4660 EMPTIES,CYL,CYL,3.0,900.0,135.0,1035.0,,True,False,,
JIM001,00005151,Crd Note,2023-06-08,2023-06,S.1,D/N 5317 EMPTIES,CYL,CYL,-3.0,-900.0,-135.0,-1035.0,,True,False,,
JIM001,00021098,Invoice,2023-06-08,2023-06,S.3,D/N 5317,LPG,LPG,2.0,2119.06,317.86,2436.92,,False,True,,
JIM001,00021111,Invoice,2023-06-08,2023-06,S.1,D/N 5317 EMPTIES,CYL,CYL,2.0,600.0,90.0,690.0,,True,False,,
JIM001,00005235,Crd Note,2023-06-15,2023-06,S.1,D/N 3690 EMPTIES,CYL,CYL,-1.0,-300.0,-45.0,-345.0,,True,False,,
JIM001,00021341,Invoice,2023-06-15,2023-06,S01,D/N 3690,LPG,LPG,3.0,3178.59,476.79,3655.38,,False,True,,
JIM001,00021346,Invoice,2023-06-15,2023-06,S.1,D/N 3690 EMPTIES,CYL,CYL,3.0,900.0,135.0,1035.0,,True,False,,
JIM001,00005299,Crd Note,2023-06-22,2023-06,S.1,D/N 4819 EMPTIES,CYL,CYL,-3.0,-900.0,-135.0,-1035.0,,True,False,,
JIM001,00021561,Invoice,2023-06-22,2023-06,S.3,D/N 4819,LPG,LPG,3.0,3178.59,476.79,3655.38,,False,True,,
JIM001,00021564,Invoice,2023-06-22,2023-06,S.1,D/N 4819 EMPTIES,CYL,CYL,3.0,900.0,135.0,1035.0,,True,False,,
JIM001,00005356,Crd Note,2023-06-28,2023-06,S.1,D/N 4832 EMPTIES,CYL,CYL,-3.0,-900.0,-135.0,-1035.0,,True,False,,
JIM001,00021756,Invoice,2023-06-28,2023-06,S01,D/N 4832,LPG,LPG,3.0,3178.59,476.79,3655.38,,False,True,,
JIM001,00021763,Invoice,2023-06-28,2023-06,S.1,D/N 4832 EMPTIES,CYL,CYL,3.0,900.0,135.0,1035.0,,True,False,,
JIM001,00005440,Crd Note,2023-07-06,2023-07,S.1,D/N 4867 EMPTIES,CYL,CYL,-3.0,-900.0,-135.0,-1035.0,,True,False,,
JIM001,00022050,Invoice,2023-07-06,2023-07,S.4,D/N 4867,LPG,LPG,3.0,3178.59,476.79,3655.38,,False,True,,
JIM001,00022051,Invoice,2023-07-06,2023-07,S.1,D/N 4867 EMPTIES,CYL,CYL,3.0,900.0,135.0,1035.0,,True,False,,
JIM001,00022332,Invoice,2023-07-13,2023-07,S.1,D/N 4895 EMPTIES,CYL,CYL,3.0,900.0,135.0,1035.0,,True,False,,
JIM001,00022337,Invoice,2023-07-13,2023-07,S01,D/N 4895,LPG,LPG,2.0,1902.45,285.37,2187.82,,False,True,,
JIM001,00022337,Invoice,2023-07-13,2023-07,S.3,D/N 4895,LPG,LPG,1.0,951.23,142.69,1093.92,,False,True,,
JIM001,00022566,Invoice,2023-07-20,2023-07,S.4,D/N 5821,LPG,LPG,3.0,2853.69,428.05,3281.74,,False,True,,
JIM001,00022569,Invoice,2023-07-20,2023-07,S.1,D/N 5821 EMPTIES,CYL,CYL,3.0,900.0,135.0,1035.0,,True,False,,
JIM001,00022604,Invoice,2023-07-20,2023-07,9.4,D/N 4350,LPG,LPG,2.0,357.34,53.6,410.94,,False,True,,
JIM001,00022605,Invoice,2023-07-20,2023-07,9.1,D/N 4350 EMPTIES,CYL,CYL,2.0,600.0,90.0,690.0,,True,False,,
JIM001,00005594,Crd Note,2023-07-21,2023-07,S.1,D/N 5821 EMPTIES,CYL,CYL,-3.0,-900.0,-135.0,-1035.0,,True,False,,
JIM001,00005686,Crd Note,2023-07-27,2023-07,S.1,D/N 5552 EMPTIES,CYL,CYL,-3.0,-900.0,-135.0,-1035.0,,True,False,,
JIM001,00005686,Crd Note,2023-07-27,2023-07,9.1,D/N 5552 EMPTIES,CYL,CYL,-2.0,-600.0,-90.0,-690.0,,True,False,,
JIM001,00022842,Invoice,2023-07-27,2023-07,S.4,D/N 5552,LPG,LPG,3.0,2853.69,428.05,3281.74,,False,True,,
JIM001,00022847,Invoice,2023-07-27,2023-07,S.1,D/N 5552 EMPTIES,CYL,CYL,3.0,900.0,135.0,1035.0,,True,False,,
JIM001,00005771,Crd Note,2023-08-03,2023-08,S.1,D/N 5888 EMPTIES,CYL,CYL,-3.0,-900.0,-135.0,-1035.0,,True,False,,
JIM001,00023098,Invoice,2023-08-03,2023-08,S.3,D/N 5868,LPG,LPG,2.0,1901.64,285.25,2186.89,,False,True,,
JIM001,00023098,Invoice,2023-08-03,2023-08,S01,D/N 5868,LPG,LPG,1.0,950.82,142.62,1093.44,,False,True,,
JIM001,00023099,Invoice,2023-08-03,2023-08,S.1,D/N 5888 EMPTIES,CYL,CYL,3.0,900.0,135.0,1035.0,,True,False,,
JIM001,00005833,Crd Note,2023-08-10,2023-08,S.1,D/N 5588 EMPTIES,CYL,CYL,-3.0,-900.0,-135.0,-1035.0,,True,False,,
JIM001,00023278,Invoice,2023-08-10,2023-08,S01,D/N 5588,LPG,LPG,3.0,2678.4,401.76,3080.16,,False,True,,
JIM001,00023279,Invoice,2023-08-10,2023-08,S.1,D/N 5588 EMPTIES,CYL,CYL,3.0,900.0,135.0,1035.0,,True,False,,
JIM001,00023545,Invoice,2023-08-17,2023-08,S.4,D/N 6227,LPG,LPG,3.0,2678.4,401.76,3080.16,,False,True,,
JIM001,00023546,Invoice,2023-08-17,2023-08,S.1,D/N 6227 EMPTIES,CYL,CYL,3.0,900.0,135.0,1035.0,,True,False,,
JIM001,00005983,Crd Note,2023-08-24,2023-08,S.1,D/N 6336 EMPTIES,CYL,CYL,-3.0,-900.0,-135.0,-1035.0,,True,False,,
JIM001,00023732,Invoice,2023-08-24,2023-08,S01,D/N 6336,LPG,LPG,3.0,2678.4,401.76,3080.16,,False,True,,
JIM001,00023733,Invoice,2023-08-24,2023-08,S.1,D/N 6336 EMPTIES,CYL,CYL,3.0,900.0,135.0,1035.0,,True,False,,
JIM001,00023964,Invoice,2023-08-31,2023-08,S.3,D/N 6418,LPG,LPG,3.0,2822.4,423.36,3245.76,,False,True,,
JIM001,00023965,Invoice,2023-08-31,2023-08,S.1,D/N 6418 EMPTIES,CYL,CYL,3.0,900.0,135.0,1035.0,,True,False,,
JIM001,00006074,Crd Note,2023-09-01,2023-09,S.3,D/N 6418,LPG,LPG,-3.0,-2822.4,-423.36,-3245.76,,False,True,,
JIM001,00006075,Crd Note,2023-09-01,2023-09,S.1,D/N 6418 EMPTIES,CYL,CYL,-3.0,-900.0,-135.0,-1035.0,,True,False,,
JIM001,00024087,Invoice,2023-09-02,2023-09,S.3,D/N 6385,LPG,LPG,2.0,1881.6,282.24,2163.84,,False,True,,
JIM001,00024088,Invoice,2023-09-02,2023-09,S.1,D/N 6385 EMPTIES,CYL,CYL,2.0,600.0,90.0,690.0,,True,False,,
JIM001,00006101,Crd Note,2023-09-04,2023-09,S.1,D/N 6385 EMPTIES,CYL,CYL,-2.0,-600.0,-90.0,-690.0,,True,False,,
JIM001,00006105,Crd Note,2023-09-04,2023-09,S.1,D/N 6227 EMPTIES,CYL,CYL,-3.0,-900.0,-135.0,-1035.0,,True,False,,
JIM001,00006151,Crd Note,2023-09-07,2023-09,S.1,D/N 6438 EMPTIES,CYL,CYL,-3.0,-900.0,-135.0,-1035.0,,True,False,,
JIM001,00024245,Invoice,2023-09-07,2023-09,S01,D/N 6438,LPG,LPG,2.0,2046.05,306.91,2352.96,,False,True,,
JIM001,00024246,Invoice,2023-09-07,2023-09,S.1,D/N 6438 EMPTIES,CYL,CYL,2.0,600.0,90.0,690.0,,True,False,,
JIM001,00006232,Crd Note,2023-09-15,2023-09,S.1,D/N 6459 EMPTIES,CYL,CYL,-4.0,-1200.0,-180.0,-1380.0,,True,False,,
JIM001,00024516,Invoice,2023-09-15,2023-09,S.4,D/N 6459,LPG,LPG,2.0,1958.24,293.74,2251.98,,False,True,,
JIM001,00024517,Invoice,2023-09-15,2023-09,S.1,D/N 6459 EMPTIES,CYL,CYL,2.0,600.0,90.0,690.0,,True,False,,
JIM001,00006290,Crd Note,2023-09-21,2023-09,S.1,D/N 6476 EMPTIES,CYL,CYL,-2.0,-600.0,-90.0,-690.0,,True,False,,
JIM001,00024693,Invoice,2023-09-21,2023-09,S.3,D/N 6476,LPG,LPG,2.0,1958.24,293.74,2251.98,,False,True,,
JIM001,00024694,Invoice,2023-09-21,2023-09,S.1,D/N 6476 EMPTIES,CYL,CYL,2.0,600.0,90.0,690.0,,True,False,,
JIM001,00006357,Crd Note,2023-09-28,2023-09,S.1,D/N 6480 EMPTIES,CYL,CYL,-1.0,-300.0,-45.0,-345.0,,True,False,,
JIM001,00024907,Invoice,2023-09-28,2023-09,S.3,D/N 6480,LPG,LPG,2.0,1958.24,293.74,2251.98,,False,True,,
JIM001,00024908,Invoice,2023-09-28,2023-09,S.1,D/N 6480 EMPTIES,CYL,CYL,2.0,600.0,90.0,690.0,,True,False,,
JIM001,00025154,Invoice,2023-10-05,2023-10,S01,D/N 6256,LPG,LPG,2.0,2139.39,320.91,2460.3,,False,True,,
JIM001,00025155,Invoice,2023-10-05,2023-10,S.1,D/N 6256 EMPTIES,CYL,CYL,2.0,600.0,90.0,690.0,,True,False,,
JIM001,00006422,Crd Note,2023-10-06,2023-10,S.1,D/N 6256 EMPTIES,CYL,CYL,-3.0,-900.0,-135.0,-1035.0,,True,False,,
JIM001,00025251,Invoice,2023-10-07,2023-10,S.3,D/N 6599,LPG,LPG,1.0,1069.7,160.46,1230.16,,False,True,,
JIM001,00025252,Invoice,2023-10-07,2023-10,S.1,D/N 6599 EMPTIES,CYL,CYL,1.0,300.0,45.0,345.0,,True,False,,
JIM001,00006454,Crd Note,2023-10-09,2023-10,S.1,D/N 6599 EMPTIES,CYL,CYL,-1.0,-300.0,-45.0,-345.0,,True,False,,
JIM001,00025475,Invoice,2023-10-14,2023-10,S.3,D/N 6709,LPG,LPG,2.0,2138.71,320.81,2459.52,,False,True,,
JIM001,00025476,Invoice,2023-10-14,2023-10,S.1,D/N 6709 EMPTIES,CYL,CYL,2.0,600.0,90.0,690.0,,True,False,,
JIM001,00006527,Crd Note,2023-10-16,2023-10,S.1,D/N 6709 EMPTIES,CYL,CYL,-2.0,-600.0,-90.0,-690.0,,True,False,,
JIM001,00006563,Crd Note,2023-10-19,2023-10,S.1,D/N 6821 EMPTIES,CYL,CYL,-2.0,-600.0,-90.0,-690.0,,True,False,,
JIM001,00025616,Invoice,2023-10-19,2023-10,S.3,D/N 6821,LPG,LPG,3.0,3208.07,481.21,3689.2801,,False,True,,
JIM001,00025617,Invoice,2023-10-19,2023-10,S.1,D/N 6821 EMPTIES,CYL,CYL,3.0,900.0,135.0,1035.0,,True,False,,
JIM001,00006624,Crd Note,2023-10-26,2023-10,S.1,D/N 6742 EMPTIES,CYL,CYL,-3.0,-900.0,-135.0,-1035.0,,True,False,,
JIM001,00025852,Invoice,2023-10-26,2023-10,S01,D/N 6742,LPG,LPG,3.0,3208.07,481.21,3689.2801,,False,True,,
JIM001,00025853,Invoice,2023-10-26,2023-10,S.1,D/N 6742 EMPTIES,CYL,CYL,3.0,900.0,135.0,1035.0,,True,False,,
JIM001,00006684,Crd Note,2023-11-02,2023-11,D.1,D/N 6849 EMPTIES,CYL,CYL,-1.0,-300.0,-45.0,-345.0,,True,False,,
JIM001,00026141,Invoice,2023-11-02,2023-11,D.3,D/N 6849,LPG,LPG,3.0,3369.6,505.44,3875.04,,False,True,,
JIM001,00026142,Invoice,2023-11-02,2023-11,D.1,D/N 6849 EMPTIES,CYL,CYL,3.0,900.0,135.0,1035.0,,True,False,,
JIM001,00006775,Crd Note,2023-11-09,2023-11,S.1,D/N 6791 EMPTIES,CYL,CYL,-3.0,-900.0,-135.0,-1035.0,,True,False,,
JIM001,00026403,Invoice,2023-11-09,2023-11,S.3,D/N 6791,LPG,LPG,3.0,3369.6,505.44,3875.04,,False,True,,
JIM001,00026404,Invoice,2023-11-09,2023-11,S.1,D/N 6791 EMPTIES,CYL,CYL,3.0,900.0,135.0,1035.0,,True,False,,
JIM001,00006904,Crd Note,2023-11-23,2023-11,S.1,D/N 7042 EMPTIES,CYL,CYL,-3.0,-900.0,-135.0,-1035.0,,True,False,,
JIM001,00026892,Invoice,2023-11-23,2023-11,S.4,D/N 7042,LPG,LPG,2.0,2246.4,336.96,2583.36,,False,True,,
JIM001,00026892,Invoice,2023-11-23,2023-11,D.3,D/N 7042,LPG,LPG,1.0,1123.2,168.48,1291.68,,False,True,,
JIM001,00026893,Invoice,2023-11-23,2023-11,D.1,D/N 7042 EMPTIES,CYL,CYL,1.0,300.0,45.0,345.0,,True,False,,
JIM001,00026893,Invoice,2023-11-23,2023-11,S.1,D/N 7042 EMPTIES,CYL,CYL,2.0,600.0,90.0,690.0,,True,False,,
JIM001,00006957,Crd Note,2023-11-30,2023-11,S.1,D/N 7068 EMPTIES,CYL,CYL,-3.0,-900.0,-135.0,-1035.0,,True,False,,
JIM001,00027132,Invoice,2023-12-01,2023-12,D.3,D/N 7068,LPG,LPG,2.0,2246.4,336.96,2583.36,,False,True,,
JIM001,00027133,Invoice,2023-12-01,2023-12,D.1,D/N 7068 EMPTIES,CYL,CYL,2.0,600.0,90.0,690.0,,True,False,,
JIM001,00007020,Crd Note,2023-12-07,2023-12,S.1,D/N 7115 EMPTIES,CYL,CYL,-1.0,-300.0,-45.0,-345.0,,True,False,,
JIM001,00007020,Crd Note,2023-12-07,2023-12,D.1,D/N 7115 EMPTIES,CYL,CYL,-2.0,-600.0,-90.0,-690.0,,True,False,,
JIM001,00027384,Invoice,2023-12-07,2023-12,S01,D/N 7155,LPG,LPG,3.0,3511.1,526.66,4037.7601,,False,True,,
JIM001,00027385,Invoice,2023-12-07,2023-12,S.1,D/N 7115 EMPTIES,CYL,CYL,3.0,900.0,135.0,1035.0,,True,False,,
JIM001,00027641,Invoice,2023-12-14,2023-12,S01,D/N 7130,LPG,LPG,3.0,3511.11,526.67,4037.78,,False,True,,
JIM001,00007156,Crd Note,2023-12-21,2023-12,D.1,D/N 7149 EMPTIES-2,CYL,CYL,-1.0,-300.0,-45.0,-345.0,,True,False,,
JIM001,00007156,Crd Note,2023-12-21,2023-12,S.1,D/N 7149 EMPTIES-2,CYL,CYL,-5.0,-1500.0,-225.0,-1725.0,,True,False,,
JIM001,00027897,Invoice,2023-12-21,2023-12,S01,D/N 7149,LPG,LPG,3.0,3511.11,526.67,4037.78,,False,True,,
JIM001,00027972,Invoice,2023-12-21,2023-12,S.1,D/N 7149 EMPTIES-2,CYL,CYL,3.0,900.0,135.0,1035.0,,True,False,,
JIM001,00007204,Crd Note,2023-12-29,2023-12,S.3,WRONG QTY,LPG,LPG,-2.0,-2340.74,-351.11,-2691.85,,False,True,,
JIM001,00007210,Crd Note,2023-12-29,2023-12,S.1,D/N 7164 EMPTIES,CYL,CYL,-2.0,-600.0,-90.0,-690.0,,True,False,,
JIM001,00028136,Invoice,2023-12-29,2023-12,S.3,D/N 7164,LPG,LPG,2.0,2340.74,351.11,2691.85,,False,True,,
JIM001,00028137,Invoice,2023-12-29,2023-12,S.1,D/N 7164 EMPTIES,CYL,CYL,3.0,900.0,135.0,1035.0,,True,False,,
JIM001,00028140,Invoice,2023-12-29,2023-12,S.3,D/N 7164-2,LPG,LPG,3.0,3511.11,526.67,4037.78,,False,True,,
JIM001,00007247,Crd Note,2024-01-04,2024-01,S01,WRONG QTY,LPG,LPG,-2.0,-2349.1,-352.36,-2701.46,,False,True,,
JIM001,00007248,Crd Note,2024-01-04,2024-01,S.1,WRONG QTY,CYL,CYL,-2.0,-600.0,-90.0,-690.0,,True,False,,
JIM001,00007253,Crd Note,2024-01-04,2024-01,S.1,D/N 7177 EMPTIES-2,CYL,CYL,-3.0,-900.0,-135.0,-1035.0,,True,False,,
JIM001,00028328,Invoice,2024-01-04,2024-01,S01,D/N 7177,LPG,LPG,2.0,2349.1,352.36,2701.46,,False,True,,
JIM001,00028329,Invoice,2024-01-04,2024-01,S.1,D/N 7177 EMPTIES,CYL,CYL,2.0,600.0,90.0,690.0,,True,False,,
JIM001,00028330,Invoice,2024-01-04,2024-01,S01,D/N 7177 -2,LPG,LPG,3.0,3523.65,528.55,4052.2,,False,True,,
JIM001,00028331,Invoice,2024-01-04,2024-01,S.1,D/N 7177 EMPTIES-2,CYL,CYL,3.0,900.0,135.0,1035.0,,True,False,,
JIM001,00007291,Crd Note,2024-01-11,2024-01,S.1,D/N 7193 EMPTIES,CYL,CYL,-3.0,-900.0,-135.0,-1035.0,,True,False,,
JIM001,00028565,Invoice,2024-01-11,2024-01,S01,D/N 7193,LPG,LPG,2.0,2349.1,352.36,2701.46,,False,True,,
JIM001,00028586,Invoice,2024-01-11,2024-01,S.1,D/N 7193 EMPTIES,CYL,CYL,2.0,600.0,90.0,690.0,,True,False,,
JIM001,00007339,Crd Note,2024-01-18,2024-01,9.1,D/N 7738 EMPTIES,CYL,CYL,-1.0,-300.0,-45.0,-345.0,,True,False,,
JIM001,00007339,Crd Note,2024-01-18,2024-01,S.1,D/N 7738 EMPTIES,CYL,CYL,-1.0,-300.0,-45.0,-345.0,,True,False,,
JIM001,00028751,Invoice,2024-01-18,2024-01,S01,D/N 7738,LPG,LPG,1.0,1174.55,176.18,1350.73,,False,True,,
JIM001,00028751,Invoice,2024-01-18,2024-01,901,D/N 7738,LPG,LPG,1.0,220.23,33.04,253.27,,False,True,,
JIM001,00028752,Invoice,2024-01-18,2024-01,S.1,D/N 7738 EMPTIES,CYL,CYL,1.0,300.0,45.0,345.0,,True,False,,
JIM001,00028752,Invoice,2024-01-18,2024-01,9.1,D/N 7738 EMPTIES,CYL,CYL,1.0,300.0,45.0,345.0,,True,False,,
JIM001,00007379,Crd Note,2024-01-25,2024-01,S.1,D/N 3708 EMPTIES,CYL,CYL,-3.0,-900.0,-135.0,-1035.0,,True,False,,
JIM001,00028959,Invoice,2024-01-25,2024-01,S01,D/N 3708,LPG,LPG,2.0,2389.26,358.39,2747.65,,False,True,,
JIM001,00028960,Invoice,2024-01-25,2024-01,S.1,D/N 3708 EMPTIES,CYL,CYL,2.0,600.0,90.0,690.0,,True,False,,
JIM001,00007418,Crd Note,2024-02-01,2024-02,S.1,D/N 7777 EMPTIES,CYL,CYL,-3.0,-900.0,-135.0,-1035.0,,True,False,,
JIM001,00029161,Invoice,2024-02-01,2024-02,D01,D.N 7777,LPG,LPG,3.0,3583.89,537.58,4121.47,,False,True,,
JIM001,00029162,Invoice,2024-02-01,2024-02,D.1,D/N 7777 EMPTIES,CYL,CYL,3.0,900.0,135.0,1035.0,,True,False,,
JIM001,00007453,Crd Note,2024-02-08,2024-02,S.1,D/N 7796 EMPTIES,CYL,CYL,-2.0,-600.0,-90.0,-690.0,,True,False,,
JIM001,00007453,Crd Note,2024-02-08,2024-02,D.1,D/N 7796 EMPTIES,CYL,CYL,-1.0,-300.0,-45.0,-345.0,,True,False,,
JIM001,00029384,Invoice,2024-02-08,2024-02,S.3,D/N 7796,LPG,LPG,3.0,3630.21,544.53,4174.74,,False,True,,
JIM001,00029385,Invoice,2024-02-08,2024-02,S.1,D/N 7796 EMPTIES,CYL,CYL,3.0,900.0,135.0,1035.0,,True,False,,
JIM001,00007484,Crd Note,2024-02-15,2024-02,S.1,D/N 7820 EMPTIES,CYL,CYL,-2.0,-600.0,-90.0,-690.0,,True,False,,
JIM001,00029584,Invoice,2024-02-15,2024-02,S.3,D/N 7820,LPG,LPG,2.0,2420.14,363.02,2783.16,,False,True,,
JIM001,00029585,Invoice,2024-02-15,2024-02,S.1,D/N 7820 EMPTIES,CYL,CYL,2.0,600.0,90.0,690.0,,True,False,,
JIM001,00007523,Crd Note,2024-02-22,2024-02,S.1,D/N 7853 EMPTIES,CYL,CYL,-2.0,-600.0,-90.0,-690.0,,True,False,,
JIM001,00029763,Invoice,2024-02-22,2024-02,S.3,D/N 7853,LPG,LPG,2.0,2420.14,363.02,2783.16,,False,True,,
JIM001,00029764,Invoice,2024-02-22,2024-02,S.1,D/N 7853 EMPTIES,CYL,CYL,2.0,600.0,90.0,690.0,,True,False,,
JIM001,00007576,Crd Note,2024-03-01,2024-03,S.1,D/N 7886,CYL,CYL,-2.0,-1040.0,-156.0,-1196.0,,True,False,,
JIM001,00030008,Invoice,2024-03-01,2024-03,S.3,D/N 7886,LPG,LPG,2.0,2420.04,363.01,2783.05,,False,True,,
JIM001,00030012,Invoice,2024-03-01,2024-03,S.1,D/N 7886,CYL,CYL,2.0,1040.0,156.0,1196.0,,True,False,,
JIM001,00030147,Invoice,2024-03-05,2024-03,S.3,DN8006,LPG,LPG,3.0,3625.65,543.85,4169.5,,False,True,,
JIM001,00030148,Invoice,2024-03-05,2024-03,S.1,DN8006,CYL,CYL,3.0,900.0,135.0,1035.0,,True,False,,
JIM001,00007605,Crd Note,2024-03-06,2024-03,S.1,DN8006,CYL,CYL,-3.0,-900.0,-135.0,-1035.0,,True,False,,
JIM001,00030414,Invoice,2024-03-15,2024-03,D.3,DN#3786,LPG,LPG,2.0,2447.14,367.07,2814.21,,False,True,,
JIM001,00030537,Invoice,2024-03-19,2024-03,S01,DN#8053 SO#7970,LPG,LPG,1.0,1223.57,183.54,1407.11,,False,True,,
JIM001,00030537,Invoice,2024-03-19,2024-03,S.4,DN#8053 SO#7970,LPG,LPG,1.0,1223.57,183.53,1407.1,,False,True,,
JIM001,00030806,Invoice,2024-03-28,2024-03,S.4,DN#8084 SO#8052,LPG,LPG,2.0,2447.14,367.07,2814.21,,False,True,,
JIM001,00030977,Invoice,2024-04-04,2024-04,S01,DN#8759 SO#8109,LPG,LPG,2.0,2447.14,367.07,2814.21,,False,True,,
JIM001,00031002,Invoice,2024-04-04,2024-04,S.1,30977- EMPTY,CYL,CYL,2.0,1040.0,156.0,1196.0,,True,False,,
JIM001,00007950,Crd Note,2024-04-05,2024-04,S.1,30977- EMPTY,CYL,CYL,-2.0,-1040.0,-156.0,-1196.0,,True,False,,
JIM001,00008041,Crd Note,2024-04-11,2024-04,S.1,31201- EMPTY,CYL,CYL,-2.0,-1040.0,-156.0,-1196.0,,True,False,,
JIM001,00031201,Invoice,2024-04-11,2024-04,S.3,DN#8782 SO#8181,LPG,LPG,2.0,2433.7,365.05,2798.75,,False,True,,
JIM001,00031212,Invoice,2024-04-11,2024-04,S.1,31201- EMPTY,CYL,CYL,2.0,1040.0,156.0,1196.0,,True,False,,
JIM001,00008117,Crd Note,2024-04-18,2024-04,S.1,31413- EMPTY,CYL,CYL,-3.0,-1560.0,-234.0,-1794.0,,True,False,,
JIM001,00031413,Invoice,2024-04-18,2024-04,S01,DN#8801,LPG,LPG,3.0,3663.6,549.54,4213.14,,False,True,,
JIM001,00031426,Invoice,2024-04-18,2024-04,S.1,31413- EMPTY,CYL,CYL,3.0,1560.0,234.0,1794.0,,True,False,,
JIM001,00008209,Crd Note,2024-04-26,2024-04,S.1,31640-EMPTY,CYL,CYL,-2.0,-1040.0,-156.0,-1196.0,,True,False,,
JIM001,00031640,Invoice,2024-04-26,2024-04,S.4,DN#8825 SO#8284,LPG,LPG,2.0,2442.4,366.36,2808.76,,False,True,,
JIM001,00031655,Invoice,2024-04-26,2024-04,S.1,31640-EMPTY,CYL,CYL,2.0,1040.0,156.0,1196.0,,True,False,,
JIM001,00031801,Invoice,2024-05-02,2024-05,S.4,DN#8841,LPG,LPG,3.0,3663.6,549.54,4213.14,,False,True,,
JIM001,00031806,Invoice,2024-05-02,2024-05,S.1,31801- EMPTY,CYL,CYL,3.0,1560.0,234.0,1794.0,,True,False,,
JIM001,00012314,Crd Note,2024-05-03,2024-05,S.1,EMPTIES PRICE FIX,CYL,CYL,-4.0,-1200.0,-180.0,-1380.0,,True,False,,
JIM001,00008280,Crd Note,2024-05-03,2024-05,S.1,31801- EMPTY,CYL,CYL,-4.0,-2080.0,-312.0,-2392.0,,True,False,,
JIM001,00042406,Invoice,2024-05-03,2024-05,S.1,EMPTIES PRICE FIX,CYL,CYL,4.0,2080.0,312.0,2392.0,,True,False,,
JIM001,00008359,Crd Note,2024-05-09,2024-05,S.1,31997 - EMPTY,CYL,CYL,-3.0,-1560.0,-234.0,-1794.0,,True,False,,
JIM001,00031997,Invoice,2024-05-09,2024-05,S01,DN#8718,LPG,LPG,3.0,3663.6,549.54,4213.14,,False,True,,
JIM001,00031998,Invoice,2024-05-09,2024-05,S.1,31997 - EMPTY,CYL,CYL,3.0,1560.0,234.0,1794.0,,True,False,,
JIM001,00008461,Crd Note,2024-05-17,2024-05,S.1,32219-EMPTY,CYL,CYL,-2.0,-1040.0,-156.0,-1196.0,,True,False,,
JIM001,00032219,Invoice,2024-05-17,2024-05,S.3,DN#8749,LPG,LPG,2.0,2442.4,366.36,2808.76,,False,True,,
JIM001,00032220,Invoice,2024-05-17,2024-05,S.1,32219-EMPTY,CYL,CYL,2.0,1040.0,156.0,1196.0,,True,False,,
JIM001,00032409,Invoice,2024-05-24,2024-05,S.4,DN#8916,LPG,LPG,2.0,2442.4,366.36,2808.76,,False,True,,
JIM001,00032410,Invoice,2024-05-24,2024-05,S.1,32409-EMPTY,CYL,CYL,2.0,1040.0,156.0,1196.0,,True,False,,
JIM001,00008533,Crd Note,2024-05-25,2024-05,S.1,32409-EMPTY,CYL,CYL,-2.0,-1040.0,-156.0,-1196.0,,True,False,,
JIM001,00032531,Invoice,2024-05-28,2024-05,S.3,DN#8499,LPG,LPG,2.0,2442.4,366.36,2808.76,,False,True,,
JIM001,00032532,Invoice,2024-05-28,2024-05,S.1,32531-EMPTIES,CYL,CYL,2.0,1040.0,156.0,1196.0,,True,False,,
JIM001,00008579,Crd Note,2024-05-29,2024-05,S.1,32531-EMPTIES,CYL,CYL,-2.0,-1040.0,-156.0,-1196.0,,True,False,,
JIM001,00008612,Crd Note,2024-05-31,2024-05,S.1,32614-EMPTY,CYL,CYL,-1.0,-520.0,-78.0,-598.0,,True,False,,
JIM001,00032614,Invoice,2024-05-31,2024-05,S.4,DN#8512,LPG,LPG,1.0,1221.2,183.18,1404.38,,False,True,,
JIM001,00032615,Invoice,2024-05-31,2024-05,S.1,32614-EMPTY,CYL,CYL,1.0,520.0,78.0,598.0,,True,False,,
JIM001,00008690,Crd Note,2024-06-06,2024-06,S.1,32787-EMPTY,CYL,CYL,-2.0,-1040.0,-156.0,-1196.0,,True,False,,
JIM001,00032787,Invoice,2024-06-06,2024-06,S.3,DN#8532,LPG,LPG,2.0,2442.4,366.36,2808.76,,False,True,,
JIM001,00032812,Invoice,2024-06-06,2024-06,S.1,32787-EMPTY,CYL,CYL,2.0,1040.0,156.0,1196.0,,True,False,,
JIM001,00008781,Crd Note,2024-06-11,2024-06,S.1,32976- EMPTY,CYL,CYL,-3.0,-1560.0,-234.0,-1794.0,,True,False,,
JIM001,00032976,Invoice,2024-06-11,2024-06,S.4,DN#9064,LPG,LPG,3.0,3600.99,540.15,4141.14,,False,True,,
JIM001,00032985,Invoice,2024-06-11,2024-06,S.1,32976- EMPTY,CYL,CYL,3.0,1560.0,234.0,1794.0,,True,False,,
JIM001,00008915,Crd Note,2024-06-20,2024-06,S.1,22372- EMPTY,CYL,CYL,-3.0,-1560.0,-234.0,-1794.0,,True,False,,
JIM001,00033272,Invoice,2024-06-20,2024-06,S.3,DN#9101,LPG,LPG,3.0,3600.99,540.15,4141.14,,False,True,,
JIM001,00033273,Invoice,2024-06-20,2024-06,S.1,22372- EMPTY,CYL,CYL,3.0,1560.0,234.0,1794.0,,True,False,,
JIM001,00009041,Crd Note,2024-06-27,2024-06,S.1,33533-EMPTY,CYL,CYL,-3.0,-1560.0,-234.0,-1794.0,,True,False,,
JIM001,00033533,Invoice,2024-06-27,2024-06,S.3,DN#9130,LPG,LPG,3.0,3600.99,540.15,4141.14,,False,True,,
JIM001,00033534,Invoice,2024-06-27,2024-06,S.1,33533-EMPTY,CYL,CYL,3.0,1560.0,234.0,1794.0,,True,False,,
JIM001,00012313,Crd Note,2024-07-04,2024-07,INT-30,INTEREST- JUNE 2024,OTHER,OTHER,-1.0,-274.67,-41.2,-315.87,,False,False,,
JIM001,00012313,Crd Note,2024-07-04,2024-07,INT-30,INTEREST- JUNE 2024,OTHER,OTHER,-1.0,-305.3,-45.79,-351.09,,False,False,,
JIM001,00012313,Crd Note,2024-07-04,2024-07,INT-30,INTEREST- JUNE 2024,OTHER,OTHER,-1.0,-334.67,-50.2,-384.87,,False,False,,
JIM001,00009161,Crd Note,2024-07-04,2024-07,S.1,33806- EMPTY,CYL,CYL,-3.0,-1560.0,-234.0,-1794.0,,True,False,,
JIM001,00033806,Invoice,2024-07-04,2024-07,S.3,D/N 9763,LPG,LPG,3.0,3600.99,540.15,4141.14,,False,True,,
JIM001,00033807,Invoice,2024-07-04,2024-07,S.1,33806- EMPTY,CYL,CYL,3.0,1560.0,234.0,1794.0,,True,False,,
JIM001,00033830,Invoice,2024-07-04,2024-07,INT-30,INTEREST- JUNE 2024,OTHER,OTHER,1.0,305.3,45.79,351.09,,False,False,,
JIM001,00033830,Invoice,2024-07-04,2024-07,INT-30,INTEREST- JUNE 2024,OTHER,OTHER,1.0,274.67,41.2,315.87,,False,False,,
JIM001,00033830,Invoice,2024-07-04,2024-07,INT-30,INTEREST- JUNE 2024,OTHER,OTHER,1.0,334.67,50.2,384.87,,False,False,,
JIM001,00009314,Crd Note,2024-07-11,2024-07,S.1,34098-EMPTY,CYL,CYL,-2.0,-1040.0,-156.0,-1196.0,,True,False,,
JIM001,00034098,Invoice,2024-07-11,2024-07,S.3,DN#9798,LPG,LPG,3.0,3600.99,540.15,4141.14,,False,True,,
JIM001,00034099,Invoice,2024-07-11,2024-07,S.1,34098-EMPTY,CYL,CYL,3.0,1560.0,234.0,1794.0,,True,False,,
JIM001,00009419,Crd Note,2024-07-18,2024-07,S.1,34326-EMPTY,CYL,CYL,-1.0,-520.0,-78.0,-598.0,,True,False,,
JIM001,00034326,Invoice,2024-07-18,2024-07,S.4,DN#9590,LPG,LPG,1.0,1200.33,180.05,1380.38,,False,True,,
JIM001,00034329,Invoice,2024-07-18,2024-07,S.1,34326-EMPTY,CYL,CYL,1.0,520.0,78.0,598.0,,True,False,,
JIM001,00034383,Invoice,2024-07-19,2024-07,S.3,DN#9822,LPG,LPG,2.0,2400.66,360.1,2760.76,,False,True,,
JIM001,00034383,Invoice,2024-07-19,2024-07,901,DN#9822,LPG,LPG,1.0,225.06,33.76,258.82,,False,True,,
JIM001,00034384,Invoice,2024-07-19,2024-07,9.1,34383-EMPTY,CYL,CYL,1.0,520.0,78.0,598.0,,True,False,,
JIM001,00034384,Invoice,2024-07-19,2024-07,S.1,34383-EMPTY,CYL,CYL,2.0,1040.0,156.0,1196.0,,True,False,,
JIM001,00009454,Crd Note,2024-07-20,2024-07,S.1,34383-EMPTY,CYL,CYL,-2.0,-1040.0,-156.0,-1196.0,,True,False,,
JIM001,00009454,Crd Note,2024-07-20,2024-07,9.1,34383-EMPTY,CYL,CYL,-1.0,-520.0,-78.0,-598.0,,True,False,,
JIM001,00034614,Invoice,2024-07-26,2024-07,S.4,DN#9624,LPG,LPG,2.0,2400.66,360.1,2760.76,,False,True,,
JIM001,00034615,Invoice,2024-07-26,2024-07,S.1,34614-EMPTY,CYL,CYL,2.0,1040.0,156.0,1196.0,,True,False,,
JIM001,00009547,Crd Note,2024-07-27,2024-07,S.1,34614-EMPTY,CYL,CYL,-2.0,-1040.0,-156.0,-1196.0,,True,False,,
JIM001,00009641,Crd Note,2024-08-02,2024-08,S.1,34849- EMPTY,CYL,CYL,-3.0,-900.0,-135.0,-1035.0,,True,False,,
JIM001,00034849,Invoice,2024-08-02,2024-08,S.3,DN#9368,LPG,LPG,2.0,2400.66,360.1,2760.76,,False,True,,
JIM001,00034850,Invoice,2024-08-02,2024-08,S.1,34849- EMPTY,CYL,CYL,2.0,600.0,90.0,690.0,,True,False,,
JIM001,00009770,Crd Note,2024-08-08,2024-08,S.1,35094-EMPTY,CYL,CYL,-3.0,-1560.0,-234.0,-1794.0,,True,False,,
JIM001,00035094,Invoice,2024-08-08,2024-08,S.3,DN#9390,LPG,LPG,3.0,3600.99,540.15,4141.14,,False,True,,
JIM001,00035095,Invoice,2024-08-08,2024-08,S.1,35094-EMPTY,CYL,CYL,3.0,1560.0,234.0,1794.0,,True,False,,
JIM001,00009865,Crd Note,2024-08-15,2024-08,S.1,35297-EMPTY,CYL,CYL,-2.0,-1040.0,-156.0,-1196.0,,True,False,,
JIM001,00035297,Invoice,2024-08-15,2024-08,S01,DN310963,LPG,LPG,3.0,3600.99,540.15,4141.14,,False,True,,
JIM001,00035298,Invoice,2024-08-15,2024-08,S.1,35297-EMPTY,CYL,CYL,3.0,1560.0,234.0,1794.0,,True,False,,
JIM001,00009970,Crd Note,2024-08-23,2024-08,S.1,35522-EMPTY,CYL,CYL,-1.0,-520.0,-78.0,-598.0,,True,False,,
JIM001,00035522,Invoice,2024-08-23,2024-08,S.3,DN#11000,LPG,LPG,1.0,1200.33,180.05,1380.38,,False,True,,
JIM001,00035523,Invoice,2024-08-23,2024-08,S.1,35522-EMPTY,CYL,CYL,1.0,520.0,78.0,598.0,,True,False,,
JIM001,00010086,Crd Note,2024-08-30,2024-08,S.1,35749-EMPTY,CYL,CYL,-2.0,-1040.0,-156.0,-1196.0,,True,False,,
JIM001,00035749,Invoice,2024-08-30,2024-08,S.3,DN#10915,LPG,LPG,2.0,2400.66,360.1,2760.76,,False,True,,
JIM001,00035750,Invoice,2024-08-30,2024-08,S.1,35749-EMPTY,CYL,CYL,2.0,1040.0,156.0,1196.0,,True,False,,
JIM001,00035961,Invoice,2024-09-05,2024-09,S.3,D/N 11563,LPG,LPG,1.0,1200.33,180.05,1380.38,,False,True,,
JIM001,00035962,Invoice,2024-09-05,2024-09,S.1,EMPTY 11563,CYL,CYL,1.0,520.0,78.0,598.0,,True,False,,
JIM001,00010168,Crd Note,2024-09-06,2024-09,S.1,EMPTY 11563,CYL,CYL,-2.0,-1040.0,-156.0,-1196.0,,True,False,,
JIM001,00010168,Crd Note,2024-09-06,2024-09,9.1,EMPTY 11563,CYL,CYL,-1.0,-520.0,-78.0,-598.0,,True,False,,
JIM001,00010186,Crd Note,2024-09-06,2024-09,S.1,35990-EMPTY,CYL,CYL,-1.0,-520.0,-78.0,-598.0,,True,False,,
JIM001,00035990,Invoice,2024-09-06,2024-09,S.3,DN#11567,LPG,LPG,2.0,2400.66,360.1,2760.76,,False,True,,
JIM001,00035991,Invoice,2024-09-06,2024-09,S.1,35990-EMPTY,CYL,CYL,2.0,1040.0,156.0,1196.0,,True,False,,
JIM001,00036191,Invoice,2024-09-12,2024-09,901,D/N 11584,LPG,LPG,1.0,222.95,33.44,256.39,,False,True,,
JIM001,00036191,Invoice,2024-09-12,2024-09,S01,D/N 11584,LPG,LPG,3.0,3567.18,535.08,4102.26,,False,True,,
JIM001,00036192,Invoice,2024-09-12,2024-09,9.1,36191 EMPTY,CYL,CYL,1.0,520.0,78.0,598.0,,True,False,,
JIM001,00036192,Invoice,2024-09-12,2024-09,S.1,36191 EMPTY,CYL,CYL,3.0,1560.0,234.0,1794.0,,True,False,,
JIM001,00010276,Crd Note,2024-09-13,2024-09,S.1,36191 EMPTY,CYL,CYL,-3.0,-1560.0,-234.0,-1794.0,,True,False,,
JIM001,00010361,Crd Note,2024-09-18,2024-09,S.1,36395-EMPTY,CYL,CYL,-2.0,-1040.0,-156.0,-1196.0,,True,False,,
JIM001,00036395,Invoice,2024-09-18,2024-09,S01,DN#11481,LPG,LPG,3.0,3567.18,535.08,4102.26,,False,True,,
JIM001,00036396,Invoice,2024-09-18,2024-09,S.1,36395-EMPTY,CYL,CYL,3.0,1560.0,234.0,1794.0,,True,False,,
JIM001,00010495,Crd Note,2024-09-26,2024-09,S.1,36680-EMPTY,CYL,CYL,-3.0,-1560.0,-234.0,-1794.0,,True,False,,
JIM001,00036680,Invoice,2024-09-26,2024-09,S.4,DN#11646,LPG,LPG,2.0,2378.12,356.72,2734.84,,False,True,,
JIM001,00036681,Invoice,2024-09-26,2024-09,S.1,36680-EMPTY,CYL,CYL,2.0,1040.0,156.0,1196.0,,True,False,,
JIM001,00036945,Invoice,2024-10-03,2024-10,S01,DN#10397,LPG,LPG,2.0,2082.03,312.31,2394.34,,False,True,,
JIM001,00036946,Invoice,2024-10-03,2024-10,S.1,36945-EMPTY,CYL,CYL,2.0,904.35,135.65,1040.0,,True,False,,
JIM001,00010648,Crd Note,2024-10-05,2024-10,S01,DN#10397,LPG,LPG,-2.0,-2082.03,-312.31,-2394.34,,False,True,,
JIM001,00037020,Invoice,2024-10-05,2024-10,S01,DN#10397,LPG,LPG,2.0,2394.33,359.15,2753.48,,False,True,,
JIM001,00010668,Crd Note,2024-10-07,2024-10,S.1,36945-EMPTY,CYL,CYL,-2.0,-1040.0,-156.0,-1196.0,,True,False,,
JIM001,00037216,Invoice,2024-10-11,2024-10,S.4,DN#10210,LPG,LPG,2.0,2394.34,359.15,2753.49,,False,True,,
JIM001,00037217,Invoice,2024-10-11,2024-10,S.1,37216-EMPTY,CYL,CYL,2.0,1040.0,156.0,1196.0,,True,False,,
JIM001,00010743,Crd Note,2024-10-12,2024-10,S.1,37216-EMPTY,CYL,CYL,-2.0,-1040.0,-156.0,-1196.0,,True,False,,
JIM001,00010806,Crd Note,2024-10-17,2024-10,S.1,37363-EMPTY,CYL,CYL,-2.0,-1040.0,-156.0,-1196.0,,True,False,,
JIM001,00037363,Invoice,2024-10-17,2024-10,S01,DN#10134,LPG,LPG,2.0,2394.34,359.15,2753.49,,False,True,,
JIM001,00037364,Invoice,2024-10-17,2024-10,S.1,37363-EMPTY,CYL,CYL,2.0,1040.0,156.0,1196.0,,True,False,,
JIM001,00037619,Invoice,2024-10-25,2024-10,9.4,DN#11151,LPG,LPG,1.0,224.47,33.67,258.14,,False,True,,
JIM001,00037619,Invoice,2024-10-25,2024-10,S.4,DN#11151,LPG,LPG,2.0,2394.34,359.15,2753.49,,False,True,,
JIM001,00037620,Invoice,2024-10-25,2024-10,S.1,37619-EMPTY,CYL,CYL,2.0,1040.0,156.0,1196.0,,True,False,,
JIM001,00037620,Invoice,2024-10-25,2024-10,9.1,37619-EMPTY,CYL,CYL,1.0,520.0,78.0,598.0,,True,False,,
JIM001,00010919,Crd Note,2024-10-26,2024-10,9.1,37619-EMPTY,CYL,CYL,-1.0,-520.0,-78.0,-598.0,,True,False,,
JIM001,00010919,Crd Note,2024-10-26,2024-10,S.1,37619-EMPTY,CYL,CYL,-3.0,-1560.0,-234.0,-1794.0,,True,False,,
JIM001,00010998,Crd Note,2024-10-31,2024-10,S.1,EMPTIES 10285,CYL,CYL,-2.0,-1040.0,-156.0,-1196.0,,True,False,,
JIM001,00037799,Invoice,2024-10-31,2024-10,S.4,D/N 10285,LPG,LPG,2.0,2394.34,359.15,2753.49,,False,True,,
JIM001,00037800,Invoice,2024-10-31,2024-10,S.1,EMPTIES 10285,CYL,CYL,2.0,1040.0,156.0,1196.0,,True,False,,
JIM001,00011101,Crd Note,2024-11-07,2024-11,S.1,38040-EMPTY,CYL,CYL,-2.0,-1040.0,-156.0,-1196.0,,True,False,,
JIM001,00038040,Invoice,2024-11-07,2024-11,S01,DN#11184,LPG,LPG,2.0,2420.26,363.04,2783.3,,False,True,,
JIM001,00038040,Invoice,2024-11-07,2024-11,S.4,DN#11184,LPG,LPG,1.0,1210.13,181.52,1391.65,,False,True,,
JIM001,00038041,Invoice,2024-11-07,2024-11,S.1,38040-EMPTY,CYL,CYL,3.0,1560.0,234.0,1794.0,,True,False,,
JIM001,00011200,Crd Note,2024-11-14,2024-11,S.1,38266-EMPTY,CYL,CYL,-3.0,-1560.0,-234.0,-1794.0,,True,False,,
JIM001,00038266,Invoice,2024-11-14,2024-11,S01,DN#11213,LPG,LPG,2.0,2420.26,363.04,2783.3,,False,True,,
JIM001,00038267,Invoice,2024-11-14,2024-11,S.1,38266-EMPTY,CYL,CYL,2.0,1040.0,156.0,1196.0,,True,False,,
JIM001,00011277,Crd Note,2024-11-21,2024-11,S.1,38455-EMPTY,CYL,CYL,-2.0,-1040.0,-156.0,-1196.0,,True,False,,
JIM001,00038456,Invoice,2024-11-21,2024-11,S.3,DN#10350,LPG,LPG,2.0,2420.26,363.04,2783.3,,False,True,,
JIM001,00038457,Invoice,2024-11-21,2024-11,S.1,38455-EMPTY,CYL,CYL,2.0,1040.0,156.0,1196.0,,True,False,,
JIM001,00011351,Crd Note,2024-11-29,2024-11,S.1,11242 EMPTY,CYL,CYL,-2.0,-600.0,-90.0,-690.0,,True,False,,
JIM001,00038664,Invoice,2024-11-29,2024-11,S01,D/N 11242,LPG,LPG,2.0,2420.26,363.04,2783.3,,False,True,,
JIM001,00038665,Invoice,2024-11-29,2024-11,S.1,11242 EMPTY,CYL,CYL,2.0,600.0,90.0,690.0,,True,False,,
JIM001,00011394,Crd Note,2024-12-04,2024-12,S.1,38820-EMPTY,CYL,CYL,-3.0,-3150.0,-472.5,-3622.5,,True,False,,
JIM001,00038820,Invoice,2024-12-04,2024-12,S01,DN#10789,LPG,LPG,3.0,3630.39,544.56,4174.95,,False,True,,
JIM001,00038821,Invoice,2024-12-04,2024-12,S.1,38820-EMPTY,CYL,CYL,3.0,3150.0,472.5,3622.5,,True,False,,
JIM001,00039008,Invoice,2024-12-12,2024-12,S.4,DN#10826,LPG,LPG,3.0,3796.2,569.43,4365.63,,False,True,,
JIM001,00039008,Invoice,2024-12-12,2024-12,S.1,DN#10826,CYL,CYL,3.0,3150.0,472.5,3622.5,,True,False,,
JIM001,00011464,Crd Note,2024-12-13,2024-12,S.1,DN#10826,CYL,CYL,-3.0,-3150.0,-472.5,-3622.5,,True,False,,
JIM001,00011509,Crd Note,2024-12-18,2024-12,S.1,D/N 11965,CYL,CYL,-2.0,-2100.0,-315.0,-2415.0,,True,False,,
JIM001,00039149,Invoice,2024-12-18,2024-12,S.1,D/N 11965,CYL,CYL,3.0,3150.0,472.5,3622.5,,True,False,,
JIM001,00039149,Invoice,2024-12-18,2024-12,S.4,D/N 11965,LPG,LPG,3.0,3796.2,569.43,4365.63,,False,True,,
JIM001,00011570,Crd Note,2024-12-23,2024-12,S.1,DN#11985,CYL,CYL,-2.0,-2100.0,-315.0,-2415.0,,True,False,,
JIM001,00039307,Invoice,2024-12-23,2024-12,S.1,DN#11985,CYL,CYL,2.0,2100.0,315.0,2415.0,,True,False,,
JIM001,00039307,Invoice,2024-12-23,2024-12,S01,DN#11985,LPG,LPG,2.0,2530.8,379.62,2910.42,,False,True,,
JIM001,00039558,Invoice,2025-01-02,2025-01,S.4,DN11901,LPG,LPG,2.0,2565.86,384.88,2950.74,,False,True,,
JIM001,00011660,Crd Note,2025-01-09,2025-01,S.1,39714-EMPTY,CYL,CYL,-4.0,-4200.0,-630.0,-4830.0,,True,False,,
JIM001,00039714,Invoice,2025-01-09,2025-01,D01,DN#11916,LPG,LPG,3.0,3814.98,572.25,4387.23,,False,True,,
JIM001,00039715,Invoice,2025-01-09,2025-01,D.1,39714-EMPTY,CYL,CYL,3.0,3150.0,472.5,3622.5,,True,False,,
JIM001,00039898,Invoice,2025-01-15,2025-01,S01,D/N 9315,LPG,LPG,3.0,3814.98,572.25,4387.23,,False,True,,
JIM001,00039899,Invoice,2025-01-15,2025-01,S.1,EMPTY 9315,CYL,CYL,3.0,3150.0,472.5,3622.5,,True,False,,
JIM001,00011693,Crd Note,2025-01-16,2025-01,S.1,EMPTY 9315,CYL,CYL,-2.0,-2100.0,-315.0,-2415.0,,True,False,,
JIM001,00011757,Crd Note,2025-01-24,2025-01,S.1,DN#9347-EMPTY,CYL,CYL,-2.0,-2100.0,-315.0,-2415.0,,True,False,,
JIM001,00040143,Invoice,2025-01-24,2025-01,S01,DN#9347,LPG,LPG,2.0,2543.32,381.5,2924.82,,False,True,,
JIM001,00040144,Invoice,2025-01-24,2025-01,S.1,DN#9347-EMPTY,CYL,CYL,2.0,2100.0,315.0,2415.0,,True,False,,
JIM001,00040319,Invoice,2025-01-31,2025-01,S01,DN#10456,LPG,LPG,2.0,2543.32,381.5,2924.82,,False,True,,
JIM001,00040320,Invoice,2025-01-31,2025-01,S.1,DN#10456-EMPTY,CYL,CYL,2.0,2100.0,315.0,2415.0,,True,False,,
JIM001,00011803,Crd Note,2025-02-01,2025-02,S.1,DN#10456-EMPTY,CYL,CYL,-2.0,-2100.0,-315.0,-2415.0,,True,False,,
JIM001,00011876,Crd Note,2025-02-11,2025-02,S.1,DN#11685-EMPTY,CYL,CYL,-4.0,-4200.0,-630.0,-4830.0,,True,False,,
JIM001,00040622,Invoice,2025-02-11,2025-02,S01,DN#11685,LPG,LPG,3.0,3846.27,576.94,4423.21,,False,True,,
JIM001,00040623,Invoice,2025-02-11,2025-02,S.1,DN#11685-EMPTY,CYL,CYL,3.0,3150.0,472.5,3622.5,,True,False,,
JIM001,00011938,Crd Note,2025-02-21,2025-02,S.1,DN#12889-EMPTY,CYL,CYL,-3.0,-3150.0,-472.5,-3622.5,,True,False,,
JIM001,00040881,Invoice,2025-02-21,2025-02,S01,DN#12889,LPG,LPG,3.0,3846.27,576.94,4423.21,,False,True,,
JIM001,00040882,Invoice,2025-02-21,2025-02,S.1,DN#12889-EMPTY,CYL,CYL,3.0,3150.0,472.5,3622.5,,True,False,,
JIM001,00041051,Invoice,2025-02-27,2025-02,S01,DN#10499,LPG,LPG,1.0,1282.09,192.31,1474.4,,False,True,,
JIM001,00041052,Invoice,2025-02-27,2025-02,S.1,DN#10499-EMPTY,CYL,CYL,1.0,1050.0,157.5,1207.5,,True,False,,
JIM001,00011977,Crd Note,2025-02-28,2025-02,S.1,DN#10499-EMPTY,CYL,CYL,-2.0,-2100.0,-315.0,-2415.0,,True,False,,
JIM001,00012003,Crd Note,2025-03-05,2025-03,S.1,DN#10507-EMPTY,CYL,CYL,-2.0,-2100.0,-315.0,-2415.0,,True,False,,
JIM001,00041216,Invoice,2025-03-05,2025-03,S01,DN#10507,LPG,LPG,2.0,2564.18,384.63,2948.81,,False,True,,
JIM001,00041217,Invoice,2025-03-05,2025-03,S.1,DN#10507-EMPTY,CYL,CYL,2.0,2100.0,315.0,2415.0,,True,False,,
JIM001,00012072,Crd Note,2025-03-14,2025-03,S.1,DN#4435-EMPTY,CYL,CYL,-2.0,-2100.0,-315.0,-2415.0,,True,False,,
JIM001,00041486,Invoice,2025-03-14,2025-03,S01,DN#4435,LPG,LPG,2.0,2564.18,384.63,2948.81,,False,True,,
JIM001,00041487,Invoice,2025-03-14,2025-03,S.1,DN#4435-EMPTY,CYL,CYL,2.0,2100.0,315.0,2415.0,,True,False,,
JIM001,00041633,Invoice,2025-03-20,2025-03,S01,DN#12963,LPG,LPG,2.0,2564.18,384.63,2948.81,,False,True,,
JIM001,00041634,Invoice,2025-03-20,2025-03,S.1,DN#12963-EMPTY,CYL,CYL,2.0,2100.0,315.0,2415.0,,True,False,,
JIM001,00012116,Crd Note,2025-03-22,2025-03,S.1,DN#12963-EMPTY,CYL,CYL,-2.0,-2100.0,-315.0,-2415.0,,True,False,,
JIM001,00012141,Crd Note,2025-03-28,2025-03,S.1,DN#12984-EMPTY,CYL,CYL,-2.0,-2100.0,-315.0,-2415.0,,True,False,,
JIM001,00041799,Invoice,2025-03-28,2025-03,S.4,DN#12984,LPG,LPG,2.0,2564.18,384.63,2948.81,,False,True,,
JIM001,00041800,Invoice,2025-03-28,2025-03,S.1,DN#12984-EMPTY,CYL,CYL,2.0,2100.0,315.0,2415.0,,True,False,,
JIM001,00012178,Crd Note,2025-04-02,2025-04,S.1,DN#4464- EMPTY,CYL,CYL,-2.0,-2100.0,-315.0,-2415.0,,True,False,,
JIM001,00041926,Invoice,2025-04-02,2025-04,S01,DN#4464,LPG,LPG,3.0,3846.27,576.94,4423.21,,False,True,,
JIM001,00041927,Invoice,2025-04-02,2025-04,S.1,DN#4464- EMPTY,CYL,CYL,3.0,3150.0,472.5,3622.5,,True,False,,
JIM001,00042181,Invoice,2025-04-10,2025-04,S01,DN#13012,LPG,LPG,3.0,3761.16,564.17,4325.33,,False,True,,
JIM001,00012300,Crd Note,2025-04-17,2025-04,S.1,DN#4494-EMPTY,CYL,CYL,-3.0,-3150.0,-472.5,-3622.5,,True,False,,
JIM001,00042357,Invoice,2025-04-17,2025-04,S01,DN#4494,LPG,LPG,3.0,3761.16,564.17,4325.33,,False,True,,
JIM001,00042358,Invoice,2025-04-17,2025-04,S.1,DN#4494-EMPTY,CYL,CYL,3.0,3150.0,472.5,3622.5,,True,False,,
JIM001,00012349,Crd Note,2025-04-25,2025-04,S.1,DN#13165- EMPTY,CYL,CYL,-3.0,-3150.0,-472.5,-3622.5,,True,False,,
JIM001,00042565,Invoice,2025-04-25,2025-04,S01,DN#13165,LPG,LPG,3.0,3761.16,564.17,4325.33,,False,True,,
JIM001,00042566,Invoice,2025-04-25,2025-04,S.1,DN#13165- EMPTY,CYL,CYL,3.0,3150.0,472.5,3622.5,,True,False,,
JIM001,00042704,Invoice,2025-04-30,2025-04,S01,DN#13120,LPG,LPG,3.0,3761.16,564.17,4325.33,,False,True,,
JIM001,00042705,Invoice,2025-04-30,2025-04,S.1,DN#13120-EMPTY,CYL,CYL,3.0,3150.0,472.5,3622.5,,True,False,,
JIM001,00012390,Crd Note,2025-05-03,2025-05,S01,DN#13120,LPG,LPG,-3.0,-3761.16,-564.17,-4325.33,,False,True,,
JIM001,00012391,Crd Note,2025-05-03,2025-05,S.1,DN#13120-EMPTY,CYL,CYL,-3.0,-3150.0,-472.5,-3622.5,,True,False,,
JIM001,00042755,Invoice,2025-05-03,2025-05,9.4,DN#13120,LPG,LPG,1.0,235.07,35.26,270.33,,False,True,,
JIM001,00042755,Invoice,2025-05-03,2025-05,S01,DN#13120,LPG,LPG,2.0,2507.44,376.12,2883.56,,False,True,,
JIM001,00042756,Invoice,2025-05-03,2025-05,S.1,DN#13120-EMPTY,CYL,CYL,2.0,2100.0,315.0,2415.0,,True,False,,
JIM001,00042756,Invoice,2025-05-03,2025-05,9.1,DN#13120-EMPTY,CYL,CYL,1.0,450.0,67.5,517.5,,True,False,,
JIM001,00012408,Crd Note,2025-05-05,2025-05,S.1,DN#13120-EMPTY,CYL,CYL,-2.0,-2100.0,-315.0,-2415.0,,True,False,,
JIM001,00012453,Crd Note,2025-05-09,2025-05,S.1,DN#13209-EMPTY,CYL,CYL,-3.0,-3150.0,-472.5,-3622.5,,True,False,,
JIM001,00042949,Invoice,2025-05-09,2025-05,S01,DN#13209,LPG,LPG,3.0,3761.16,564.17,4325.33,,False,True,,
JIM001,00042951,Invoice,2025-05-09,2025-05,S.1,DN#13209-EMPTY,CYL,CYL,3.0,3150.0,472.5,3622.5,,True,False,,
JIM001,00012488,Crd Note,2025-05-15,2025-05,S.1,DN#13229-EMPTY,CYL,CYL,-2.0,-2100.0,-315.0,-2415.0,,True,False,,
JIM001,00043089,Invoice,2025-05-15,2025-05,S01,DN#13229,LPG,LPG,2.0,2507.44,376.12,2883.56,,False,True,,
JIM001,00043090,Invoice,2025-05-15,2025-05,S.1,DN#13229-EMPTY,CYL,CYL,2.0,2100.0,315.0,2415.0,,True,False,,
JIM001,00043271,Invoice,2025-05-21,2025-05,S01,DN#12254,LPG,LPG,3.0,3811.26,571.69,4382.95,,False,True,,
JIM001,00012543,Crd Note,2025-05-22,2025-05,S.1,DN#12254-EMPTY,CYL,CYL,-3.0,-3150.0,-472.5,-3622.5,,True,False,,
JIM001,00043272,Invoice,2025-05-22,2025-05,S.1,DN#12254-EMPTY,CYL,CYL,3.0,3150.0,472.5,3622.5,,True,False,,
JIM001,00012592,Crd Note,2025-05-29,2025-05,S.1,DN#12133-EMPTY,CYL,CYL,-3.0,-3150.0,-472.5,-3622.5,,True,False,,
JIM001,00043451,Invoice,2025-05-29,2025-05,S01,DN#12133,LPG,LPG,2.0,2540.84,381.13,2921.97,,False,True,,
JIM001,00043452,Invoice,2025-05-29,2025-05,S.1,DN#12133-EMPTY,CYL,CYL,2.0,2100.0,315.0,2415.0,,True,False,,
JIM001,00012634,Crd Note,2025-06-05,2025-06,S.1,DN#12300-EMPTY,CYL,CYL,-2.0,-2100.0,-315.0,-2415.0,,True,False,,
JIM001,00043628,Invoice,2025-06-05,2025-06,S01,DN#12300,LPG,LPG,3.0,3811.26,571.69,4382.95,,False,True,,
JIM001,00043630,Invoice,2025-06-05,2025-06,S.1,DN#12300-EMPTY,CYL,CYL,3.0,3150.0,472.5,3622.5,,True,False,,
JIM001,00012712,Crd Note,2025-06-12,2025-06,S01,DN#12384,LPG,LPG,-2.0,-2476.56,-371.48,-2848.04,,False,True,,
JIM001,00012712,Crd Note,2025-06-12,2025-06,901,DN#12384,LPG,LPG,-1.0,-232.18,-34.83,-267.01,,False,True,,
JIM001,00012713,Crd Note,2025-06-12,2025-06,9.1,DN#12384-EMPTY,CYL,CYL,-1.0,-450.0,-67.5,-517.5,,True,False,,
JIM001,00012713,Crd Note,2025-06-12,2025-06,S.1,DN#12384-EMPTY,CYL,CYL,-2.0,-2100.0,-315.0,-2415.0,,True,False,,
JIM001,00043880,Invoice,2025-06-12,2025-06,S01,DN#12384,LPG,LPG,2.0,2476.56,371.48,2848.04,,False,True,,
JIM001,00043880,Invoice,2025-06-12,2025-06,901,DN#12384,LPG,LPG,1.0,232.18,34.83,267.01,,False,True,,
JIM001,00043883,Invoice,2025-06-12,2025-06,9.1,DN#12384-EMPTY,CYL,CYL,1.0,450.0,67.5,517.5,,True,False,,
JIM001,00043883,Invoice,2025-06-12,2025-06,S.1,DN#12384-EMPTY,CYL,CYL,2.0,2100.0,315.0,2415.0,,True,False,,
JIM001,00012725,Crd Note,2025-06-13,2025-06,9.1,DN#12517-EMPTY,CYL,CYL,-1.0,-450.0,-67.5,-517.5,,True,False,,
JIM001,00012725,Crd Note,2025-06-13,2025-06,S.1,DN#12517-EMPTY,CYL,CYL,-2.0,-2100.0,-315.0,-2415.0,,True,False,,
JIM001,00043910,Invoice,2025-06-13,2025-06,S01,DN#12517,LPG,LPG,2.0,2476.56,371.48,2848.04,,False,True,,
JIM001,00043910,Invoice,2025-06-13,2025-06,901,DN#12517,LPG,LPG,1.0,232.18,34.83,267.01,,False,True,,
JIM001,00043911,Invoice,2025-06-13,2025-06,9.1,DN#12517-EMPTY,CYL,CYL,1.0,450.0,67.5,517.5,,True,False,,
JIM001,00043911,Invoice,2025-06-13,2025-06,S.1,DN#12517-EMPTY,CYL,CYL,2.0,2100.0,315.0,2415.0,,True,False,,
JIM001,00044097,Invoice,2025-06-20,2025-06,S01,DN#12582,LPG,LPG,3.0,3714.84,557.23,4272.07,,False,True,,
JIM001,00044098,Invoice,2025-06-20,2025-06,S.1,DN#12582-EMPTY,CYL,CYL,3.0,3150.0,472.5,3622.5,,True,False,,
JIM001,00012775,Crd Note,2025-06-21,2025-06,S.1,DN#12582-EMPTY,CYL,CYL,-3.0,-3150.0,-472.5,-3622.5,,True,False,,
JIM001,00012823,Crd Note,2025-06-26,2025-06,S.1,DN#12429-EMPTY,CYL,CYL,-2.0,-2100.0,-315.0,-2415.0,,True,False,,
JIM001,00044241,Invoice,2025-06-26,2025-06,S01,DN#12429,LPG,LPG,2.0,2476.56,371.48,2848.04,,False,True,,
JIM001,00044242,Invoice,2025-06-26,2025-06,S.1,DN#12429-EMPTY,CYL,CYL,2.0,2100.0,315.0,2415.0,,True,False,,
JIM001,00044516,Invoice,2025-07-04,2025-07,S01,DN#12654,LPG,LPG,2.0,2476.56,371.48,2848.04,,False,True,,
JIM001,00044516,Invoice,2025-07-04,2025-07,901,DN#12654,LPG,LPG,1.0,232.18,34.83,267.01,,False,True,,
JIM001,00044517,Invoice,2025-07-04,2025-07,S.1,DN#12654-EMPTY,CYL,CYL,2.0,2100.0,315.0,2415.0,,True,False,,
JIM001,00044517,Invoice,2025-07-04,2025-07,9.1,DN#12654-EMPTY,CYL,CYL,1.0,450.0,67.5,517.5,,True,False,,
JIM001,00012900,Crd Note,2025-07-05,2025-07,9.1,DN#12654-EMPTY,CYL,CYL,-1.0,-450.0,-67.5,-517.5,,True,False,,
JIM001,00012900,Crd Note,2025-07-05,2025-07,S.1,DN#12654-EMPTY,CYL,CYL,-2.0,-2100.0,-315.0,-2415.0,,True,False,,
JIM001,00044707,Invoice,2025-07-10,2025-07,S01,DN#12187,LPG,LPG,3.0,3652.77,547.92,4200.69,,False,True,,
JIM001,00013010,Crd Note,2025-07-18,2025-07,S.1,DN#12714-EMPTY,CYL,CYL,-3.0,-3150.0,-472.5,-3622.5,,True,False,,
JIM001,00044933,Invoice,2025-07-18,2025-07,S01,DN#12714,LPG,LPG,3.0,3652.77,547.92,4200.69,,False,True,,
JIM001,00044934,Invoice,2025-07-18,2025-07,S.1,DN#12714-EMPTY,CYL,CYL,3.0,3150.0,472.5,3622.5,,True,False,,
JIM001,00013047,Crd Note,2025-07-24,2025-07,S.1,D/N 12726,CYL,CYL,-3.0,-3150.0,-472.5,-3622.5,,True,False,,
JIM001,00045091,Invoice,2025-07-24,2025-07,S01,D/N 12726,LPG,LPG,2.0,2435.18,365.28,2800.46,,False,True,,
JIM001,00045096,Invoice,2025-07-24,2025-07,S.1,D/N 12726,CYL,CYL,2.0,2100.0,315.0,2415.0,,True,False,,
JIM001,00013061,Crd Note,2025-07-26,2025-07,9.1,DN 20012.,CYL,CYL,-1.0,-450.0,-67.5,-517.5,,True,False,,
JIM001,00045162,Invoice,2025-07-26,2025-07,901,D/N 20012,LPG,LPG,1.0,228.3,34.25,262.55,,False,True,,
JIM001,00045165,Invoice,2025-07-26,2025-07,9.1,DN 20012.,CYL,CYL,1.0,450.0,67.5,517.5,,True,False,,
JIM001,00045323,Invoice,2025-08-01,2025-08,S01,DN#20132,LPG,LPG,3.0,3652.77,547.92,4200.69,,False,True,,
JIM001,00045324,Invoice,2025-08-01,2025-08,S.1,DN#20132-EMPTY,CYL,CYL,3.0,3150.0,472.5,3622.5,,True,False,,
JIM001,00013118,Crd Note,2025-08-03,2025-08,S.1,DN#20132-EMPTY,CYL,CYL,-2.0,-2100.0,-315.0,-2415.0,,True,False,,
JIM001,00013171,Crd Note,2025-08-08,2025-08,S.1,DN#20073-EMPTY,CYL,CYL,-2.0,-2100.0,-315.0,-2415.0,,True,False,,
JIM001,00045498,Invoice,2025-08-08,2025-08,S.4,DN#20073,LPG,LPG,2.0,2435.18,365.28,2800.46,,False,True,,
JIM001,00045499,Invoice,2025-08-08,2025-08,S.1,DN#20073-EMPTY,CYL,CYL,2.0,2100.0,315.0,2415.0,,True,False,,
JIM001,00045671,Invoice,2025-08-15,2025-08,S01,DN#20511,LPG,LPG,3.0,3577.89,536.68,4114.57,,False,True,,
JIM001,00045672,Invoice,2025-08-15,2025-08,S.1,DN#20511-EMPTY,CYL,CYL,3.0,3150.0,472.5,3622.5,,True,False,,
JIM001,00013239,Crd Note,2025-08-16,2025-08,S.1,DN#20511-EMPTY,CYL,CYL,-1.0,-1050.0,-157.5,-1207.5,,True,False,,
JIM001,00013288,Crd Note,2025-08-22,2025-08,S.1,DN#20536-EMPTY,CYL,CYL,-3.0,-3150.0,-472.5,-3622.5,,True,False,,
JIM001,00045831,Invoice,2025-08-22,2025-08,S.4,DN#20536,LPG,LPG,3.0,3577.89,536.68,4114.57,,False,True,,
JIM001,00045832,Invoice,2025-08-22,2025-08,S.1,DN#20536-EMPTY,CYL,CYL,3.0,3150.0,472.5,3622.5,,True,False,,
JIM001,00013333,Crd Note,2025-08-29,2025-08,S.1,D/N20346,CYL,CYL,-1.0,-1050.0,-157.5,-1207.5,,True,False,,
JIM001,00045992,Invoice,2025-08-29,2025-08,S.4,D/N 20346,LPG,LPG,1.0,1192.63,178.9,1371.53,,False,True,,
JIM001,00045993,Invoice,2025-08-29,2025-08,S.1,D/N20346,CYL,CYL,1.0,1050.0,157.5,1207.5,,True,False,,
JIM001,00013375,Crd Note,2025-09-04,2025-09,S.1,DN-20574,CYL,CYL,-3.0,-3150.0,-472.5,-3622.5,,True,False,,
JIM001,00046121,Invoice,2025-09-04,2025-09,S.1,DN-20574,CYL,CYL,3.0,3150.0,472.5,3622.5,,True,False,,
JIM001,00046124,Invoice,2025-09-04,2025-09,S.4,DN:20574,LPG,LPG,3.0,3577.89,536.68,4114.57,,False,True,,
JIM001,00046308,Invoice,2025-09-11,2025-09,S.4,DN#20239,LPG,LPG,3.0,3433.53,515.03,3948.56,,False,True,,
JIM001,00046309,Invoice,2025-09-11,2025-09,S.1,DN#20239-EMPTY,CYL,CYL,3.0,3150.0,472.5,3622.5,,True,False,,
JIM001,00013450,Crd Note,2025-09-12,2025-09,S.1,DN#20239-EMPTY,CYL,CYL,-3.0,-3150.0,-472.5,-3622.5,,True,False,,
JIM001,00046525,Invoice,2025-09-19,2025-09,S.4,DN#21048,LPG,LPG,2.0,2289.02,343.35,2632.37,,False,True,,
JIM001,00046526,Invoice,2025-09-19,2025-09,S.1,DN#21048-EMPTY,CYL,CYL,2.0,2100.0,315.0,2415.0,,True,False,,
JIM001,00013519,Crd Note,2025-09-22,2025-09,S.1,DN#21048-EMPTY,CYL,CYL,-4.0,-4200.0,-630.0,-4830.0,,True,False,,
JIM001,00013554,Crd Note,2025-09-26,2025-09,S.1,DN#21072-EMPTY,CYL,CYL,-2.0,-2100.0,-315.0,-2415.0,,True,False,,
JIM001,00046686,Invoice,2025-09-26,2025-09,S.4,DN#21072,LPG,LPG,2.0,2289.02,343.35,2632.37,,False,True,,
JIM001,00046687,Invoice,2025-09-26,2025-09,S.1,DN#21072-EMPTY,CYL,CYL,2.0,2100.0,315.0,2415.0,,True,False,,
JIM001,00013607,Crd Note,2025-10-03,2025-10,S.1,DN#21093-EMPTY,CYL,CYL,-3.0,-3150.0,-472.5,-3622.5,,True,False,,
JIM001,00046859,Invoice,2025-10-03,2025-10,S01,DN#21093,LPG,LPG,3.0,3433.53,515.03,3948.56,,False,True,,
JIM001,00046860,Invoice,2025-10-03,2025-10,S.1,DN#21093-EMPTY,CYL,CYL,3.0,3150.0,472.5,3622.5,,True,False,,
JIM001,00013647,Crd Note,2025-10-09,2025-10,S.1,DN#20608-EMPTY,CYL,CYL,-2.0,-2100.0,-315.0,-2415.0,,True,False,,
JIM001,00046990,Invoice,2025-10-09,2025-10,S01,DN#20608,LPG,LPG,3.0,3433.53,515.03,3948.56,,False,True,,
JIM001,00046991,Invoice,2025-10-09,2025-10,S.1,DN#20608-EMPTY,CYL,CYL,3.0,3150.0,472.5,3622.5,,True,False,,
JIM001,00013705,Crd Note,2025-10-17,2025-10,S.1,DN#20734-EMPTY,CYL,CYL,-3.0,-3150.0,-472.5,-3622.5,,True,False,,
JIM001,00047148,Invoice,2025-10-17,2025-10,S.4,DN#20734,LPG,LPG,2.0,2289.02,343.35,2632.37,,False,True,,
JIM001,00047157,Invoice,2025-10-17,2025-10,S.1,DN#20734-EMPTY,CYL,CYL,2.0,2100.0,315.0,2415.0,,True,False,,
JIM001,00013745,Crd Note,2025-10-24,2025-10,S.1,DN#21125-EMPTY,CYL,CYL,-2.0,-2100.0,-315.0,-2415.0,,True,False,,
JIM001,00047292,Invoice,2025-10-24,2025-10,S.4,DN#21125,LPG,LPG,2.0,2289.02,343.35,2632.37,,False,True,,
JIM001,00047293,Invoice,2025-10-24,2025-10,S.1,DN#21125-EMPTY,CYL,CYL,2.0,2100.0,315.0,2415.0,,True,False,,
JIM001,00047464,Invoice,2025-11-01,2025-11,S01,DN#21141,LPG,LPG,3.0,3433.53,515.03,3948.56,,False,True,,
JIM001,00047465,Invoice,2025-11-01,2025-11,S.1,DN#21141-EMPTY,CYL,CYL,3.0,3150.0,472.5,3622.5,,True,False,,
JIM001,00013804,Crd Note,2025-11-03,2025-11,S.1,DN#21141-EMPTY,CYL,CYL,-3.0,-3150.0,-472.5,-3622.5,,True,False,,
JIM001,00013828,Crd Note,2025-11-08,2025-11,S.1,DN#21149-EMPTY,CYL,CYL,-3.0,-3150.0,-472.5,-3622.5,,True,False,,
JIM001,00047571,Invoice,2025-11-08,2025-11,S.4,DN#21149,LPG,LPG,2.0,2247.28,337.09,2584.37,,False,True,,
JIM001,00047572,Invoice,2025-11-08,2025-11,S.1,DN#21149-EMPTY,CYL,CYL,2.0,2100.0,315.0,2415.0,,True,False,,
JIM001,00013870,Crd Note,2025-11-14,2025-11,S.1,DN#20833-EMPTY,CYL,CYL,-1.0,-1050.0,-157.5,-1207.5,,True,False,,
JIM001,00047670,Invoice,2025-11-14,2025-11,S.4,DN#20833,LPG,LPG,2.0,2247.28,337.09,2584.37,,False,True,,
JIM001,00047671,Invoice,2025-11-14,2025-11,S.1,DN#20833-EMPTY,CYL,CYL,2.0,2100.0,315.0,2415.0,,True,False,,
JIM001,00013925,Crd Note,2025-11-21,2025-11,S.1,DN-20857 EMPTY,CYL,CYL,-3.0,-3150.0,-472.5,-3622.5,,True,False,,
JIM001,00047848,Invoice,2025-11-21,2025-11,S.4,DN-20857,LPG,LPG,3.0,3370.92,505.64,3876.56,,False,True,,
JIM001,00047849,Invoice,2025-11-21,2025-11,S.1,DN-20857 EMPTY,CYL,CYL,1.0,1050.0,157.5,1207.5,,True,False,,
JIM001,00047983,Invoice,2025-11-28,2025-11,S01,DN#20689,LPG,LPG,2.0,2247.28,337.09,2584.37,,False,True,,
JIM001,00047984,Invoice,2025-11-28,2025-11,S.1,DN#20689-EMPTY,CYL,CYL,1.0,1050.0,157.5,1207.5,,True,False,,
JIM001,00014008,Crd Note,2025-12-04,2025-12,S.1,DN#20894-EMPTY,CYL,CYL,-2.0,-2100.0,-315.0,-2415.0,,True,False,,
JIM001,00048098,Invoice,2025-12-04,2025-12,S.4,DN#20894,LPG,LPG,3.0,3370.92,505.64,3876.56,,False,True,,
JIM001,00048099,Invoice,2025-12-04,2025-12,S.1,DN#20894-EMPTY,CYL,CYL,3.0,3150.0,472.5,3622.5,,True,False,,
JIM001,00014066,Crd Note,2025-12-12,2025-12,S.1,DN#20920-EMPTY,CYL,CYL,-3.0,-3150.0,-472.5,-3622.5,,True,False,,
JIM001,00048244,Invoice,2025-12-12,2025-12,S.4,DN#20920,LPG,LPG,2.0,2257.84,338.68,2596.52,,False,True,,
JIM001,00048245,Invoice,2025-12-12,2025-12,S.1,DN#20920-EMPTY,CYL,CYL,2.0,2100.0,315.0,2415.0,,True,False,,
JIM001,00048391,Invoice,2025-12-19,2025-12,S.4,DN#21727,LPG,LPG,3.0,3386.76,508.01,3894.77,,False,True,,
JIM001,00048392,Invoice,2025-12-19,2025-12,S.1,DN#21727-EMPTY,CYL,CYL,3.0,3150.0,472.5,3622.5,,True,False,,
JIM001,00014131,Crd Note,2025-12-20,2025-12,S.1,DN#21727-EMPTY,CYL,CYL,-3.0,-3150.0,-472.5,-3622.5,,True,False,,
JIM001,00014159,Crd Note,2025-12-24,2025-12,S.1,DN-21735-EMPTY,CYL,CYL,-1.0,-1050.0,-157.5,-1207.5,,True,False,,
JIM001,00048487,Invoice,2025-12-24,2025-12,S.4,DN-21735,LPG,LPG,1.0,1128.92,169.34,1298.26,,False,True,,
JIM001,00048488,Invoice,2025-12-24,2025-12,S.1,DN-21735-EMPTY,CYL,CYL,1.0,1050.0,157.5,1207.5,,True,False,,
JIM001,00014198,Crd Note,2025-12-31,2025-12,S.4,DN#21443,LPG,LPG,-3.0,-3386.76,-508.01,-3894.77,,False,True,,
JIM001,00014199,Crd Note,2025-12-31,2025-12,S.1,DN#21443-EMPTY,CYL,CYL,-3.0,-3150.0,-472.5,-3622.5,,True,False,,
JIM001,00048578,Invoice,2025-12-31,2025-12,S.4,DN#21443,LPG,LPG,3.0,3386.76,508.01,3894.77,,False,True,,
JIM001,00048579,Invoice,2025-12-31,2025-12,S.1,DN#21443-EMPTY,CYL,CYL,3.0,3150.0,472.5,3622.5,,True,False,,
JIM001,00014259,Crd Note,2026-01-01,2026-01,S.1,DN#21443-EMPTY,CYL,CYL,-2.0,-2100.0,-315.0,-2415.0,,True,False,,
JIM001,00048599,Invoice,2026-01-01,2026-01,S.4,DN#21443,LPG,LPG,3.0,3386.76,508.01,3894.77,,False,True,,
JIM001,00048600,Invoice,2026-01-01,2026-01,S.1,DN#21443-EMPTY,CYL,CYL,3.0,3150.0,472.5,3622.5,,True,False,,
JIM001,00014201,Crd Note,2026-01-03,2026-01,S.4,DN#21443,LPG,LPG,-2.0,-2257.84,-338.68,-2596.52,,False,True,,
JIM001,00048776,Invoice,2026-01-03,2026-01,S.4,REV CN#14201,LPG,LPG,2.0,2257.84,338.68,2596.52,,False,True,,
JIM001,00014239,Crd Note,2026-01-09,2026-01,S.1,DN-21626,CYL,CYL,-4.0,-4200.0,-630.0,-4830.0,,True,False,,
JIM001,00048701,Invoice,2026-01-09,2026-01,S01,DN-21626,LPG,LPG,3.0,3386.76,508.01,3894.77,,False,True,,
JIM001,00048702,Invoice,2026-01-09,2026-01,S.1,DN-21626,CYL,CYL,3.0,3150.0,472.5,3622.5,,True,False,,
JIM001,00048828,Invoice,2026-01-17,2026-01,S.4,DN~21645,LPG,LPG,3.0,3408.81,511.32,3920.13,,False,True,,
JIM001,00048829,Invoice,2026-01-17,2026-01,S.1,DN~21645~EMPTY,CYL,CYL,3.0,3150.0,472.5,3622.5,,True,False,,
JIM001,00014313,Crd Note,2026-01-22,2026-01,S.1,DN~21645~EMPTY,CYL,CYL,-2.0,-2100.0,-315.0,-2415.0,,True,False,,
JIM001,00048994,Invoice,2026-01-28,2026-01,S01,DN#21220,LPG,LPG,2.0,2272.54,340.88,2613.42,,False,True,,
JIM001,00048995,Invoice,2026-01-28,2026-01,S.1,DN#21220-EMPTY,CYL,CYL,2.0,2100.0,315.0,2415.0,,True,False,,
JIM001,00014352,Crd Note,2026-01-29,2026-01,S.1,DN#21220-EMPTY,CYL,CYL,-4.0,-4200.0,-630.0,-4830.0,,True,False,,
JIM001,00014389,Crd Note,2026-02-06,2026-02,S.1,DN#21526-EMPTY,CYL,CYL,-3.0,-3150.0,-472.5,-3622.5,,True,False,,
JIM001,00049126,Invoice,2026-02-06,2026-02,S01,DN#21526,LPG,LPG,3.0,3443.46,516.52,3959.98,,False,True,,
JIM001,00049127,Invoice,2026-02-06,2026-02,S.1,DN#21526-EMPTY,CYL,CYL,3.0,3150.0,472.5,3622.5,,True,False,,
JIM001,00049242,Invoice,2026-02-13,2026-02,S01,DN#21254,LPG,LPG,2.0,2295.64,344.35,2639.99,,False,True,,
JIM001,00014438,Crd Note,2026-02-18,2026-02,S.1,DN/21261-EMPTY,CYL,CYL,-2.0,-2100.0,-315.0,-2415.0,,True,False,,
JIM001,00049315,Invoice,2026-02-18,2026-02,D01,DN/21261,LPG,LPG,3.0,3443.46,516.52,3959.98,,False,True,,
JIM001,00049316,Invoice,2026-02-18,2026-02,D.1,DN/21261-EMPTY,CYL,CYL,3.0,3150.0,472.5,3622.5,,True,False,,
JIM001,00049530,Invoice,2026-03-03,2026-03,S01,DN=21810,LPG,LPG,3.0,3443.46,516.52,3959.98,,False,True,,
JIM001,00049531,Invoice,2026-03-03,2026-03,S.1,DN=21810-EMPTY,CYL,CYL,3.0,3150.0,472.5,3622.5,,True,False,,
JIM001,00014525,Crd Note,2026-03-04,2026-03,S.1,DN#22016-EMPTY,CYL,CYL,-2.0,-2100.0,-315.0,-2415.0,,True,False,,
JIM001,00014526,Crd Note,2026-03-04,2026-03,S01,DN=21810,LPG,LPG,-3.0,-3443.46,-516.52,-3959.98,,False,True,,
JIM001,00014527,Crd Note,2026-03-04,2026-03,S.1,DN=21810-EMPTY,CYL,CYL,-3.0,-3150.0,-472.5,-3622.5,,True,False,,
JIM001,00049540,Invoice,2026-03-04,2026-03,S01,DN#22016,LPG,LPG,3.0,3443.46,516.52,3959.98,,False,True,,
JIM001,00049541,Invoice,2026-03-04,2026-03,S.1,DN#22016-EMPTY,CYL,CYL,3.0,3150.0,472.5,3622.5,,True,False,,
JIM001,00049727,Invoice,2026-03-13,2026-03,S.4,DN#21964,LPG,LPG,3.0,3468.51,520.28,3988.79,,False,True,,
JIM001,00049728,Invoice,2026-03-13,2026-03,S.1,DN#21964-EMPTY,CYL,CYL,3.0,3150.0,472.5,3622.5,,True,False,,
JIM001,00014591,Crd Note,2026-03-14,2026-03,S.1,DN#21964-EMPTY,CYL,CYL,-3.0,-3150.0,-472.5,-3622.5,,True,False,,
JIM001,00014630,Crd Note,2026-03-20,2026-03,D.1,DN-21838-EMPTY,CYL,CYL,-2.0,-2100.0,-315.0,-2415.0,,True,False,,
JIM001,00014630,Crd Note,2026-03-20,2026-03,S.1,DN-21838-EMPTY,CYL,CYL,-1.0,-1050.0,-157.5,-1207.5,,True,False,,
JIM001,00049842,Invoice,2026-03-20,2026-03,S01,DN-21838,LPG,LPG,3.0,3468.51,520.28,3988.79,,False,True,,
JIM001,00049843,Invoice,2026-03-20,2026-03,S.1,DN-21838-EMPTY,CYL,CYL,3.0,3150.0,472.5,3622.5,,True,False,,
JIM001,00014694,Crd Note,2026-04-01,2026-04,S.1,DN-21855-EMPTY,CYL,CYL,-4.0,-4200.0,-630.0,-4830.0,,True,False,,
JIM001,00050042,Invoice,2026-04-01,2026-04,S01,DN-21855,LPG,LPG,3.0,3468.51,520.28,3988.79,,False,True,,
JIM001,00050043,Invoice,2026-04-01,2026-04,S.1,DN-21855-EMPTY,CYL,CYL,3.0,3150.0,472.5,3622.5,,True,False,,
JIM001,00014731,Crd Note,2026-04-09,2026-04,S.1,DN-22157-EMPTY,CYL,CYL,-3.0,-3150.0,-472.5,-3622.5,,True,False,,
JIM001,00050161,Invoice,2026-04-09,2026-04,S.4,DN-22157,LPG,LPG,3.0,3844.17,576.63,4420.8,,False,True,,
JIM001,00050162,Invoice,2026-04-09,2026-04,S.1,DN-22157-EMPTY,CYL,CYL,3.0,3150.0,472.5,3622.5,,True,False,,
JIM001,00050290,Invoice,2026-04-18,2026-04,S01,DN-21329,LPG,LPG,2.0,2562.78,384.42,2947.2,,False,True,,
JIM001,00050291,Invoice,2026-04-18,2026-04,S.1,DN-21329-EMPTY,CYL,CYL,2.0,2100.0,315.0,2415.0,,True,False,,
JIM001,00014779,Crd Note,2026-04-20,2026-04,S.1,DN-21329-EMPTY,CYL,CYL,-3.0,-3150.0,-472.5,-3622.5,,True,False,,
JIM001,00050371,Invoice,2026-04-24,2026-04,S.4,DN-21348,LPG,LPG,2.0,2562.78,384.42,2947.2,,False,True,,
JIM001,00050372,Invoice,2026-04-24,2026-04,S.1,DN-21348-EMPTY,CYL,CYL,2.0,2100.0,315.0,2415.0,,True,False,,
JIM001,00014835,Crd Note,2026-05-01,2026-05,S.1,DN-2213-EMPTY,CYL,CYL,-3.0,-3150.0,-472.5,-3622.5,,True,False,,
JIM001,00050468,Invoice,2026-05-01,2026-05,S.4,DN-22213,LPG,LPG,3.0,3844.17,576.63,4420.8,,False,True,,
JIM001,00050469,Invoice,2026-05-01,2026-05,S.1,DN-2213-EMPTY,CYL,CYL,3.0,3150.0,472.5,3622.5,,True,False,,
JIM001,00014877,Crd Note,2026-05-09,2026-05,S.1,DN#22378-EMPTY,CYL,CYL,-2.0,-2100.0,-315.0,-2415.0,,True,False,,
JIM001,00050594,Invoice,2026-05-09,2026-05,S01,DN#22378,LPG,LPG,2.0,2931.14,439.67,3370.81,,False,True,,
JIM001,00050595,Invoice,2026-05-09,2026-05,S.1,DN#22378-EMPTY,CYL,CYL,2.0,2100.0,315.0,2415.0,,True,False,,
JIM001,00050712,Invoice,2026-05-16,2026-05,S.4,DN#22718,LPG,LPG,2.0,2931.14,439.67,3370.81,,False,True,,
JIM001,00050713,Invoice,2026-05-16,2026-05,S.1,DN#22718-EMPTY,CYL,CYL,2.0,2100.0,315.0,2415.0,,True,False,,
JIM001,00014924,Crd Note,2026-05-19,2026-05,S.1,DN#22718-EMPTY,CYL,CYL,-2.0,-2100.0,-315.0,-2415.0,,True,False,,
JIM001,00014940,Crd Note,2026-05-21,2026-05,S.1,DN#22394-EMPTY,CYL,CYL,-3.0,-3150.0,-472.5,-3622.5,,True,False,,
JIM001,00050810,Invoice,2026-05-21,2026-05,S.4,DN#22394,LPG,LPG,3.0,4396.71,659.51,5056.22,,False,True,,
JIM001,00050811,Invoice,2026-05-21,2026-05,S.1,DN#22394-EMPTY,CYL,CYL,3.0,3150.0,472.5,3622.5,,True,False,,
