debtor_code,doc_no,entry_type,tx_date,month_year,stock_code,description,debt_group,lane,qty,amount_excl,tax_amount,amount_incl,is_cyl,is_lpg,paired_cyl_doc,notes
WO0001,00000006,Invoice,2016-11-01,2016-11,9.3,,LPG,LPG,10,1373.95,206.09,1580.04,False,True,,
WO0001,00000006,Invoice,2016-11-01,2016-11,14.3,,LPG,LPG,5,1068.57,160.29,1228.86,False,True,,
WO0001,00000006,Invoice,2016-11-01,2016-11,19.3,,LPG,LPG,5,1450.18,217.53,1667.71,False,True,,
WO0001,00000010,Invoice,2016-11-02,2016-11,9.2,SHORT #6,CYL,CYL,1,297.39,44.61,342,True,False,,
WO0001,00000007,Crd Note,2016-11-14,2016-11,9.2,RETUNRED,CYL,CYL,-1,-297.39,-44.61,-342,True,False,,
WO0001,00000056,Invoice,2016-11-14,2016-11,9.3,,LPG,LPG,20,2747.9,412.18,3160.08,False,True,,
WO0001,00000013,Crd Note,2016-11-29,2016-11,9.3,,LPG,LPG,-15,-2008.73,-301.31,-2310.04,False,True,,
WO0001,00000013,Crd Note,2016-11-29,2016-11,19.3,,LPG,LPG,-5,-1413.5,-212.03,-1625.53,False,True,,
WO0001,00000126,Invoice,2016-11-29,2016-11,19.3,,LPG,LPG,5,1413.5,212.03,1625.53,False,True,,
WO0001,00000126,Invoice,2016-11-29,2016-11,9.3,,LPG,LPG,15,2008.73,301.31,2310.04,False,True,,
WO0001,00000129,Invoice,2016-11-29,2016-11,19.3,,LPG,LPG,5,1413.5,212.03,1625.53,False,True,,
WO0001,00000148,Invoice,2016-12-01,2016-12,9.3,,LPG,LPG,20,2678.3,401.75,3080.05,False,True,,
WO0001,00000206,Invoice,2016-12-13,2016-12,19.3,,LPG,LPG,5,1413.5,212.03,1625.53,False,True,,
WO0001,00000206,Invoice,2016-12-13,2016-12,9.3,,LPG,LPG,15,2008.67,301.3,2309.97,False,True,,
WO0001,00000253,Invoice,2016-12-21,2016-12,19.3,,LPG,LPG,3,848.1,127.22,975.32,False,True,,
WO0001,00000253,Invoice,2016-12-21,2016-12,9.3,,LPG,LPG,20,2678.3,401.75,3080.05,False,True,,
WO0001,00000273,Invoice,2016-12-28,2016-12,19.3,,LPG,LPG,5,1413.5,212.03,1625.53,False,True,,
WO0001,00000273,Invoice,2016-12-28,2016-12,9.3,,LPG,LPG,15,2008.73,301.31,2310.04,False,True,,
WO0001,00000293,Invoice,2017-01-03,2017-01,19.3,,LPG,LPG,3,848.1,127.22,975.32,False,True,,
WO0001,00000293,Invoice,2017-01-03,2017-01,9.3,,LPG,LPG,16,2142.64,321.4,2464.04,False,True,,
WO0001,00000293,Invoice,2017-01-03,2017-01,14.3,,LPG,LPG,2,416.63,62.49,479.12,False,True,,
WO0001,00000032,Crd Note,2017-01-11,2017-01,14.3,,LPG,LPG,-2,-430.1,-64.52,-494.62,False,True,,
WO0001,00000032,Crd Note,2017-01-11,2017-01,19.3,,LPG,LPG,-2,-583.74,-87.56,-671.3,False,True,,
WO0001,00000032,Crd Note,2017-01-11,2017-01,9.3,,LPG,LPG,-10,-1382.57,-207.39,-1589.96,False,True,,
WO0001,00000033,Crd Note,2017-01-11,2017-01,19.3,,LPG,LPG,-5,-1413.5,-212.03,-1625.53,False,True,,
WO0001,00000033,Crd Note,2017-01-11,2017-01,9.3,,LPG,LPG,-7,-937.4,-140.61,-1078.01,False,True,,
WO0001,00000033,Crd Note,2017-01-11,2017-01,14.3,,LPG,LPG,-2,-416.63,-62.49,-479.12,False,True,,
WO0001,00000330,Invoice,2017-01-11,2017-01,9.3,,LPG,LPG,10,1382.57,207.39,1589.96,False,True,,
WO0001,00000330,Invoice,2017-01-11,2017-01,14.3,,LPG,LPG,2,430.1,64.52,494.62,False,True,,
WO0001,00000330,Invoice,2017-01-11,2017-01,19.3,,LPG,LPG,2,583.73,87.56,671.29,False,True,,
WO0001,00000331,Invoice,2017-01-11,2017-01,19.3,CASH,LPG,LPG,5,1413.5,212.02,1625.52,False,True,,
WO0001,00000331,Invoice,2017-01-11,2017-01,9.3,CASH,LPG,LPG,7,937.41,140.61,1078.02,False,True,,
WO0001,00000331,Invoice,2017-01-11,2017-01,14.3,CASH,LPG,LPG,2,416.63,62.49,479.12,False,True,,
WO0001,00000332,Invoice,2017-01-11,2017-01,14.3,,LPG,LPG,2,430.1,64.52,494.62,False,True,,
WO0001,00000332,Invoice,2017-01-11,2017-01,19.3,,LPG,LPG,5,1459.3,218.9,1678.2,False,True,,
WO0001,00000332,Invoice,2017-01-11,2017-01,9.3,,LPG,LPG,7,967.8,145.17,1112.97,False,True,,
WO0001,00000334,Invoice,2017-01-11,2017-01,9.2,SHORT #332,CYL,CYL,1,297.39,44.61,342,True,False,,
WO0001,00000131,Crd Note,2017-01-31,2017-01,9.2,RETUNED,CYL,CYL,-1,-297.39,-44.61,-342,True,False,,
WO0001,00000401,Invoice,2017-01-31,2017-01,9.3,,LPG,LPG,20,2793.7,419.05,3212.75,False,True,,
WO0001,00000459,Invoice,2017-02-14,2017-02,19.3,,LPG,LPG,5,1468.62,220.29,1688.91,False,True,,
WO0001,00000459,Invoice,2017-02-14,2017-02,14.3,,LPG,LPG,3,649.3,97.39,746.69,False,True,,
WO0001,00000459,Invoice,2017-02-14,2017-02,9.3,,LPG,LPG,10,1391.3,208.69,1599.99,False,True,,
WO0001,00000516,Invoice,2017-03-05,2017-03,19.3,CASH,LPG,LPG,5,1468.62,220.29,1688.91,False,True,,
WO0001,00000516,Invoice,2017-03-05,2017-03,14.3,CASH,LPG,LPG,2,432.86,64.93,497.79,False,True,,
WO0001,00000516,Invoice,2017-03-05,2017-03,9.3,CASH,LPG,LPG,15,2086.95,313.04,2399.99,False,True,,
WO0001,00000587,Invoice,2017-03-22,2017-03,14.3,0,LPG,LPG,3,649.3,97.39,746.69,False,True,,
WO0001,00000587,Invoice,2017-03-22,2017-03,19.3,0,LPG,LPG,10,2937.23,440.58,3377.81,False,True,,
WO0001,00000587,Invoice,2017-03-22,2017-03,9.3,0,LPG,LPG,14,1947.82,292.17,2239.99,False,True,,
WO0001,00000652,Invoice,2017-04-06,2017-04,9.3,,LPG,LPG,15,2021.67,303.25,2324.92,False,True,,
WO0001,00000652,Invoice,2017-04-06,2017-04,14.3,,LPG,LPG,2,419.3,62.9,482.2,False,True,,
WO0001,00000652,Invoice,2017-04-06,2017-04,19.3,,LPG,LPG,3,853.6,128.04,981.64,False,True,,
WO0001,00000702,Invoice,2017-04-18,2017-04,19.3,,LPG,LPG,5,1413.5,212.03,1625.53,False,True,,
WO0001,00000702,Invoice,2017-04-18,2017-04,9.3,,LPG,LPG,20,2678.3,401.75,3080.05,False,True,,
WO0001,00000776,Invoice,2017-05-02,2017-05,19.3,,LPG,LPG,5,1413.5,212.02,1625.52,False,True,,
WO0001,00000776,Invoice,2017-05-02,2017-05,9.3,,LPG,LPG,15,2021.67,303.25,2324.92,False,True,,
WO0001,00000813,Invoice,2017-05-10,2017-05,14.3,,LPG,LPG,3,649.3,97.39,746.69,False,True,,
WO0001,00000813,Invoice,2017-05-10,2017-05,9.3,,LPG,LPG,10,1391.3,208.69,1599.99,False,True,,
WO0001,00000882,Invoice,2017-05-21,2017-05,9.3,,LPG,LPG,15,2086.95,313.04,2399.99,False,True,,
WO0001,00000882,Invoice,2017-05-21,2017-05,14.3,,LPG,LPG,5,1082.16,162.32,1244.48,False,True,,
WO0001,00000882,Invoice,2017-05-21,2017-05,19.3,,LPG,LPG,2,587.44,88.12,675.56,False,True,,
WO0001,00001058,Invoice,2017-06-20,2017-06,14.3,,LPG,LPG,5,906.3,135.95,1042.25,False,True,,
WO0001,00001058,Invoice,2017-06-20,2017-06,9.3,,LPG,LPG,20,2330.36,349.55,2679.91,False,True,,
WO0001,00000153,Crd Note,2017-06-29,2017-06,19.3,,LPG,LPG,-1,-246,-36.9,-282.9,False,True,,
WO0001,00000153,Crd Note,2017-06-29,2017-06,14.3,,LPG,LPG,-2,-362.52,-54.38,-416.9,False,True,,
WO0001,00000153,Crd Note,2017-06-29,2017-06,9.3,,LPG,LPG,-15,-1747.77,-262.16,-2009.93,False,True,,
WO0001,00001132,Invoice,2017-06-29,2017-06,14.3,,LPG,LPG,2,362.52,54.38,416.9,False,True,,
WO0001,00001132,Invoice,2017-06-29,2017-06,19.3,,LPG,LPG,1,246,36.9,282.9,False,True,,
WO0001,00001132,Invoice,2017-06-29,2017-06,9.3,,LPG,LPG,15,1747.77,262.16,2009.93,False,True,,
WO0001,00001133,Invoice,2017-06-29,2017-06,9.3,02,LPG,LPG,10,1165.17,174.78,1339.95,False,True,,
WO0001,00001133,Invoice,2017-06-29,2017-06,14.3,02,LPG,LPG,2,362.52,54.38,416.9,False,True,,
WO0001,00001133,Invoice,2017-06-29,2017-06,19.3,02,LPG,LPG,7,1722.02,258.3,1980.32,False,True,,
WO0001,00001281,Invoice,2017-07-25,2017-07,19.3,,LPG,LPG,8,1879.83,281.98,2161.81,False,True,,
WO0001,00001281,Invoice,2017-07-25,2017-07,9.3,,LPG,LPG,20,2224.29,333.64,2557.93,False,True,,
WO0001,00001355,Invoice,2017-08-07,2017-08,19.3,,LPG,LPG,3,720.46,108.07,828.53,False,True,,
WO0001,00001355,Invoice,2017-08-07,2017-08,14.3,,LPG,LPG,3,530.87,79.63,610.5,False,True,,
WO0001,00001355,Invoice,2017-08-07,2017-08,9.3,,LPG,LPG,15,1706.29,255.94,1962.23,False,True,,
WO0001,00001360,Invoice,2017-08-07,2017-08,9.3,,LPG,LPG,4,455.01,68.25,523.26,False,True,,
WO0001,00001412,Invoice,2017-08-16,2017-08,9.3,,LPG,LPG,15,1706.29,255.94,1962.23,False,True,,
WO0001,00001412,Invoice,2017-08-16,2017-08,D.3,,LPG,LPG,1,606.7,91,697.7,False,True,,
WO0001,00001412,Invoice,2017-08-16,2017-08,19.3,,LPG,LPG,7,1681.07,252.16,1933.23,False,True,,
WO0001,00001472,Invoice,2017-08-23,2017-08,19.3,,LPG,LPG,2,480.29,72.04,552.33,False,True,,
WO0001,00001472,Invoice,2017-08-23,2017-08,D.3,,LPG,LPG,1,606.68,91,697.68,False,True,,
WO0001,00001472,Invoice,2017-08-23,2017-08,9,,OTHER,OTHER,18,2047.54,307.13,2354.67,False,False,,
WO0001,00001472,Invoice,2017-08-23,2017-08,14.3,,LPG,LPG,4,707.79,106.17,813.96,False,True,,
WO0001,00001480,Invoice,2017-08-23,2017-08,9.2,SHORT ON #1472,CYL,CYL,3,892.17,133.83,1026,True,False,,
WO0001,00000198,Crd Note,2017-09-03,2017-09,9.2,SHORT ON #1472,CYL,CYL,-3,-892.17,-133.83,-1026,True,False,,
WO0001,00001547,Invoice,2017-09-03,2017-09,14.3,WOZABONA,LPG,LPG,2,353.9,53.08,406.98,False,True,,
WO0001,00001547,Invoice,2017-09-03,2017-09,19.3,WOZABONA,LPG,LPG,2,480.29,72.04,552.33,False,True,,
WO0001,00001547,Invoice,2017-09-03,2017-09,9.3,WOZABONA,LPG,LPG,12,1365.03,204.75,1569.78,False,True,,
WO0001,00001547,Invoice,2017-09-03,2017-09,D.3,WOZABONA,LPG,LPG,2,1213.36,182,1395.36,False,True,,
WO0001,00001589,Invoice,2017-09-10,2017-09,19.3,,LPG,LPG,5,1266.64,190,1456.64,False,True,,
WO0001,00001589,Invoice,2017-09-10,2017-09,14.3,,LPG,LPG,2,373.32,56,429.32,False,True,,
WO0001,00001589,Invoice,2017-09-10,2017-09,D.3,,LPG,LPG,1,639.99,96,735.99,False,True,,
WO0001,00001589,Invoice,2017-09-10,2017-09,9.3,,LPG,LPG,15,1799.97,269.99,2069.96,False,True,,
WO0001,00001591,Invoice,2017-09-10,2017-09,14.3,,LPG,LPG,2,373.34,56,429.34,False,True,,
WO0001,00001591,Invoice,2017-09-10,2017-09,19.3,,LPG,LPG,5,1266.66,190,1456.66,False,True,,
WO0001,00001591,Invoice,2017-09-10,2017-09,D.3,,LPG,LPG,1,626.08,93.91,719.99,False,True,,
WO0001,00001591,Invoice,2017-09-10,2017-09,9.3,,LPG,LPG,15,1799.97,269.99,2069.96,False,True,,
WO0001,00000205,Crd Note,2017-09-11,2017-09,D.3,,LPG,LPG,-1,-639.99,-96,-735.99,False,True,,
WO0001,00000205,Crd Note,2017-09-11,2017-09,9.3,,LPG,LPG,-15,-1799.97,-269.99,-2069.96,False,True,,
WO0001,00000205,Crd Note,2017-09-11,2017-09,14.3,,LPG,LPG,-2,-373.32,-56,-429.32,False,True,,
WO0001,00000205,Crd Note,2017-09-11,2017-09,19.3,,LPG,LPG,-5,-1266.64,-190,-1456.64,False,True,,
WO0001,00000222,Crd Note,2017-09-28,2017-09,14.3,,LPG,LPG,-2,-373.35,-56,-429.35,False,True,,
WO0001,00000222,Crd Note,2017-09-28,2017-09,19.3,,LPG,LPG,-2,-506.65,-76,-582.65,False,True,,
WO0001,00000222,Crd Note,2017-09-28,2017-09,9.3,,LPG,LPG,-13,-1559.97,-234,-1793.97,False,True,,
WO0001,00000222,Crd Note,2017-09-28,2017-09,D.3,,LPG,LPG,-1,-626.07,-93.91,-719.98,False,True,,
WO0001,00001684,Invoice,2017-09-28,2017-09,19.3,,LPG,LPG,2,506.66,76,582.66,False,True,,
WO0001,00001684,Invoice,2017-09-28,2017-09,D.3,,LPG,LPG,1,626.08,93.91,719.99,False,True,,
WO0001,00001684,Invoice,2017-09-28,2017-09,9.3,,LPG,LPG,13,1560,234,1793.9999,False,True,,
WO0001,00001684,Invoice,2017-09-28,2017-09,14.3,,LPG,LPG,2,373.34,56,429.34,False,True,,
WO0001,00001685,Invoice,2017-09-28,2017-09,D.3,,LPG,LPG,1,626.09,93.91,720,False,True,,
WO0001,00001685,Invoice,2017-09-28,2017-09,9.3,,LPG,LPG,13,1559.97,233.99,1793.96,False,True,,
WO0001,00001685,Invoice,2017-09-28,2017-09,19.3,,LPG,LPG,2,506.65,76,582.65,False,True,,
WO0001,00001685,Invoice,2017-09-28,2017-09,14.3,,LPG,LPG,2,373.35,56,429.35,False,True,,
WO0001,00001736,Invoice,2017-10-08,2017-10,14.3,,LPG,LPG,1,191.13,28.67,219.8,False,True,,
WO0001,00001736,Invoice,2017-10-08,2017-10,19.3,,LPG,LPG,3,778.18,116.73,894.91,False,True,,
WO0001,00001736,Invoice,2017-10-08,2017-10,9.3,,LPG,LPG,15,1843.09,276.46,2119.55,False,True,,
WO0001,00001810,Invoice,2017-10-19,2017-10,14.3,,LPG,LPG,3,573.37,86.01,659.38,False,True,,
WO0001,00001810,Invoice,2017-10-19,2017-10,19.3,,LPG,LPG,3,778.16,116.72,894.88,False,True,,
WO0001,00001810,Invoice,2017-10-19,2017-10,9.3,,LPG,LPG,12,1474.35,221.15,1695.5,False,True,,
WO0001,00001810,Invoice,2017-10-19,2017-10,D.3,,LPG,LPG,2,1304.33,195.65,1499.98,False,True,,
WO0001,00001849,Invoice,2017-10-30,2017-10,9.3,,LPG,LPG,15,1842.93,276.44,2119.37,False,True,,
WO0001,00001849,Invoice,2017-10-30,2017-10,19.3,,LPG,LPG,3,778.16,116.72,894.88,False,True,,
WO0001,00001849,Invoice,2017-10-30,2017-10,S.3,,LPG,LPG,2,1304.33,195.65,1499.98,False,True,,
WO0001,00001849,Invoice,2017-10-30,2017-10,14.3,,LPG,LPG,2,382.25,57.34,439.59,False,True,,
WO0001,00000248,Crd Note,2017-11-07,2017-11,14.3,,LPG,LPG,-4,-808.27,-121.24,-929.51,False,True,,
WO0001,00001893,Invoice,2017-11-07,2017-11,14.3,,LPG,LPG,7,1414.47,212.17,1626.64,False,True,,
WO0001,00001893,Invoice,2017-11-07,2017-11,9.3,,LPG,LPG,14,1818.61,272.79,2091.4,False,True,,
WO0001,00000258,Crd Note,2017-11-16,2017-11,19.3,,LPG,LPG,-1,-274.21,-41.13,-315.34,False,True,,
WO0001,00001952,Invoice,2017-11-16,2017-11,14.3,,LPG,LPG,3,606.14,90.92,697.06,False,True,,
WO0001,00001952,Invoice,2017-11-16,2017-11,9.3,,LPG,LPG,10,1299.01,194.85,1493.86,False,True,,
WO0001,00001952,Invoice,2017-11-16,2017-11,19.3,,LPG,LPG,5,1371.03,205.65,1576.68,False,True,,
WO0001,00002016,Invoice,2017-11-27,2017-11,9.3,,LPG,LPG,10,1296.83,194.52,1491.35,False,True,,
WO0001,00002016,Invoice,2017-11-27,2017-11,19.3,,LPG,LPG,6,1642.67,246.4,1889.07,False,True,,
WO0001,00002016,Invoice,2017-11-27,2017-11,14.3,,LPG,LPG,2,403.46,60.52,463.98,False,True,,
WO0001,00002086,Invoice,2017-12-06,2017-12,19.3,,LPG,LPG,4,1160.15,174.02,1334.17,False,True,,
WO0001,00002086,Invoice,2017-12-06,2017-12,14.3,,LPG,LPG,3,641.14,96.17,737.3101,False,True,,
WO0001,00002086,Invoice,2017-12-06,2017-12,9.3,,LPG,LPG,15,2060.92,309.14,2370.06,False,True,,
WO0001,00002178,Invoice,2017-12-14,2017-12,9.3,,LPG,LPG,13,1786.13,267.92,2054.05,False,True,,
WO0001,00002178,Invoice,2017-12-14,2017-12,14.3,,LPG,LPG,3,641.15,96.17,737.32,False,True,,
WO0001,00002178,Invoice,2017-12-14,2017-12,19.3,,LPG,LPG,8,2320.29,348.04,2668.33,False,True,,
WO0001,00002241,Invoice,2017-12-20,2017-12,9.3,,LPG,LPG,20,2747.7,412.15,3159.85,False,True,,
WO0001,00002241,Invoice,2017-12-20,2017-12,19.3,,LPG,LPG,5,1450.18,217.53,1667.71,False,True,,
WO0001,00002286,Invoice,2017-12-27,2017-12,19.3,,LPG,LPG,5,1450.18,217.53,1667.71,False,True,,
WO0001,00002286,Invoice,2017-12-27,2017-12,9.3,,LPG,LPG,15,2060.77,309.12,2369.89,False,True,,
WO0001,00002336,Invoice,2018-01-03,2018-01,9.3,,LPG,LPG,22,3022.47,453.37,3475.84,False,True,,
WO0001,00002336,Invoice,2018-01-03,2018-01,19.3,,LPG,LPG,3,870.1,130.52,1000.62,False,True,,
WO0001,00002336,Invoice,2018-01-03,2018-01,14.3,,LPG,LPG,5,1068.57,160.29,1228.86,False,True,,
WO0001,00002341,Invoice,2018-01-03,2018-01,9.2,SHORT ON #2336,CYL,CYL,6,1784.35,267.65,2052,True,False,,
WO0001,00002397,Invoice,2018-01-10,2018-01,14.3,,LPG,LPG,4,854.86,128.23,983.09,False,True,,
WO0001,00002397,Invoice,2018-01-10,2018-01,9.3,,LPG,LPG,10,1373.85,206.08,1579.93,False,True,,
WO0001,00002481,Invoice,2018-01-25,2018-01,19.3,,LPG,LPG,3,870.1,130.52,1000.62,False,True,,
WO0001,00002481,Invoice,2018-01-25,2018-01,14.3,,LPG,LPG,4,854.86,128.23,983.09,False,True,,
WO0001,00002481,Invoice,2018-01-25,2018-01,9.3,,LPG,LPG,14,1923.39,288.51,2211.9,False,True,,
WO0001,00002488,Invoice,2018-01-25,2018-01,9.2,,CYL,CYL,2,594.78,89.22,684,True,False,,
WO0001,00002609,Invoice,2018-02-13,2018-02,14.3,,LPG,LPG,2,427.43,64.12,491.55,False,True,,
WO0001,00002609,Invoice,2018-02-13,2018-02,9.3,,LPG,LPG,15,2060.77,309.12,2369.89,False,True,,
WO0001,00002609,Invoice,2018-02-13,2018-02,19.3,,LPG,LPG,6,1740.21,261.03,2001.24,False,True,,
WO0001,00000389,Crd Note,2018-02-14,2018-02,9.2,,CYL,CYL,-2,-594.78,-89.22,-684,True,False,,
WO0001,00002689,Invoice,2018-02-26,2018-02,D.3,,LPG,LPG,2,1465.46,219.82,1685.28,False,True,,
WO0001,00002689,Invoice,2018-02-26,2018-02,14.3,,LPG,LPG,2,427.43,64.12,491.55,False,True,,
WO0001,00002689,Invoice,2018-02-26,2018-02,19.3,,LPG,LPG,10,2900.36,435.05,3335.41,False,True,,
WO0001,00002689,Invoice,2018-02-26,2018-02,9.3,,LPG,LPG,8,1099.08,164.86,1263.94,False,True,,
WO0001,00000403,Crd Note,2018-03-07,2018-03,9.3,,LPG,LPG,-1,-137.38,-20.61,-157.99,False,True,,
WO0001,00002754,Invoice,2018-03-07,2018-03,19.3,,LPG,LPG,5,1450.17,217.53,1667.7,False,True,,
WO0001,00002754,Invoice,2018-03-07,2018-03,9.3,,LPG,LPG,17,2335.54,350.33,2685.87,False,True,,
WO0001,00002754,Invoice,2018-03-07,2018-03,14.3,,LPG,LPG,5,1068.58,160.29,1228.87,False,True,,
WO0001,00002792,Invoice,2018-03-13,2018-03,19.3,,LPG,LPG,11,3098.6,464.79,3563.3898,False,True,,
WO0001,00002792,Invoice,2018-03-13,2018-03,9.3,,LPG,LPG,7,934.07,140.11,1074.18,False,True,,
WO0001,00002792,Invoice,2018-03-13,2018-03,14.3,,LPG,LPG,6,1245.37,186.81,1432.1802,False,True,,
WO0001,00002801,Invoice,2018-03-13,2018-03,9.2,SHORT ON #2792,CYL,CYL,2,594.78,89.22,684,True,False,,
WO0001,00002802,Invoice,2018-03-13,2018-03,9.2,SHORT ON #2792,CYL,CYL,1,297.39,44.61,342,True,False,,
WO0001,00000419,Crd Note,2018-03-23,2018-03,9.2,SHORT ON #2792,CYL,CYL,-2,-594.78,-89.22,-684,True,False,,
WO0001,00000420,Crd Note,2018-03-23,2018-03,9.2,SHORT ON #2792,CYL,CYL,-1,-297.39,-44.61,-342,True,False,,
WO0001,00002871,Invoice,2018-03-23,2018-03,14.3,,LPG,LPG,4,830.25,124.54,954.79,False,True,,
WO0001,00002871,Invoice,2018-03-23,2018-03,19.3,,LPG,LPG,9,2535.21,380.28,2915.4899,False,True,,
WO0001,00002871,Invoice,2018-03-23,2018-03,9.3,,LPG,LPG,15,2001.59,300.24,2301.83,False,True,,
WO0001,00002926,Invoice,2018-04-03,2018-04,9.2,SHORT ON S-O #20,CYL,CYL,3,892.17,133.83,1026,True,False,,
WO0001,00000450,Crd Note,2018-04-22,2018-04,9.2,RETUNED,CYL,CYL,-3,-892.17,-133.83,-1026,True,False,,
WO0001,00001398,Crd Note,2021-05-20,2021-05,14.1,,CYL,CYL,-4,0,0,0,True,False,,
WO0001,00001398,Crd Note,2021-05-20,2021-05,9.1,,CYL,CYL,-8,0,0,0,True,False,,
WO0001,00001398,Crd Note,2021-05-20,2021-05,19.1,,CYL,CYL,-13,0,0,0,True,False,,
WO0001,00008523,Invoice,2021-05-20,2021-05,19.1,,CYL,CYL,5,0,0,0,True,False,,
WO0001,00008523,Invoice,2021-05-20,2021-05,14.1,,CYL,CYL,5,0,0,0,True,False,,
WO0001,00008523,Invoice,2021-05-20,2021-05,14.3,,LPG,LPG,5,1191.8,178.77,1370.57,False,True,,
WO0001,00008523,Invoice,2021-05-20,2021-05,19.3,,LPG,LPG,5,1617.4,242.61,1860.01,False,True,,
WO0001,00008523,Invoice,2021-05-20,2021-05,9.3,,LPG,LPG,15,1972.35,295.85,2268.2,False,True,,
WO0001,00008523,Invoice,2021-05-20,2021-05,9.1,,CYL,CYL,15,0,0,0,True,False,,
WO0001,00001746,Crd Note,2021-06-20,2021-06,19.3,,LPG,LPG,-10,-3234.8,-485.22,-3720.02,False,True,,
WO0001,00001746,Crd Note,2021-06-20,2021-06,9.3,,LPG,LPG,-30,-3944.7,-591.7,-4536.4,False,True,,
WO0001,00001746,Crd Note,2021-06-20,2021-06,14.1,,CYL,CYL,-5,0,0,0,True,False,,
WO0001,00001746,Crd Note,2021-06-20,2021-06,9.1,,CYL,CYL,-30,0,0,0,True,False,,
WO0001,00001746,Crd Note,2021-06-20,2021-06,19.1,,CYL,CYL,-10,0,0,0,True,False,,
WO0001,00001746,Crd Note,2021-06-20,2021-06,14.3,,LPG,LPG,-5,-1626.56,-243.98,-1870.54,False,True,,
WO0001,00008919,Invoice,2021-06-20,2021-06,14.1,,CYL,CYL,5,0,0,0,True,False,,
WO0001,00008919,Invoice,2021-06-20,2021-06,14.3,,LPG,LPG,5,1626.56,243.98,1870.54,False,True,,
WO0001,00008919,Invoice,2021-06-20,2021-06,19.1,,CYL,CYL,10,0,0,0,True,False,,
WO0001,00008919,Invoice,2021-06-20,2021-06,19.3,,LPG,LPG,10,3234.8,485.22,3720.02,False,True,,
WO0001,00008919,Invoice,2021-06-20,2021-06,9.1,,CYL,CYL,30,0,0,0,True,False,,
WO0001,00008919,Invoice,2021-06-20,2021-06,9.3,,LPG,LPG,30,3944.7,591.7,4536.4,False,True,,
WO0001,00008926,Invoice,2021-06-20,2021-06,14.1,,CYL,CYL,7,0,0,0,True,False,,
WO0001,00008926,Invoice,2021-06-20,2021-06,19.1,,CYL,CYL,7,0,0,0,True,False,,
WO0001,00008926,Invoice,2021-06-20,2021-06,14.3,,LPG,LPG,7,1439.2,215.88,1655.08,False,True,,
WO0001,00008926,Invoice,2021-06-20,2021-06,9.3,,LPG,LPG,35,4602.15,690.32,5292.47,False,True,,
WO0001,00008926,Invoice,2021-06-20,2021-06,9.1,,CYL,CYL,35,0,0,0,True,False,,
WO0001,00008926,Invoice,2021-06-20,2021-06,19.3,,LPG,LPG,7,2264.37,339.65,2604.02,False,True,,
WO0001,00001757,Crd Note,2021-06-21,2021-06,14.1,,CYL,CYL,-8,0,0,0,True,False,,
WO0001,00001757,Crd Note,2021-06-21,2021-06,19.1,,CYL,CYL,-8,0,0,0,True,False,,
WO0001,00001757,Crd Note,2021-06-21,2021-06,9.1,,CYL,CYL,-33,0,0,0,True,False,,
WO0001,00009827,Invoice,2021-08-17,2021-08,19.1,,CYL,CYL,5,0,0,0,True,False,,
WO0001,00009827,Invoice,2021-08-17,2021-08,14.1,,CYL,CYL,5,0,0,0,True,False,,
WO0001,00009827,Invoice,2021-08-17,2021-08,9.3,,LPG,LPG,30,4896.9,734.53,5631.43,False,True,,
WO0001,00009827,Invoice,2021-08-17,2021-08,19.3,,LPG,LPG,5,1722.9,258.43,1981.33,False,True,,
WO0001,00009827,Invoice,2021-08-17,2021-08,9.1,,CYL,CYL,30,0,0,0,True,False,,
WO0001,00009827,Invoice,2021-08-17,2021-08,14.3,,LPG,LPG,5,1269.5,190.43,1459.93,False,True,,
WO0001,00002302,Crd Note,2021-08-27,2021-08,14.1,,CYL,CYL,-8,0,0,0,True,False,,
WO0001,00002302,Crd Note,2021-08-27,2021-08,19.1,,CYL,CYL,-9,0,0,0,True,False,,
WO0001,00002302,Crd Note,2021-08-27,2021-08,9.1,,CYL,CYL,-23,0,0,0,True,False,,
WO0001,00009959,Invoice,2021-08-27,2021-08,19.1,,CYL,CYL,10,0,0,0,True,False,,
WO0001,00009959,Invoice,2021-08-27,2021-08,9.3,,LPG,LPG,20,3268.4,490.26,3758.66,False,True,,
WO0001,00009959,Invoice,2021-08-27,2021-08,19.3,,LPG,LPG,10,3342.5,501.38,3843.88,False,True,,
WO0001,00009959,Invoice,2021-08-27,2021-08,9.1,,CYL,CYL,20,0,0,0,True,False,,
WO0001,00009959,Invoice,2021-08-27,2021-08,14.1,,CYL,CYL,10,0,0,0,True,False,,
WO0001,00009959,Invoice,2021-08-27,2021-08,14.3,,LPG,LPG,10,2542,381.3,2923.3,False,True,,
WO0001,00010062,Invoice,2021-09-03,2021-09,9.1,,CYL,CYL,30,0,0,0,True,False,,
WO0001,00010062,Invoice,2021-09-03,2021-09,9.3,,LPG,LPG,30,5088.3,763.25,5851.55,False,True,,
WO0001,00010062,Invoice,2021-09-03,2021-09,19.1,,CYL,CYL,10,0,0,0,True,False,,
WO0001,00010062,Invoice,2021-09-03,2021-09,19.3,,LPG,LPG,10,3580.59,537.09,4117.68,False,True,,
WO0001,00002353,Crd Note,2021-09-05,2021-09,19.1,,CYL,CYL,-1,0,0,0,True,False,,
WO0001,00002353,Crd Note,2021-09-05,2021-09,14.1,,CYL,CYL,-4,0,0,0,True,False,,
WO0001,00002353,Crd Note,2021-09-05,2021-09,9.1,,CYL,CYL,-35,0,0,0,True,False,,
WO0001,00002426,Crd Note,2021-09-14,2021-09,14.1,,CYL,CYL,-4,-1200,-180,-1380,True,False,,
WO0001,00002426,Crd Note,2021-09-14,2021-09,19.1,,CYL,CYL,-8,-2400,-360,-2760,True,False,,
WO0001,00002426,Crd Note,2021-09-14,2021-09,9.1,,CYL,CYL,-28,-8400,-1260,-9660,True,False,,
WO0001,00010191,Invoice,2021-09-14,2021-09,14.3,,LPG,LPG,5,1319.15,197.87,1517.02,False,True,,
WO0001,00010191,Invoice,2021-09-14,2021-09,9.3,,LPG,LPG,30,5088.3,763.25,5851.55,False,True,,
WO0001,00010191,Invoice,2021-09-14,2021-09,19.3,,LPG,LPG,5,1790.3,268.54,2058.84,False,True,,
WO0001,00010192,Invoice,2021-09-14,2021-09,14.1,,CYL,CYL,5,1500,225,1725,True,False,,
WO0001,00010192,Invoice,2021-09-14,2021-09,9.1,,CYL,CYL,30,9000,1350,10350,True,False,,
WO0001,00010192,Invoice,2021-09-14,2021-09,19.1,,CYL,CYL,5,1500,225,1725,True,False,,
WO0001,00010315,Invoice,2021-09-22,2021-09,9.3,,LPG,LPG,20,3396.6,509.49,3906.09,False,True,,
WO0001,00010315,Invoice,2021-09-22,2021-09,14.1,,CYL,CYL,5,0,0,0,True,False,,
WO0001,00010315,Invoice,2021-09-22,2021-09,14.3,,LPG,LPG,5,1320.85,198.13,1518.98,False,True,,
WO0001,00010315,Invoice,2021-09-22,2021-09,19.1,,CYL,CYL,10,0,0,0,True,False,,
WO0001,00010315,Invoice,2021-09-22,2021-09,19.3,,LPG,LPG,10,3585.2,537.78,4122.98,False,True,,
WO0001,00010315,Invoice,2021-09-22,2021-09,9.1,,CYL,CYL,20,0,0,0,True,False,,
WO0001,00002557,Crd Note,2021-09-30,2021-09,9.1,,CYL,CYL,-17,-5100,-765,-5865,True,False,,
WO0001,00002557,Crd Note,2021-09-30,2021-09,14.1,,CYL,CYL,-2,-600,-90,-690,True,False,,
WO0001,00002557,Crd Note,2021-09-30,2021-09,19.1,,CYL,CYL,-9,-2700,-405,-3105,True,False,,
WO0001,00010427,Invoice,2021-09-30,2021-09,14.3,,LPG,LPG,5,1319.24,197.89,1517.13,False,True,,
WO0001,00010427,Invoice,2021-09-30,2021-09,19.3,,LPG,LPG,5,1790.41,268.56,2058.97,False,True,,
WO0001,00010427,Invoice,2021-09-30,2021-09,9.3,,LPG,LPG,35,5944.05,891.61,6835.66,False,True,,
WO0001,00010428,Invoice,2021-09-30,2021-09,14.1,,CYL,CYL,5,1500,225,1725,True,False,,
WO0001,00010428,Invoice,2021-09-30,2021-09,19.1,,CYL,CYL,5,1500,225,1725,True,False,,
WO0001,00010428,Invoice,2021-09-30,2021-09,9.1,,CYL,CYL,35,10500,1575,12075,True,False,,
WO0001,00010659,Invoice,2021-10-10,2021-10,9.3,,LPG,LPG,30,5259.9,788.98,6048.88,False,True,,
WO0001,00010659,Invoice,2021-10-10,2021-10,19.3,,LPG,LPG,5,1850.7,277.61,2128.31,False,True,,
WO0001,00010659,Invoice,2021-10-10,2021-10,14.3,,LPG,LPG,5,1363.65,204.55,1568.2,False,True,,
WO0001,00010660,Invoice,2021-10-10,2021-10,9.1,,CYL,CYL,30,9000,1350,10350,True,False,,
WO0001,00010660,Invoice,2021-10-10,2021-10,14.1,,CYL,CYL,5,1500,225,1725,True,False,,
WO0001,00010660,Invoice,2021-10-10,2021-10,19.1,,CYL,CYL,5,1500,225,1725,True,False,,
WO0001,00002651,Crd Note,2021-10-11,2021-10,14.1,,CYL,CYL,-5,-1500,-225,-1725,True,False,,
WO0001,00002651,Crd Note,2021-10-11,2021-10,9.1,,CYL,CYL,-27,-8100,-1215,-9315,True,False,,
WO0001,00002651,Crd Note,2021-10-11,2021-10,19.1,,CYL,CYL,-8,-2400,-360,-2760,True,False,,
WO0001,00002675,Crd Note,2021-10-15,2021-10,9.1,,CYL,CYL,-21,-6300,-945,-7245,True,False,,
WO0001,00002675,Crd Note,2021-10-15,2021-10,14.1,,CYL,CYL,-6,-1800,-270,-2070,True,False,,
WO0001,00002675,Crd Note,2021-10-15,2021-10,D.1,,CYL,CYL,-1,-300,-45,-345,True,False,,
WO0001,00002675,Crd Note,2021-10-15,2021-10,19.1,,CYL,CYL,-7,-2100,-315,-2415,True,False,,
WO0001,00010711,Invoice,2021-10-15,2021-10,14.3,,LPG,LPG,5,1363.65,204.55,1568.2,False,True,,
WO0001,00010711,Invoice,2021-10-15,2021-10,9.3,,LPG,LPG,15,2629.8,394.47,3024.27,False,True,,
WO0001,00010711,Invoice,2021-10-15,2021-10,19.3,,LPG,LPG,15,5552.1,832.81,6384.91,False,True,,
WO0001,00010712,Invoice,2021-10-15,2021-10,14.1,,CYL,CYL,5,1500,225,1725,True,False,,
WO0001,00010712,Invoice,2021-10-15,2021-10,9.1,,CYL,CYL,15,4500,675,5175,True,False,,
WO0001,00010712,Invoice,2021-10-15,2021-10,19.1,,CYL,CYL,15,4500,675,5175,True,False,,
WO0001,00002777,Crd Note,2021-10-28,2021-10,14.1,,CYL,CYL,-4,-1200,-180,-1380,True,False,,
WO0001,00002777,Crd Note,2021-10-28,2021-10,19.1,,CYL,CYL,-6,-1800,-270,-2070,True,False,,
WO0001,00002777,Crd Note,2021-10-28,2021-10,9.1,,CYL,CYL,-30,-9000,-1350,-10350,True,False,,
WO0001,00010974,Invoice,2021-10-28,2021-10,9.3,,LPG,LPG,30,5259.9,788.99,6048.89,False,True,,
WO0001,00010974,Invoice,2021-10-28,2021-10,14.3,,LPG,LPG,5,1363.65,204.55,1568.2,False,True,,
WO0001,00010974,Invoice,2021-10-28,2021-10,19.3,,LPG,LPG,5,1850.7,277.6,2128.3,False,True,,
WO0001,00010975,Invoice,2021-10-28,2021-10,9.1,,CYL,CYL,30,9000,1350,10350,True,False,,
WO0001,00010975,Invoice,2021-10-28,2021-10,14.1,,CYL,CYL,5,1500,225,1725,True,False,,
WO0001,00010975,Invoice,2021-10-28,2021-10,19.1,,CYL,CYL,5,1500,225,1725,True,False,,
WO0001,00002859,Crd Note,2021-11-08,2021-11,14.1,,CYL,CYL,-8,-2400,-360,-2760,True,False,,
WO0001,00002859,Crd Note,2021-11-08,2021-11,9.1,,CYL,CYL,-26,-7800,-1170,-8970,True,False,,
WO0001,00002859,Crd Note,2021-11-08,2021-11,19.1,,CYL,CYL,-8,-2400,-360,-2760,True,False,,
WO0001,00011145,Invoice,2021-11-08,2021-11,14.3,,LPG,LPG,6,1821.18,273.18,2094.36,False,True,,
WO0001,00011145,Invoice,2021-11-08,2021-11,19.3,,LPG,LPG,6,2471.63,370.75,2842.38,False,True,,
WO0001,00011145,Invoice,2021-11-08,2021-11,9.3,,LPG,LPG,30,5853.9,878.09,6731.99,False,True,,
WO0001,00011148,Invoice,2021-11-08,2021-11,9.1,,CYL,CYL,30,9000,1350,10350,True,False,,
WO0001,00011148,Invoice,2021-11-08,2021-11,19.1,,CYL,CYL,6,1800,270,2070,True,False,,
WO0001,00011148,Invoice,2021-11-08,2021-11,14.1,,CYL,CYL,6,1800,270,2070,True,False,,
WO0001,00011466,Invoice,2021-11-28,2021-11,14.3,,LPG,LPG,6,1752.71,262.91,2015.62,False,True,,
WO0001,00011466,Invoice,2021-11-28,2021-11,9.3,,LPG,LPG,30,5633.7,845.06,6478.76,False,True,,
WO0001,00011466,Invoice,2021-11-28,2021-11,19.3,,LPG,LPG,6,2378.64,356.8,2735.44,False,True,,
WO0001,00011467,Invoice,2021-11-28,2021-11,19.1,,CYL,CYL,6,1800,270,2070,True,False,,
WO0001,00011467,Invoice,2021-11-28,2021-11,9.1,,CYL,CYL,30,9000,1350,10350,True,False,,
WO0001,00011467,Invoice,2021-11-28,2021-11,14.1,,CYL,CYL,6,1800,270,2070,True,False,,
WO0001,00002982,Crd Note,2021-11-29,2021-11,9.1,,CYL,CYL,-31,-9300,-1395,-10695,True,False,,
WO0001,00002982,Crd Note,2021-11-29,2021-11,14.1,,CYL,CYL,-4,-1200,-180,-1380,True,False,,
WO0001,00002982,Crd Note,2021-11-29,2021-11,19.1,,CYL,CYL,-7,-2100,-315,-2415,True,False,,
WO0001,00011653,Invoice,2021-12-13,2021-12,9.3,,LPG,LPG,25,5008.75,751.31,5760.06,False,True,,
WO0001,00011653,Invoice,2021-12-13,2021-12,19.3,,LPG,LPG,10,4229.6,634.44,4864.04,False,True,,
WO0001,00011653,Invoice,2021-12-13,2021-12,14.3,,LPG,LPG,5,1558.25,233.74,1791.99,False,True,,
WO0001,00011838,Invoice,2021-12-29,2021-12,9.3,,LPG,LPG,30,6573.9,986.09,7559.99,False,True,,
WO0001,00011838,Invoice,2021-12-29,2021-12,14.3,,LPG,LPG,5,1704.35,255.65,1960,False,True,,
WO0001,00011840,Invoice,2021-12-29,2021-12,9.3,,LPG,LPG,20,4382.6,657.39,5039.99,False,True,,
WO0001,00011840,Invoice,2021-12-29,2021-12,19.3,,LPG,LPG,3,1387.83,208.17,1596,False,True,,
WO0001,00003083,Crd Note,2022-01-03,2022-01,14.3,,LPG,LPG,-5,-1704.35,-255.65,-1960,False,True,,
WO0001,00003083,Crd Note,2022-01-03,2022-01,9.3,,LPG,LPG,-30,-6573.9,-986.09,-7559.99,False,True,,
WO0001,00011882,Invoice,2022-01-04,2022-01,19.4,IMPENDLA,LPG,LPG,10,4351.4,652.71,5004.11,False,True,,
WO0001,00011882,Invoice,2022-01-04,2022-01,9.4,IMPENDLA,LPG,LPG,20,4122.4,618.36,4740.76,False,True,,
WO0001,00003085,Crd Note,2022-01-06,2022-01,9.1,IMPENDLA,CYL,CYL,-4,-1200,-180,-1380,True,False,,
WO0001,00012034,Invoice,2022-01-19,2022-01,9.1,,CYL,CYL,20,0,0,0,True,False,,
WO0001,00012034,Invoice,2022-01-19,2022-01,9.3,,LPG,LPG,20,3913,586.95,4499.95,False,True,,
WO0001,00012034,Invoice,2022-01-19,2022-01,14.1,,CYL,CYL,10,0,0,0,True,False,,
WO0001,00012034,Invoice,2022-01-19,2022-01,14.3,,LPG,LPG,10,3043.5,456.52,3500.02,False,True,,
WO0001,00003176,Crd Note,2022-01-31,2022-01,14.1,,CYL,CYL,-3,0,0,0,True,False,,
WO0001,00003176,Crd Note,2022-01-31,2022-01,19.1,,CYL,CYL,-1,-300,-45,-345,True,False,,
WO0001,00003176,Crd Note,2022-01-31,2022-01,9.1,,CYL,CYL,-20,0,0,0,True,False,,
WO0001,00003176,Crd Note,2022-01-31,2022-01,9.1,,CYL,CYL,-3,-900,-135,-1035,True,False,,
WO0001,00003176,Crd Note,2022-01-31,2022-01,19.1,,CYL,CYL,-5,0,0,0,True,False,,
WO0001,00012112,Invoice,2022-01-31,2022-01,9.4,,LPG,LPG,20,3913,586.95,4499.95,False,True,,
WO0001,00012112,Invoice,2022-01-31,2022-01,14.3,,LPG,LPG,3,913.05,136.96,1050.01,False,True,,
WO0001,00012112,Invoice,2022-01-31,2022-01,19.1,,CYL,CYL,5,0,0,0,True,False,,
WO0001,00012112,Invoice,2022-01-31,2022-01,19.3,,LPG,LPG,5,2065.2,309.78,2374.98,False,True,,
WO0001,00012112,Invoice,2022-01-31,2022-01,14.1,,CYL,CYL,3,0,0,0,True,False,,
WO0001,00012112,Invoice,2022-01-31,2022-01,9.1,,CYL,CYL,20,0,0,0,True,False,,
WO0001,00003212,Crd Note,2022-02-08,2022-02,14.4,TOO LATE FOR DELVERY,LPG,LPG,-5,-1521.75,-228.26,-1750.01,False,True,,
WO0001,00003212,Crd Note,2022-02-08,2022-02,9.4,TOO LATE FOR DELVERY,LPG,LPG,-20,-3913,-586.95,-4499.95,False,True,,
WO0001,00003212,Crd Note,2022-02-08,2022-02,19.4,TOO LATE FOR DELVERY,LPG,LPG,-10,-4130.4,-619.56,-4749.96,False,True,,
WO0001,00003213,Crd Note,2022-02-08,2022-02,19.1,TOO LATE FOR DELVERY,CYL,CYL,-10,-3000,-450,-3450,True,False,,
WO0001,00003213,Crd Note,2022-02-08,2022-02,14.1,TOO LATE FOR DELVERY,CYL,CYL,-5,-1500,-225,-1725,True,False,,
WO0001,00003213,Crd Note,2022-02-08,2022-02,9.1,TOO LATE FOR DELVERY,CYL,CYL,-20,-6000,-900,-6900,True,False,,
WO0001,00012213,Invoice,2022-02-08,2022-02,19.4,,LPG,LPG,10,4130.4,619.56,4749.96,False,True,,
WO0001,00012213,Invoice,2022-02-08,2022-02,14.4,,LPG,LPG,5,1521.75,228.26,1750.01,False,True,,
WO0001,00012213,Invoice,2022-02-08,2022-02,9.4,,LPG,LPG,20,3913,586.95,4499.95,False,True,,
WO0001,00012214,Invoice,2022-02-08,2022-02,14.1,,CYL,CYL,5,1500,225,1725,True,False,,
WO0001,00012214,Invoice,2022-02-08,2022-02,9.1,,CYL,CYL,20,6000,900,6900,True,False,,
WO0001,00012214,Invoice,2022-02-08,2022-02,19.1,,CYL,CYL,10,3000,450,3450,True,False,,
WO0001,00003214,Crd Note,2022-02-09,2022-02,9.1,,CYL,CYL,-23,-6900,-1035,-7935,True,False,,
WO0001,00003214,Crd Note,2022-02-09,2022-02,14.1,,CYL,CYL,-9,-2700,-405,-3105,True,False,,
WO0001,00003214,Crd Note,2022-02-09,2022-02,19.1,,CYL,CYL,-2,-600,-90,-690,True,False,,
WO0001,00012222,Invoice,2022-02-09,2022-02,14.4,,LPG,LPG,5,1521.76,228.26,1750.02,False,True,,
WO0001,00012222,Invoice,2022-02-09,2022-02,9.4,,LPG,LPG,20,3913,586.95,4499.95,False,True,,
WO0001,00012222,Invoice,2022-02-09,2022-02,19.4,,LPG,LPG,9,3717.36,557.6,4274.96,False,True,,
WO0001,00012223,Invoice,2022-02-09,2022-02,14.1,,CYL,CYL,5,1500,225,1725,True,False,,
WO0001,00012223,Invoice,2022-02-09,2022-02,19.1,,CYL,CYL,9,2700,405,3105,True,False,,
WO0001,00012223,Invoice,2022-02-09,2022-02,9.1,,CYL,CYL,20,6000,900,6900,True,False,,
WO0001,00003250,Crd Note,2022-02-18,2022-02,9.4,INCORRECT SKU,LPG,LPG,-30,-5869.5,-880.43,-6749.93,False,True,,
WO0001,00003250,Crd Note,2022-02-18,2022-02,19.3,INCORRECT SKU,LPG,LPG,-7,-2891.28,-433.69,-3324.97,False,True,,
WO0001,00003250,Crd Note,2022-02-18,2022-02,14.4,INCORRECT SKU,LPG,LPG,-4,-1217.4,-182.61,-1400.01,False,True,,
WO0001,00003252,Crd Note,2022-02-18,2022-02,9.1,,CYL,CYL,-29,-8700,-1305,-10005,True,False,,
WO0001,00003252,Crd Note,2022-02-18,2022-02,19.1,,CYL,CYL,-7,-2100,-315,-2415,True,False,,
WO0001,00003252,Crd Note,2022-02-18,2022-02,14.1,,CYL,CYL,-5,-1500,-225,-1725,True,False,,
WO0001,00012331,Invoice,2022-02-18,2022-02,14.4,,LPG,LPG,4,1217.4,182.61,1400.01,False,True,,
WO0001,00012331,Invoice,2022-02-18,2022-02,9.4,,LPG,LPG,30,5869.5,880.43,6749.93,False,True,,
WO0001,00012331,Invoice,2022-02-18,2022-02,19.3,,LPG,LPG,7,2891.28,433.69,3324.97,False,True,,
WO0001,00012332,Invoice,2022-02-18,2022-02,19.3,,LPG,LPG,7,2885.19,432.78,3317.97,False,True,,
WO0001,00012332,Invoice,2022-02-18,2022-02,9.4,,LPG,LPG,30,5869.5,880.43,6749.93,False,True,,
WO0001,00012332,Invoice,2022-02-18,2022-02,14.4,,LPG,LPG,4,1217.4,182.61,1400.01,False,True,,
WO0001,00012332,Invoice,2022-02-18,2022-02,14.3,,LPG,LPG,1,304.35,45.65,350,False,True,,
WO0001,00012333,Invoice,2022-02-18,2022-02,19.1,,CYL,CYL,7,2100,315,2415,True,False,,
WO0001,00012333,Invoice,2022-02-18,2022-02,9.1,,CYL,CYL,30,9000,1350,10350,True,False,,
WO0001,00012333,Invoice,2022-02-18,2022-02,14.1,,CYL,CYL,5,1500,225,1725,True,False,,
WO0001,00012464,Invoice,2022-03-03,2022-03,19.3,,LPG,LPG,7,2973.39,446.01,3419.4,False,True,,
WO0001,00012464,Invoice,2022-03-03,2022-03,9.3,,LPG,LPG,25,5030.25,754.54,5784.79,False,True,,
WO0001,00012464,Invoice,2022-03-03,2022-03,14.3,,LPG,LPG,7,2190.93,328.64,2519.57,False,True,,
WO0001,00012465,Invoice,2022-03-03,2022-03,9.1,,CYL,CYL,25,7500,1125,8625,True,False,,
WO0001,00012465,Invoice,2022-03-03,2022-03,14.1,,CYL,CYL,7,2100,315,2415,True,False,,
WO0001,00012465,Invoice,2022-03-03,2022-03,19.1,,CYL,CYL,7,2100,315,2415,True,False,,
WO0001,00003295,Crd Note,2022-03-04,2022-03,14.1,,CYL,CYL,-7,-2100,-315,-2415,True,False,,
WO0001,00003295,Crd Note,2022-03-04,2022-03,19.1,,CYL,CYL,-7,-2100,-315,-2415,True,False,,
WO0001,00003295,Crd Note,2022-03-04,2022-03,9.1,,CYL,CYL,-25,-7500,-1125,-8625,True,False,,
WO0001,00012581,Invoice,2022-03-14,2022-03,19.3,,LPG,LPG,10,4247.7,637.15,4884.85,False,True,,
WO0001,00012581,Invoice,2022-03-14,2022-03,9.4,,LPG,LPG,30,6036.3,905.45,6941.75,False,True,,
WO0001,00012597,Invoice,2022-03-14,2022-03,19.1,,CYL,CYL,10,3000,450,3450,True,False,,
WO0001,00012597,Invoice,2022-03-14,2022-03,9.1,,CYL,CYL,30,9000,1350,10350,True,False,,
WO0001,00003334,Crd Note,2022-03-15,2022-03,19.1,,CYL,CYL,-10,-3000,-450,-3450,True,False,,
WO0001,00003334,Crd Note,2022-03-15,2022-03,9.1,,CYL,CYL,-30,-9000,-1350,-10350,True,False,,
WO0001,00012686,Invoice,2022-03-24,2022-03,9.3,,LPG,LPG,10,2012.1,301.82,2313.92,False,True,,
WO0001,00012686,Invoice,2022-03-24,2022-03,19.3,,LPG,LPG,7,2973.38,446.01,3419.39,False,True,,
WO0001,00012824,Invoice,2022-04-05,2022-04,9.3,,LPG,LPG,25,5456.75,818.51,6275.26,False,True,,
WO0001,00012824,Invoice,2022-04-05,2022-04,14.4,,LPG,LPG,10,3395.3,509.3,3904.6,False,True,,
WO0001,00012825,Invoice,2022-04-05,2022-04,9.1,,CYL,CYL,25,7500,1125,8625,True,False,,
WO0001,00012825,Invoice,2022-04-05,2022-04,14.1,,CYL,CYL,10,3000,450,3450,True,False,,
WO0001,00003360,Crd Note,2022-04-06,2022-04,9.1,,CYL,CYL,-29,-8700,-1305,-10005,True,False,,
WO0001,00003360,Crd Note,2022-04-06,2022-04,14.1,,CYL,CYL,-3,-900,-135,-1035,True,False,,
WO0001,00003360,Crd Note,2022-04-06,2022-04,9.1,,CYL,CYL,-3,-900,-135,-1035,True,False,,
WO0001,00003384,Crd Note,2022-04-15,2022-04,S.1,,CYL,CYL,-1,-1212.1,-181.81,-1393.91,True,False,,
WO0001,00003384,Crd Note,2022-04-15,2022-04,9.4,,LPG,LPG,-30,-6818.1,-1022.72,-7840.82,False,True,,
WO0001,00003384,Crd Note,2022-04-15,2022-04,19.4,,LPG,LPG,-5,-2398.95,-359.84,-2758.79,False,True,,
WO0001,00003387,Crd Note,2022-04-15,2022-04,19.4,,LPG,LPG,-5,-2398.9,-359.83,-2758.73,False,True,,
WO0001,00003387,Crd Note,2022-04-15,2022-04,9.4,,LPG,LPG,-30,-6818.1,-1022.72,-7840.82,False,True,,
WO0001,00003387,Crd Note,2022-04-15,2022-04,S.4,,LPG,LPG,-1,-1212.1,-181.82,-1393.92,False,True,,
WO0001,00003389,Crd Note,2022-04-15,2022-04,9.1,,CYL,CYL,-30,-9000,-1350,-10350,True,False,,
WO0001,00003389,Crd Note,2022-04-15,2022-04,19.1,,CYL,CYL,-5,-1500,-225,-1725,True,False,,
WO0001,00003389,Crd Note,2022-04-15,2022-04,S.1,,CYL,CYL,-1,-300,-45,-345,True,False,,
WO0001,00012972,Invoice,2022-04-15,2022-04,9.4,,LPG,LPG,30,6818.1,1022.72,7840.82,False,True,,
WO0001,00012972,Invoice,2022-04-15,2022-04,19.4,,LPG,LPG,5,2398.95,359.84,2758.79,False,True,,
WO0001,00012972,Invoice,2022-04-15,2022-04,S.1,,CYL,CYL,1,1212.1,181.81,1393.91,True,False,,
WO0001,00012973,Invoice,2022-04-15,2022-04,S.4,,LPG,LPG,1,1212.1,181.82,1393.92,False,True,,
WO0001,00012973,Invoice,2022-04-15,2022-04,19.4,,LPG,LPG,5,2398.9,359.83,2758.73,False,True,,
WO0001,00012973,Invoice,2022-04-15,2022-04,9.4,,LPG,LPG,30,6818.1,1022.72,7840.82,False,True,,
WO0001,00012982,Invoice,2022-04-15,2022-04,S.1,,CYL,CYL,1,300,45,345,True,False,,
WO0001,00012982,Invoice,2022-04-15,2022-04,19.1,,CYL,CYL,5,1500,225,1725,True,False,,
WO0001,00012982,Invoice,2022-04-15,2022-04,9.1,,CYL,CYL,30,9000,1350,10350,True,False,,
WO0001,00012987,Invoice,2022-04-15,2022-04,9.4,,LPG,LPG,30,6548.1,982.22,7530.32,False,True,,
WO0001,00012987,Invoice,2022-04-15,2022-04,19.4,,LPG,LPG,5,2303.95,345.59,2649.54,False,True,,
WO0001,00012987,Invoice,2022-04-15,2022-04,S.4,,LPG,LPG,1,1164.1,174.61,1338.71,False,True,,
WO0001,00012989,Invoice,2022-04-15,2022-04,19.1,,CYL,CYL,5,1500,225,1725,True,False,,
WO0001,00012989,Invoice,2022-04-15,2022-04,9.1,,CYL,CYL,30,9000,1350,10350,True,False,,
WO0001,00012989,Invoice,2022-04-15,2022-04,S.1,,CYL,CYL,1,300,45,345,True,False,,
WO0001,00003400,Crd Note,2022-04-18,2022-04,S.1,,CYL,CYL,-1,-300,-45,-345,True,False,,
WO0001,00003400,Crd Note,2022-04-18,2022-04,19.1,,CYL,CYL,-5,-1500,-225,-1725,True,False,,
WO0001,00003400,Crd Note,2022-04-18,2022-04,9.1,,CYL,CYL,-30,-9000,-1350,-10350,True,False,,
WO0001,00013139,Invoice,2022-04-25,2022-04,19.3,,LPG,LPG,3,1382.37,207.35,1589.72,False,True,,
WO0001,00013139,Invoice,2022-04-25,2022-04,9.3,,LPG,LPG,30,6548.1,982.22,7530.32,False,True,,
WO0001,00013139,Invoice,2022-04-25,2022-04,14.3,,LPG,LPG,5,1697.65,254.65,1952.3,False,True,,
WO0001,00013140,Invoice,2022-04-25,2022-04,19.1,,CYL,CYL,3,772.3,115.84,888.14,True,False,,
WO0001,00013140,Invoice,2022-04-25,2022-04,14.1,,CYL,CYL,5,1287.15,193.07,1480.22,True,False,,
WO0001,00013140,Invoice,2022-04-25,2022-04,9.1,,CYL,CYL,30,9000,1350,10350,True,False,,
WO0001,00003467,Crd Note,2022-04-27,2022-04,14.1,,CYL,CYL,-5,-1287.15,-193.07,-1480.22,True,False,,
WO0001,00003467,Crd Note,2022-04-27,2022-04,9.1,,CYL,CYL,-30,-9000,-1350,-10350,True,False,,
WO0001,00003467,Crd Note,2022-04-27,2022-04,19.1,,CYL,CYL,-3,-772.3,-115.84,-888.14,True,False,,
WO0001,00003535,Crd Note,2022-05-06,2022-05,19.1,,CYL,CYL,-7,-2100,-315,-2415,True,False,,
WO0001,00003535,Crd Note,2022-05-06,2022-05,14.1,,CYL,CYL,-10,-3000,-450,-3450,True,False,,
WO0001,00003535,Crd Note,2022-05-06,2022-05,9.1,,CYL,CYL,-20,-6000,-900,-6900,True,False,,
WO0001,00013325,Invoice,2022-05-06,2022-05,19.4,,LPG,LPG,7,3307.99,496.2,3804.19,False,True,,
WO0001,00013325,Invoice,2022-05-06,2022-05,9.4,,LPG,LPG,20,4477,671.55,5148.55,False,True,,
WO0001,00013325,Invoice,2022-05-06,2022-05,14.4,,LPG,LPG,10,3482.1,522.31,4004.41,False,True,,
WO0001,00013326,Invoice,2022-05-06,2022-05,9.1,,CYL,CYL,20,6000,900,6900,True,False,,
WO0001,00013326,Invoice,2022-05-06,2022-05,14.1,,CYL,CYL,10,3000,450,3450,True,False,,
WO0001,00013326,Invoice,2022-05-06,2022-05,19.1,,CYL,CYL,7,2100,315,2415,True,False,,
WO0001,00013578,Invoice,2022-05-19,2022-05,19.4,,LPG,LPG,8,3780.56,567.08,4347.64,False,True,,
WO0001,00013578,Invoice,2022-05-19,2022-05,9.4,,LPG,LPG,30,6715.5,1007.33,7722.83,False,True,,
WO0001,00013578,Invoice,2022-05-19,2022-05,14.4,,LPG,LPG,8,2785.68,417.85,3203.53,False,True,,
WO0001,00013579,Invoice,2022-05-19,2022-05,14.1,,CYL,CYL,8,3569.68,535.45,4105.13,True,False,,
WO0001,00013579,Invoice,2022-05-19,2022-05,9.1,,CYL,CYL,30,13386.3,2007.95,15394.25,True,False,,
WO0001,00013579,Invoice,2022-05-19,2022-05,19.1,,CYL,CYL,8,3569.68,535.45,4105.13,True,False,,
WO0001,00003612,Crd Note,2022-05-20,2022-05,14.1,,CYL,CYL,-8,-3569.68,-535.45,-4105.13,True,False,,
WO0001,00003612,Crd Note,2022-05-20,2022-05,19.1,,CYL,CYL,-8,-3569.68,-535.45,-4105.13,True,False,,
WO0001,00003612,Crd Note,2022-05-20,2022-05,9.1,,CYL,CYL,-30,-13386.3,-2007.95,-15394.25,True,False,,
WO0001,00013761,Invoice,2022-05-30,2022-05,9.4,,LPG,LPG,25,5596.25,839.44,6435.69,False,True,,
WO0001,00013761,Invoice,2022-05-30,2022-05,14.4,,LPG,LPG,7,2437.47,365.62,2803.09,False,True,,
WO0001,00013761,Invoice,2022-05-30,2022-05,19.4,,LPG,LPG,8,3780.56,567.08,4347.64,False,True,,
WO0001,00013971,Invoice,2022-06-13,2022-06,9.4,,LPG,LPG,20,4477,671.55,5148.55,False,True,,
WO0001,00013971,Invoice,2022-06-13,2022-06,14.3,,LPG,LPG,1,348.21,52.23,400.44,False,True,,
WO0001,00013971,Invoice,2022-06-13,2022-06,14.4,,LPG,LPG,4,1392.84,208.93,1601.77,False,True,,
WO0001,00013971,Invoice,2022-06-13,2022-06,19.3,,LPG,LPG,5,2362.85,354.43,2717.28,False,True,,
WO0001,00014323,Invoice,2022-07-04,2022-07,9.3,D/N,LPG,LPG,30,6715.5,1007.32,7722.82,False,True,,
WO0001,00014323,Invoice,2022-07-04,2022-07,14.4,D/N,LPG,LPG,3,1044.63,156.69,1201.32,False,True,,
WO0001,00014323,Invoice,2022-07-04,2022-07,19.4,D/N,LPG,LPG,5,2362.86,354.43,2717.29,False,True,,
WO0001,00014554,Invoice,2022-07-15,2022-07,14.4,D/N 1524,LPG,LPG,8,2688,403.2,3091.2,False,True,,
WO0001,00014554,Invoice,2022-07-15,2022-07,19.4,D/N 1524,LPG,LPG,5,2280,342,2622,False,True,,
WO0001,00014554,Invoice,2022-07-15,2022-07,9.4,D/N 1524,LPG,LPG,25,5400,810,6210,False,True,,
WO0001,00014727,Invoice,2022-07-25,2022-07,9.3,D/N 1997,LPG,LPG,15,3240,486,3726,False,True,,
WO0001,00014727,Invoice,2022-07-25,2022-07,14.4,D/N 1997,LPG,LPG,5,1680,252,1932,False,True,,
WO0001,00014727,Invoice,2022-07-25,2022-07,19.4,D/N 1997,LPG,LPG,3,1368,205.2,1573.2,False,True,,
WO0001,00003805,Crd Note,2022-08-04,2022-08,14.1,EMPTIES D/N 1494,CYL,CYL,-10,-5200,-780,-5980,True,False,,
WO0001,00003805,Crd Note,2022-08-04,2022-08,9.1,EMPTIES D/N 1494,CYL,CYL,-20,-10400,-1560,-11960,True,False,,
WO0001,00003805,Crd Note,2022-08-04,2022-08,19.1,EMPTIES D/N 1494,CYL,CYL,-10,-5200,-780,-5980,True,False,,
WO0001,00014935,Invoice,2022-08-04,2022-08,19.3,D/N1494,LPG,LPG,5,2321.3,348.2,2669.5,False,True,,
WO0001,00014935,Invoice,2022-08-04,2022-08,9.4,D/N1494,LPG,LPG,20,4398.2,659.73,5057.93,False,True,,
WO0001,00014935,Invoice,2022-08-04,2022-08,14.4,D/N1494,LPG,LPG,10,3420.9,513.13,3934.03,False,True,,
WO0001,00014939,Invoice,2022-08-04,2022-08,14.1,EMPTIES D/N 1494,CYL,CYL,10,5200,780,5980,True,False,,
WO0001,00014939,Invoice,2022-08-04,2022-08,9.1,EMPTIES D/N 1494,CYL,CYL,20,10400,1560,11960,True,False,,
WO0001,00014939,Invoice,2022-08-04,2022-08,19.1,EMPTIES D/N 1494,CYL,CYL,5,2600,390,2990,True,False,,
WO0001,00003827,Crd Note,2022-08-10,2022-08,14.1,EMPTIES D/N 1584,CYL,CYL,-3,-1560,-234,-1794,True,False,,
WO0001,00003827,Crd Note,2022-08-10,2022-08,9.1,EMPTIES D/N 1584,CYL,CYL,-15,-7800,-1170,-8970,True,False,,
WO0001,00003827,Crd Note,2022-08-10,2022-08,D.1,EMPTIES D/N 1584,CYL,CYL,-1,-520,-78,-598,True,False,,
WO0001,00015015,Invoice,2022-08-10,2022-08,1901,D/N 1584,LPG,LPG,7,3249.82,487.47,3737.29,False,True,,
WO0001,00015015,Invoice,2022-08-10,2022-08,14.4,D/N 1584,LPG,LPG,5,1710.45,256.57,1967.02,False,True,,
WO0001,00015015,Invoice,2022-08-10,2022-08,9.4,D/N 1584,LPG,LPG,15,3298.65,494.8,3793.45,False,True,,
WO0001,00015019,Invoice,2022-08-10,2022-08,9.1,EMPTIES D/N 1584,CYL,CYL,15,7800,1170,8970,True,False,,
WO0001,00015019,Invoice,2022-08-10,2022-08,14.1,EMPTIES D/N 1584,CYL,CYL,5,2600,390,2990,True,False,,
WO0001,00015019,Invoice,2022-08-10,2022-08,19.1,EMPTIES D/N 1584,CYL,CYL,7,3640,546,4186,True,False,,
WO0001,00015370,Invoice,2022-08-29,2022-08,9.3,D/N 1695,LPG,LPG,9,1979.19,296.88,2276.07,False,True,,
WO0001,00015370,Invoice,2022-08-29,2022-08,9.4,D/N 1695,LPG,LPG,21,4618.11,692.72,5310.83,False,True,,
WO0001,00015370,Invoice,2022-08-29,2022-08,19.4,D/N 1695,LPG,LPG,10,4642.6,696.39,5338.99,False,True,,
WO0001,00015370,Invoice,2022-08-29,2022-08,14.3,D/N 1695,LPG,LPG,1,342.09,51.31,393.4,False,True,,
WO0001,00015370,Invoice,2022-08-29,2022-08,14.4,D/N 1695,LPG,LPG,9,3078.81,461.82,3540.63,False,True,,
WO0001,00015379,Invoice,2022-08-29,2022-08,19.1,D/N 1695 EMPTIES,CYL,CYL,10,5200,780,5980,True,False,,
WO0001,00015379,Invoice,2022-08-29,2022-08,9.1,D/N 1695 EMPTIES,CYL,CYL,30,15600,2340,17940,True,False,,
WO0001,00015379,Invoice,2022-08-29,2022-08,14.1,D/N 1695 EMPTIES,CYL,CYL,10,5200,780,5980,True,False,,
WO0001,00003988,Crd Note,2022-08-30,2022-08,14.1,D/N 1695 EMPTIES,CYL,CYL,-4,-2080,-312,-2392,True,False,,
WO0001,00003988,Crd Note,2022-08-30,2022-08,9.1,D/N 1695 EMPTIES,CYL,CYL,-30,-15600,-2340,-17940,True,False,,
WO0001,00003988,Crd Note,2022-08-30,2022-08,19.1,D/N 1695 EMPTIES,CYL,CYL,-4,-2080,-312,-2392,True,False,,
WO0001,00015777,Invoice,2022-09-22,2022-09,19.4,D/N 2204,LPG,LPG,5,2202.35,330.35,2532.7,False,True,,
WO0001,00015777,Invoice,2022-09-22,2022-09,9.3,D/N 2204,LPG,LPG,40,8519.65,1277.95,9797.598,False,True,,
WO0001,00015961,Invoice,2022-10-07,2022-10,9.4,D/N 2500,LPG,LPG,5,1040.85,156.13,1196.98,False,True,,
WO0001,00015961,Invoice,2022-10-07,2022-10,901,D/N 2500,LPG,LPG,10,2081.7,312.25,2393.95,False,True,,
WO0001,00015961,Invoice,2022-10-07,2022-10,1901,D/N 2500,LPG,LPG,20,8789.6,1318.44,10108.04,False,True,,
WO0001,00004165,Crd Note,2022-10-09,2022-10,9.1,D/N2500 EMPTIES,CYL,CYL,-22,-11440,-1716,-13156,True,False,,
WO0001,00004165,Crd Note,2022-10-09,2022-10,14.1,D/N2500 EMPTIES,CYL,CYL,-9,-4680,-702,-5382,True,False,,
WO0001,00004165,Crd Note,2022-10-09,2022-10,19.1,D/N2500 EMPTIES,CYL,CYL,-9,-4680,-702,-5382,True,False,,
WO0001,00015965,Invoice,2022-10-09,2022-10,19.1,D/N2500 EMPTIES,CYL,CYL,20,10400,1560,11960,True,False,,
WO0001,00015965,Invoice,2022-10-09,2022-10,9.1,D/N2500 EMPTIES,CYL,CYL,15,7800,1170,8970,True,False,,
WO0001,00004183,Crd Note,2022-10-12,2022-10,9.1,D/N 2233 EMPTIES,CYL,CYL,-10,-5200,-780,-5980,True,False,,
WO0001,00004183,Crd Note,2022-10-12,2022-10,19.1,D/N 2233 EMPTIES,CYL,CYL,-24,-12480,-1872,-14352,True,False,,
WO0001,00004183,Crd Note,2022-10-12,2022-10,14.1,D/N 2233 EMPTIES,CYL,CYL,-1,-520,-78,-598,True,False,,
WO0001,00016028,Invoice,2022-10-12,2022-10,14.3,D/N 2233,LPG,LPG,5,1629.5,244.43,1873.93,False,True,,
WO0001,00016028,Invoice,2022-10-12,2022-10,9.3,D/N 2233,LPG,LPG,20,4190,628.5,4818.5,False,True,,
WO0001,00016028,Invoice,2022-10-12,2022-10,1901,D/N 2233,LPG,LPG,10,4422.9,663.43,5086.33,False,True,,
WO0001,00016029,Invoice,2022-10-12,2022-10,9.1,D/N 2233 EMPTIES,CYL,CYL,20,10400,1560,11960,True,False,,
WO0001,00016029,Invoice,2022-10-12,2022-10,19.1,D/N 2233 EMPTIES,CYL,CYL,10,5200,780,5980,True,False,,
WO0001,00016029,Invoice,2022-10-12,2022-10,14.1,D/N 2233 EMPTIES,CYL,CYL,5,2600,390,2990,True,False,,
WO0001,00004235,Crd Note,2022-10-27,2022-10,9.1,D/N2399 EMPTIES,CYL,CYL,-18,-9360,-1404,-10764,True,False,,
WO0001,00004235,Crd Note,2022-10-27,2022-10,14.1,D/N2399 EMPTIES,CYL,CYL,-1,-520,-78,-598,True,False,,
WO0001,00004235,Crd Note,2022-10-27,2022-10,19.1,D/N2399 EMPTIES,CYL,CYL,-6,-3120,-468,-3588,True,False,,
WO0001,00016223,Invoice,2022-10-27,2022-10,19.3,D/N 2399,LPG,LPG,20,8845.8,1326.87,10172.67,False,True,,
WO0001,00016223,Invoice,2022-10-27,2022-10,9.3,D/N 2399,LPG,LPG,10,2095,314.25,2409.25,False,True,,
WO0001,00016245,Invoice,2022-10-27,2022-10,9.1,D/N2399 EMPTIES,CYL,CYL,10,5200,780,5980,True,False,,
WO0001,00016245,Invoice,2022-10-27,2022-10,19.1,D/N2399 EMPTIES,CYL,CYL,20,10400,1560,11960,True,False,,
WO0001,00004298,Crd Note,2022-11-15,2022-11,19.1,5 INV INCORRECT,CYL,CYL,-5,-2600,-390,-2990,True,False,,
WO0001,00004299,Crd Note,2022-11-15,2022-11,14.1,D/N 2450 EMPTIES,CYL,CYL,-3,-1560,-234,-1794,True,False,,
WO0001,00004299,Crd Note,2022-11-15,2022-11,19.1,D/N 2450 EMPTIES,CYL,CYL,-9,-4680,-702,-5382,True,False,,
WO0001,00004299,Crd Note,2022-11-15,2022-11,9.1,D/N 2450 EMPTIES,CYL,CYL,-18,-9360,-1404,-10764,True,False,,
WO0001,00004300,Crd Note,2022-11-15,2022-11,19.1,D/N2450 EMPTIES,CYL,CYL,-5,-2600,-390,-2990,True,False,,
WO0001,00004301,Crd Note,2022-11-15,2022-11,14.1,D/N 2450 EMPTIES,CYL,CYL,-1,-519.84,-77.98,-597.82,True,False,,
WO0001,00004301,Crd Note,2022-11-15,2022-11,19.1,D/N 2450 EMPTIES,CYL,CYL,-1,-520,-78,-598,True,False,,
WO0001,00004301,Crd Note,2022-11-15,2022-11,9.1,D/N 2450 EMPTIES,CYL,CYL,-8,-4160,-624,-4784,True,False,,
WO0001,00016465,Invoice,2022-11-15,2022-11,9.4,D/N 2450,LPG,LPG,15,3042.6,456.39,3498.99,False,True,,
WO0001,00016465,Invoice,2022-11-15,2022-11,19.4,D/N 2450,LPG,LPG,10,4282.3,642.35,4924.65,False,True,,
WO0001,00016465,Invoice,2022-11-15,2022-11,19.3,D/N 2450,LPG,LPG,5,2141.15,321.17,2462.32,False,True,,
WO0001,00016466,Invoice,2022-11-15,2022-11,19.1,D/N 2450 EMPTIES,CYL,CYL,20,10400,1560,11960,True,False,,
WO0001,00016466,Invoice,2022-11-15,2022-11,9.1,D/N 2450 EMPTIES,CYL,CYL,15,7800,1170,8970,True,False,,
WO0001,00016686,Invoice,2022-12-02,2022-12,9.4,D/N2677,LPG,LPG,20,4056.8,608.52,4665.32,False,True,,
WO0001,00016686,Invoice,2022-12-02,2022-12,1901,D/N2677,LPG,LPG,10,4282.3,642.34,4924.64,False,True,,
WO0001,00016686,Invoice,2022-12-02,2022-12,14.3,D/N2677,LPG,LPG,5,1577.7,236.66,1814.36,False,True,,
WO0001,00016690,Invoice,2022-12-02,2022-12,9.1,D/N2677 EMPTIES,CYL,CYL,20,10400,1560,11960,True,False,,
WO0001,00016690,Invoice,2022-12-02,2022-12,19.1,D/N2677 EMPTIES,CYL,CYL,10,5200,780,5980,True,False,,
WO0001,00016690,Invoice,2022-12-02,2022-12,14.1,D/N2677 EMPTIES,CYL,CYL,5,2600,390,2990,True,False,,
WO0001,00004345,Crd Note,2022-12-03,2022-12,14.1,D/N2677 EMPTIES,CYL,CYL,-10,-5200,-780,-5980,True,False,,
WO0001,00004345,Crd Note,2022-12-03,2022-12,19.1,D/N2677 EMPTIES,CYL,CYL,-10,-5200,-780,-5980,True,False,,
WO0001,00004345,Crd Note,2022-12-03,2022-12,9.1,D/N2677 EMPTIES,CYL,CYL,-20,-10400,-1560,-11960,True,False,,
WO0001,00016852,Invoice,2022-12-14,2022-12,1901,D/N 2699,LPG,LPG,10,4419.4,662.91,5082.31,False,True,,
WO0001,00016852,Invoice,2022-12-14,2022-12,9.3,D/N 2699,LPG,LPG,25,5233.5,785.03,6018.53,False,True,,
WO0001,00004407,Crd Note,2022-12-20,2022-12,9.1,D/N2924 EMPTIES,CYL,CYL,-17,-8840,-1326,-10166,True,False,,
WO0001,00004407,Crd Note,2022-12-20,2022-12,14.1,D/N2924 EMPTIES,CYL,CYL,-4,-2080,-312,-2392,True,False,,
WO0001,00004407,Crd Note,2022-12-20,2022-12,19.1,D/N2924 EMPTIES,CYL,CYL,-5,-2600,-390,-2990,True,False,,
WO0001,00016971,Invoice,2022-12-20,2022-12,9.4,D/N 2924,LPG,LPG,30,6280.2,942.03,7222.23,False,True,,
WO0001,00016971,Invoice,2022-12-20,2022-12,14.4,D/N 2924,LPG,LPG,5,1628.2,244.23,1872.43,False,True,,
WO0001,00016986,Invoice,2022-12-20,2022-12,14.1,D/N2924 EMPTIES,CYL,CYL,5,2600,390,2990,True,False,,
WO0001,00016986,Invoice,2022-12-20,2022-12,9.1,D/N2924 EMPTIES,CYL,CYL,30,15600,2340,17940,True,False,,
WO0001,00004409,Crd Note,2022-12-21,2022-12,9.1,WRONG ACC,CYL,CYL,-30,-15600,-2340,-17940,True,False,,
WO0001,00004409,Crd Note,2022-12-21,2022-12,14.1,WRONG ACC,CYL,CYL,-5,-2600,-390,-2990,True,False,,
WO0001,00016987,Invoice,2022-12-21,2022-12,14.1,D/N 2924 EMPTIES,CYL,CYL,5,2600,390,2990,True,False,,
WO0001,00016987,Invoice,2022-12-21,2022-12,9.1,D/N 2924 EMPTIES,CYL,CYL,30,15600,2340,17940,True,False,,
WO0001,00004442,Crd Note,2023-01-03,2023-01,19.1,D/N2974 EMPTIES,CYL,CYL,-7,-3640,-546,-4186,True,False,,
WO0001,00004442,Crd Note,2023-01-03,2023-01,14.1,D/N2974 EMPTIES,CYL,CYL,-1,-520,-78,-598,True,False,,
WO0001,00017163,Invoice,2023-01-03,2023-01,19.4,D/N 2973,LPG,LPG,5,2209.7,331.45,2541.15,False,True,,
WO0001,00017163,Invoice,2023-01-03,2023-01,14.4,D/N 2973,LPG,LPG,5,1628.2,244.23,1872.43,False,True,,
WO0001,00017163,Invoice,2023-01-03,2023-01,9.4,D/N 2973,LPG,LPG,30,6280.2,942.03,7222.23,False,True,,
WO0001,00017312,Invoice,2023-01-17,2023-01,14.4,D/N 3064,LPG,LPG,5,1671.4,250.71,1922.11,False,True,,
WO0001,00017312,Invoice,2023-01-17,2023-01,19.4,D/N 3064,LPG,LPG,15,6805.05,1020.76,7825.81,False,True,,
WO0001,00017312,Invoice,2023-01-17,2023-01,9.4,D/N 3064,LPG,LPG,10,2149,322.35,2471.35,False,True,,
WO0001,00017343,Invoice,2023-01-20,2023-01,9.4,D/N 3015,LPG,LPG,10,2149,322.35,2471.35,False,True,,
WO0001,00017343,Invoice,2023-01-20,2023-01,19.4,D/N 3015,LPG,LPG,10,4536.7,680.5,5217.2,False,True,,
WO0001,00017352,Invoice,2023-01-20,2023-01,9.1,D/N3015 EMPTIES,CYL,CYL,4,1200,180,1380,True,False,,
WO0001,00017352,Invoice,2023-01-20,2023-01,19.1,D/N3015 EMPTIES,CYL,CYL,10,3000,450,3450,True,False,,
WO0001,00017455,Invoice,2023-02-01,2023-02,14.4,D/N 3241,LPG,LPG,5,1671.4,250.71,1922.11,False,True,,
WO0001,00017455,Invoice,2023-02-01,2023-02,19.4,D/N 3241,LPG,LPG,8,3629.36,544.4,4173.76,False,True,,
WO0001,00017455,Invoice,2023-02-01,2023-02,9.4,D/N 3241,LPG,LPG,10,2149,322.35,2471.35,False,True,,
WO0001,00017578,Invoice,2023-02-10,2023-02,1401,D/N 3139,LPG,LPG,5,1597.2,239.58,1836.78,False,True,,
WO0001,00017578,Invoice,2023-02-10,2023-02,901,D/N 3139,LPG,LPG,10,2053.6,308.04,2361.64,False,True,,
WO0001,00017578,Invoice,2023-02-10,2023-02,19.3,D/N 3139,LPG,LPG,5,2167.65,325.15,2492.8,False,True,,
WO0001,00017582,Invoice,2023-02-12,2023-02,9.1,D/N3139 EMPTIES,CYL,CYL,7,2100,315,2415,True,False,,
WO0001,00004542,Crd Note,2023-02-21,2023-02,9.1,D/N3180 EMPTIES,CYL,CYL,-7,-2100,-315,-2415,True,False,,
WO0001,00004543,Crd Note,2023-02-21,2023-02,9.1,D/N3180 EMPTIES,CYL,CYL,-3,-900,-135,-1035,True,False,,
WO0001,00017782,Invoice,2023-02-23,2023-02,9.3,D/N 3338,LPG,LPG,6,1232.16,184.82,1416.98,False,True,,
WO0001,00017782,Invoice,2023-02-23,2023-02,19.4,D/N 3338,LPG,LPG,14,6069.43,910.41,6979.84,False,True,,
WO0001,00017815,Invoice,2023-02-23,2023-02,9.1,D/N3338 EMPTIES,CYL,CYL,3,900,135,1035,True,False,,
WO0001,00018073,Invoice,2023-03-02,2023-03,14.4,D/N 3806,LPG,LPG,3,1124.14,168.62,1292.7599,False,True,,
WO0001,00018073,Invoice,2023-03-02,2023-03,19.4,D/N 3806,LPG,LPG,5,2542.7,381.4,2924.1,False,True,,
WO0001,00018073,Invoice,2023-03-02,2023-03,9.3,D/N 3806,LPG,LPG,15,3613.3,542,4155.3005,False,True,,
WO0001,00004643,Crd Note,2023-03-24,2023-03,9.1,D/N 3845 EMPTIES,CYL,CYL,-17,-5100,-765,-5865,True,False,,
WO0001,00004643,Crd Note,2023-03-24,2023-03,14.1,D/N 3845 EMPTIES,CYL,CYL,-1,-300,-45,-345,True,False,,
WO0001,00004643,Crd Note,2023-03-24,2023-03,19.1,D/N 3845 EMPTIES,CYL,CYL,-7,-2100,-315,-2415,True,False,,
WO0001,00018744,Invoice,2023-03-24,2023-03,14.4,D/N 3845,LPG,LPG,5,1873.85,281.08,2154.93,False,True,,
WO0001,00018744,Invoice,2023-03-24,2023-03,19.4,D/N 3845,LPG,LPG,5,2543.1,381.46,2924.56,False,True,,
WO0001,00018744,Invoice,2023-03-24,2023-03,9.4,D/N 3845,LPG,LPG,15,3613.8,542.07,4155.87,False,True,,
WO0001,00018750,Invoice,2023-03-24,2023-03,9.1,D/N 3845 EMPTIES,CYL,CYL,15,4500,675,5175,True,False,,
WO0001,00018750,Invoice,2023-03-24,2023-03,14.1,D/N 3845 EMPTIES,CYL,CYL,5,1500,225,1725,True,False,,
WO0001,00018750,Invoice,2023-03-24,2023-03,19.1,D/N 3845 EMPTIES,CYL,CYL,5,1500,225,1725,True,False,,
WO0001,00004665,Crd Note,2023-03-31,2023-03,9.1,D/N 3856 EMPTIES,CYL,CYL,-10,-3000,-450,-3450,True,False,,
WO0001,00004665,Crd Note,2023-03-31,2023-03,19.1,D/N 3856 EMPTIES,CYL,CYL,-10,-3000,-450,-3450,True,False,,
WO0001,00018945,Invoice,2023-03-31,2023-03,19.4,D/N 3856,LPG,LPG,7,3560.34,534.05,4094.39,False,True,,
WO0001,00018945,Invoice,2023-03-31,2023-03,9.4,D/N 3856,LPG,LPG,10,2409.2,361.38,2770.58,False,True,,
WO0001,00018945,Invoice,2023-03-31,2023-03,19.3,D/N 3856,LPG,LPG,2,1017.23,152.59,1169.82,False,True,,
WO0001,00018945,Invoice,2023-03-31,2023-03,1901,D/N 3856,LPG,LPG,1,508.63,76.29,584.92,False,True,,
WO0001,00018961,Invoice,2023-03-31,2023-03,19.1,D/N 3856 EMPTIES,CYL,CYL,10,3000,450,3450,True,False,,
WO0001,00018961,Invoice,2023-03-31,2023-03,9.1,D/N 3856 EMPTIES,CYL,CYL,10,3000,450,3450,True,False,,
WO0001,00004716,Crd Note,2023-04-13,2023-04,9.1,D/N 3888 EMPTIES,CYL,CYL,-20,-6000,-900,-6900,True,False,,
WO0001,00004716,Crd Note,2023-04-13,2023-04,14.1,D/N 3888 EMPTIES,CYL,CYL,-5,-1500,-225,-1725,True,False,,
WO0001,00004716,Crd Note,2023-04-13,2023-04,19.1,D/N 3888 EMPTIES,CYL,CYL,-10,-3000,-450,-3450,True,False,,
WO0001,00019310,Invoice,2023-04-13,2023-04,14.4,D/N 3888,LPG,LPG,5,1825.15,273.77,2098.92,False,True,,
WO0001,00019310,Invoice,2023-04-13,2023-04,19.4,D/N 3888,LPG,LPG,10,4954,743.1,5697.1,False,True,,
WO0001,00019310,Invoice,2023-04-13,2023-04,9.4,D/N 3888,LPG,LPG,20,4693.2,703.98,5397.18,False,True,,
WO0001,00019318,Invoice,2023-04-13,2023-04,9.1,D/N 3888 EMPTIES,CYL,CYL,20,6000,900,6900,True,False,,
WO0001,00019318,Invoice,2023-04-13,2023-04,19.1,D/N 3888 EMPTIES,CYL,CYL,10,3000,450,3450,True,False,,
WO0001,00019318,Invoice,2023-04-13,2023-04,14.1,D/N 3888 EMPTIES,CYL,CYL,5,1500,225,1725,True,False,,
WO0001,00004743,Crd Note,2023-04-17,2023-04,14.1,D/N 3894 EMPTIES,CYL,CYL,-5,-1500,-225,-1725,True,False,,
WO0001,00004743,Crd Note,2023-04-17,2023-04,19.1,D/N 3894 EMPTIES,CYL,CYL,-10,-3000,-450,-3450,True,False,,
WO0001,00004743,Crd Note,2023-04-17,2023-04,9.1,D/N 3894 EMPTIES,CYL,CYL,-10,-3000,-450,-3450,True,False,,
WO0001,00019444,Invoice,2023-04-17,2023-04,19.3,D/N 3894,LPG,LPG,10,4954,743.1,5697.1,False,True,,
WO0001,00019444,Invoice,2023-04-17,2023-04,901,D/N 3894,LPG,LPG,10,2346.6,351.99,2698.59,False,True,,
WO0001,00019444,Invoice,2023-04-17,2023-04,14.4,D/N 3894,LPG,LPG,5,1825.15,273.77,2098.92,False,True,,
WO0001,00019449,Invoice,2023-04-17,2023-04,19.1,D/N 3894 EMPTIES,CYL,CYL,10,3000,450,3450,True,False,,
WO0001,00019449,Invoice,2023-04-17,2023-04,14.1,D/N 3894 EMPTIES,CYL,CYL,5,1500,225,1725,True,False,,
WO0001,00019449,Invoice,2023-04-17,2023-04,9.1,D/N 3894 EMPTIES,CYL,CYL,10,3000,450,3450,True,False,,
WO0001,00004838,Crd Note,2023-05-02,2023-05,19.1,D/N 4157 EMPTIES,CYL,CYL,-18,-5400,-810,-6210,True,False,,
WO0001,00004838,Crd Note,2023-05-02,2023-05,14.1,D/N 4157 EMPTIES,CYL,CYL,-3,-900,-135,-1035,True,False,,
WO0001,00004838,Crd Note,2023-05-02,2023-05,9.1,D/N 4157 EMPTIES,CYL,CYL,-24,-7200,-1080,-8280,True,False,,
WO0001,00019875,Invoice,2023-05-02,2023-05,9.4,D/N 4157,LPG,LPG,20,4693.2,703.98,5397.18,False,True,,
WO0001,00019875,Invoice,2023-05-02,2023-05,19.4,D/N 4157,LPG,LPG,10,4954,743.1,5697.1,False,True,,
WO0001,00019880,Invoice,2023-05-02,2023-05,9.1,D/N 4157 EMPTIES,CYL,CYL,20,6000,900,6900,True,False,,
WO0001,00019880,Invoice,2023-05-02,2023-05,19.1,D/N 4157 EMPTIES,CYL,CYL,10,3000,450,3450,True,False,,
WO0001,00004932,Crd Note,2023-05-11,2023-05,14.1,D/N 4748 EMPTIES,CYL,CYL,-2,-600,-90,-690,True,False,,
WO0001,00004932,Crd Note,2023-05-11,2023-05,19.1,D/N 4748 EMPTIES,CYL,CYL,-7,-2100,-315,-2415,True,False,,
WO0001,00004932,Crd Note,2023-05-11,2023-05,9.1,D/N 4748 EMPTIES,CYL,CYL,-16,-4800,-720,-5520,True,False,,
WO0001,00020178,Invoice,2023-05-11,2023-05,1901,D/N 4748,LPG,LPG,5,2158.96,323.84,2482.8,False,True,,
WO0001,00020178,Invoice,2023-05-11,2023-05,9.4,D/N 4748,LPG,LPG,15,3067.95,460.19,3528.14,False,True,,
WO0001,00020178,Invoice,2023-05-11,2023-05,1401,D/N 4748,LPG,LPG,5,1590.8,238.62,1829.42,False,True,,
WO0001,00020186,Invoice,2023-05-11,2023-05,9.1,D/N 4748 EMPTIES,CYL,CYL,15,4500,675,5175,True,False,,
WO0001,00020186,Invoice,2023-05-11,2023-05,14.1,D/N 4748 EMPTIES,CYL,CYL,5,1500,225,1725,True,False,,
WO0001,00020186,Invoice,2023-05-11,2023-05,19.1,D/N 4748 EMPTIES,CYL,CYL,5,1500,225,1725,True,False,,
WO0001,00004972,Crd Note,2023-05-17,2023-05,9.1,D/N 4768 EMPTIES,CYL,CYL,-15,-4500,-675,-5175,True,False,,
WO0001,00004972,Crd Note,2023-05-17,2023-05,19.1,D/N 4768 EMPTIES,CYL,CYL,-5,-1500,-225,-1725,True,False,,
WO0001,00020338,Invoice,2023-05-17,2023-05,901,D/N 4768,LPG,LPG,13,2658.89,398.83,3057.72,False,True,,
WO0001,00020338,Invoice,2023-05-17,2023-05,1901,D/N 4768,LPG,LPG,5,2158.96,323.84,2482.8,False,True,,
WO0001,00020338,Invoice,2023-05-17,2023-05,9.4,D/N 4768,LPG,LPG,2,409.06,61.36,470.42,False,True,,
WO0001,00020341,Invoice,2023-05-17,2023-05,9.1,D/N 4768 EMPTIES,CYL,CYL,15,4500,675,5175,True,False,,
WO0001,00020341,Invoice,2023-05-17,2023-05,19.1,D/N 4768 EMPTIES,CYL,CYL,5,1500,225,1725,True,False,,
WO0001,00005087,Crd Note,2023-05-29,2023-05,19.1,D/N 4655 EMPTIES,CYL,CYL,-13,-3900,-585,-4485,True,False,,
WO0001,00005087,Crd Note,2023-05-29,2023-05,14.1,D/N 4655 EMPTIES,CYL,CYL,-1,-300,-45,-345,True,False,,
WO0001,00005087,Crd Note,2023-05-29,2023-05,9.1,D/N 4655 EMPTIES,CYL,CYL,-16,-4800,-720,-5520,True,False,,
WO0001,00020790,Invoice,2023-05-29,2023-05,901,D/N 4655,LPG,LPG,10,2045.3,306.8,2352.1,False,True,,
WO0001,00020790,Invoice,2023-05-29,2023-05,19.4,D/N 4655,LPG,LPG,5,2158.95,323.84,2482.79,False,True,,
WO0001,00020790,Invoice,2023-05-29,2023-05,14.3,D/N 4655,LPG,LPG,5,1590.79,238.62,1829.41,False,True,,
WO0001,00020790,Invoice,2023-05-29,2023-05,9.4,D/N 4655,LPG,LPG,10,2045.3,306.8,2352.1,False,True,,
WO0001,00020792,Invoice,2023-05-29,2023-05,14.1,D/N 4655 EMPTIES,CYL,CYL,5,1500,225,1725,True,False,,
WO0001,00020792,Invoice,2023-05-29,2023-05,19.1,D/N 4655 EMPTIES,CYL,CYL,5,1500,225,1725,True,False,,
WO0001,00020792,Invoice,2023-05-29,2023-05,9.1,D/N 4655 EMPTIES,CYL,CYL,20,6000,900,6900,True,False,,
WO0001,00005115,Crd Note,2023-06-01,2023-06,19.1,D/N 4663 EMPTIES,CYL,CYL,-6,-1800,-270,-2070,True,False,,
WO0001,00005115,Crd Note,2023-06-01,2023-06,14.1,D/N 4663 EMPTIES,CYL,CYL,-5,-1500,-225,-1725,True,False,,
WO0001,00005115,Crd Note,2023-06-01,2023-06,9.1,D/N 4663 EMPTIES,CYL,CYL,-4,-1200,-180,-1380,True,False,,
WO0001,00020893,Invoice,2023-06-01,2023-06,19.3,D/N 4663,LPG,LPG,5,2158.95,323.84,2482.79,False,True,,
WO0001,00020893,Invoice,2023-06-01,2023-06,1901,D/N 4663,LPG,LPG,4,1727.16,259.07,1986.23,False,True,,
WO0001,00020893,Invoice,2023-06-01,2023-06,1401,D/N 4663,LPG,LPG,4,1272.64,190.9,1463.54,False,True,,
WO0001,00020893,Invoice,2023-06-01,2023-06,19.4,D/N 4663,LPG,LPG,1,431.8,64.77,496.57,False,True,,
WO0001,00020893,Invoice,2023-06-01,2023-06,901,D/N 4663,LPG,LPG,20,4090.6,613.59,4704.19,False,True,,
WO0001,00020893,Invoice,2023-06-01,2023-06,14.4,D/N 4663,LPG,LPG,1,318.16,47.72,365.88,False,True,,
WO0001,00020894,Invoice,2023-06-01,2023-06,19.1,D/N 4663 EMPTIES,CYL,CYL,10,3000,450,3450,True,False,,
WO0001,00020894,Invoice,2023-06-01,2023-06,9.1,D/N 4663 EMPTIES,CYL,CYL,20,6000,900,6900,True,False,,
WO0001,00020894,Invoice,2023-06-01,2023-06,14.1,D/N 4663 EMPTIES,CYL,CYL,5,1500,225,1725,True,False,,
WO0001,00005180,Crd Note,2023-06-08,2023-06,9.1,D/N 5205 EMPTIES,CYL,CYL,-30,-9000,-1350,-10350,True,False,,
WO0001,00005180,Crd Note,2023-06-08,2023-06,19.1,D/N 5205 EMPTIES,CYL,CYL,-5,-1500,-225,-1725,True,False,,
WO0001,00021168,Invoice,2023-06-08,2023-06,901,D/N 5205,LPG,LPG,17,3563.54,534.53,4098.07,False,True,,
WO0001,00021168,Invoice,2023-06-08,2023-06,19.3,D/N 5205,LPG,LPG,5,2212.65,331.9,2544.55,False,True,,
WO0001,00021168,Invoice,2023-06-08,2023-06,9.4,D/N 5205,LPG,LPG,13,2725.06,408.76,3133.82,False,True,,
WO0001,00021176,Invoice,2023-06-08,2023-06,19.1,D/N 5205 EMPTIES,CYL,CYL,5,1500,225,1725,True,False,,
WO0001,00021176,Invoice,2023-06-08,2023-06,9.1,D/N 5205 EMPTIES,CYL,CYL,30,9000,1350,10350,True,False,,
WO0001,00005251,Crd Note,2023-06-16,2023-06,9.1,D/N 4803 EMPTIES,CYL,CYL,-9,-2700,-405,-3105,True,False,,
WO0001,00005251,Crd Note,2023-06-16,2023-06,14.1,D/N 4803 EMPTIES,CYL,CYL,-1,-300,-45,-345,True,False,,
WO0001,00005251,Crd Note,2023-06-16,2023-06,19.1,D/N 4803 EMPTIES,CYL,CYL,-5,-1500,-225,-1725,True,False,,
WO0001,00021383,Invoice,2023-06-16,2023-06,9.4,D/N 4803,LPG,LPG,10,2096.2,314.43,2410.63,False,True,,
WO0001,00021383,Invoice,2023-06-16,2023-06,14.4,D/N 4803,LPG,LPG,5,1630.35,244.55,1874.9,False,True,,
WO0001,00021409,Invoice,2023-06-16,2023-06,9.1,D/N 4803 EMPTIES,CYL,CYL,10,3000,450,3450,True,False,,
WO0001,00021409,Invoice,2023-06-16,2023-06,14.1,D/N 4803 EMPTIES,CYL,CYL,5,1500,225,1725,True,False,,
WO0001,00005362,Crd Note,2023-06-28,2023-06,14.1,D/N 5258 EMPTIES,CYL,CYL,-3,-900,-135,-1035,True,False,,
WO0001,00005362,Crd Note,2023-06-28,2023-06,9.1,D/N 5258 EMPTIES,CYL,CYL,-22,-6600,-990,-7590,True,False,,
WO0001,00005362,Crd Note,2023-06-28,2023-06,19.1,D/N 5258 EMPTIES,CYL,CYL,-5,-1500,-225,-1725,True,False,,
WO0001,00021784,Invoice,2023-06-28,2023-06,1901,D/N 5258,LPG,LPG,5,2212.65,331.9,2544.55,False,True,,
WO0001,00021784,Invoice,2023-06-28,2023-06,901,D/N 5258,LPG,LPG,25,5240.5,786.07,6026.57,False,True,,
WO0001,00021785,Invoice,2023-06-28,2023-06,19.1,D/N 5258 EMPTIES,CYL,CYL,5,1500,225,1725,True,False,,
WO0001,00021785,Invoice,2023-06-28,2023-06,9.1,D/N 5258 EMPTIES,CYL,CYL,25,7500,1125,8625,True,False,,
WO0001,00005427,Crd Note,2023-07-03,2023-07,14.1,D/N 4854 EMPTIES,CYL,CYL,-3,-900,-135,-1035,True,False,,
WO0001,00005427,Crd Note,2023-07-03,2023-07,19.1,D/N 4854 EMPTIES,CYL,CYL,-4,-1200,-180,-1380,True,False,,
WO0001,00005427,Crd Note,2023-07-03,2023-07,9.1,D/N 4854 EMPTIES,CYL,CYL,-5,-1500,-225,-1725,True,False,,
WO0001,00021985,Invoice,2023-07-03,2023-07,9.4,D/N 4854,LPG,LPG,10,2096.2,314.43,2410.63,False,True,,
WO0001,00021985,Invoice,2023-07-03,2023-07,1901,D/N 4854,LPG,LPG,5,2212.65,331.9,2544.55,False,True,,
WO0001,00021990,Invoice,2023-07-03,2023-07,19.1,D/N 4854 EMPTIES,CYL,CYL,5,1500,225,1725,True,False,,
WO0001,00021990,Invoice,2023-07-03,2023-07,9.1,D/N 4854 EMPTIES,CYL,CYL,10,3000,450,3450,True,False,,
WO0001,00005543,Crd Note,2023-07-14,2023-07,14.1,D/N 5504 EMPTIES,CYL,CYL,-5,-1500,-225,-1725,True,False,,
WO0001,00005543,Crd Note,2023-07-14,2023-07,9.1,D/N 5504 EMPTIES,CYL,CYL,-25,-7500,-1125,-8625,True,False,,
WO0001,00005543,Crd Note,2023-07-14,2023-07,19.1,D/N 5504 EMPTIES,CYL,CYL,-6,-1800,-270,-2070,True,False,,
WO0001,00022409,Invoice,2023-07-14,2023-07,19.4,D/N 5504,LPG,LPG,3,1199.97,180,1379.97,False,True,,
WO0001,00022409,Invoice,2023-07-14,2023-07,14.4,D/N 5504,LPG,LPG,3,884.19,132.63,1016.82,False,True,,
WO0001,00022409,Invoice,2023-07-14,2023-07,9.4,D/N 5504,LPG,LPG,30,5684.09,852.61,6536.701,False,True,,
WO0001,00022412,Invoice,2023-07-14,2023-07,14.1,D/N 5504 EMPTIES,CYL,CYL,3,900,135,1035,True,False,,
WO0001,00022412,Invoice,2023-07-14,2023-07,9.1,D/N 5504 EMPTIES,CYL,CYL,30,9000,1350,10350,True,False,,
WO0001,00022412,Invoice,2023-07-14,2023-07,19.1,D/N 5504 EMPTIES,CYL,CYL,3,900,135,1035,True,False,,
WO0001,00005673,Crd Note,2023-07-25,2023-07,14.1,D/N 5545 EMPTIES,CYL,CYL,-2,-600,-90,-690,True,False,,
WO0001,00005673,Crd Note,2023-07-25,2023-07,19.1,D/N 5545 EMPTIES,CYL,CYL,-17,-5100,-765,-5865,True,False,,
WO0001,00005673,Crd Note,2023-07-25,2023-07,9.1,D/N 5545 EMPTIES,CYL,CYL,-6,-1800,-270,-2070,True,False,,
WO0001,00022800,Invoice,2023-07-25,2023-07,9.1,D/N 5545 EMPTIES,CYL,CYL,15,4500,675,5175,True,False,,
WO0001,00022800,Invoice,2023-07-25,2023-07,19.1,D/N 5545 EMPTIES,CYL,CYL,5,1500,225,1725,True,False,,
WO0001,00022800,Invoice,2023-07-25,2023-07,14.1,D/N 5545 EMPTIES,CYL,CYL,5,1500,225,1725,True,False,,
WO0001,00022822,Invoice,2023-07-25,2023-07,9.4,D/N 5545,LPG,LPG,15,2853.78,428.07,3281.85,False,True,,
WO0001,00022822,Invoice,2023-07-25,2023-07,1401,D/N 5545,LPG,LPG,5,1479.75,221.96,1701.71,False,True,,
WO0001,00022822,Invoice,2023-07-25,2023-07,19.4,D/N 5545,LPG,LPG,5,2008.22,301.23,2309.45,False,True,,
WO0001,00005801,Crd Note,2023-08-04,2023-08,14.1,D/N 5574 EMPTIES,CYL,CYL,-4,-1200,-180,-1380,True,False,,
WO0001,00005801,Crd Note,2023-08-04,2023-08,19.1,D/N 5574 EMPTIES,CYL,CYL,-8,-2400,-360,-2760,True,False,,
WO0001,00005801,Crd Note,2023-08-04,2023-08,9.1,D/N 5574 EMPTIES,CYL,CYL,-23,-6900,-1035,-7935,True,False,,
WO0001,00023154,Invoice,2023-08-04,2023-08,9.4,D/N 5574,LPG,LPG,25,4464.78,669.72,5134.5,False,True,,
WO0001,00023154,Invoice,2023-08-04,2023-08,14.4,D/N 5574,LPG,LPG,5,1389.03,208.36,1597.39,False,True,,
WO0001,00023154,Invoice,2023-08-04,2023-08,19.4,D/N 5574,LPG,LPG,5,1885.13,282.77,2167.9,False,True,,
WO0001,00023155,Invoice,2023-08-04,2023-08,9.1,D/N 5574 EMPTIES,CYL,CYL,25,7500,1125,8625,True,False,,
WO0001,00023155,Invoice,2023-08-04,2023-08,14.1,D/N 5574 EMPTIES,CYL,CYL,5,1500,225,1725,True,False,,
WO0001,00023155,Invoice,2023-08-04,2023-08,19.1,D/N 5574 EMPTIES,CYL,CYL,5,1500,225,1725,True,False,,
WO0001,00005905,Crd Note,2023-08-15,2023-08,9.1,D/N 6217 EMPTIES,CYL,CYL,-24,-7200,-1080,-8280,True,False,,
WO0001,00005905,Crd Note,2023-08-15,2023-08,19.1,D/N 6217 EMPTIES,CYL,CYL,-5,-1500,-225,-1725,True,False,,
WO0001,00005905,Crd Note,2023-08-15,2023-08,14.1,D/N 6217 EMPTIES,CYL,CYL,-1,-300,-45,-345,True,False,,
WO0001,00023484,Invoice,2023-08-15,2023-08,14.4,D/N 6217,LPG,LPG,5,1389.04,208.36,1597.4,False,True,,
WO0001,00023484,Invoice,2023-08-15,2023-08,9.4,D/N 6217,LPG,LPG,20,3571.83,535.77,4107.6,False,True,,
WO0001,00023484,Invoice,2023-08-15,2023-08,19.4,D/N 6217,LPG,LPG,5,1885.13,282.77,2167.9,False,True,,
WO0001,00023485,Invoice,2023-08-15,2023-08,9.1,D/N 6217 EMPTIES,CYL,CYL,20,6000,900,6900,True,False,,
WO0001,00023485,Invoice,2023-08-15,2023-08,19.1,D/N 6217 EMPTIES,CYL,CYL,5,1500,225,1725,True,False,,
WO0001,00023485,Invoice,2023-08-15,2023-08,14.1,D/N 6217 EMPTIES,CYL,CYL,5,1500,225,1725,True,False,,
WO0001,00023978,Invoice,2023-08-30,2023-08,9.4,D/N 6375,LPG,LPG,15,2813.87,422.08,3235.9495,False,True,,
WO0001,00023978,Invoice,2023-08-30,2023-08,19.4,D/N 6375,LPG,LPG,10,3960.26,594.04,4554.3,False,True,,
WO0001,00023979,Invoice,2023-08-30,2023-08,19.1,D/N 6375 EMPTIES,CYL,CYL,10,3000,450,3450,True,False,,
WO0001,00023979,Invoice,2023-08-30,2023-08,9.1,D/N 6375 EMPTIES,CYL,CYL,15,4500,675,5175,True,False,,
WO0001,00006061,Crd Note,2023-08-31,2023-08,9.1,D/N 6375 EMPTIES,CYL,CYL,-15,-4500,-675,-5175,True,False,,
WO0001,00006061,Crd Note,2023-08-31,2023-08,19.1,D/N 6375 EMPTIES,CYL,CYL,-10,-3000,-450,-3450,True,False,,
WO0001,00006213,Crd Note,2023-09-12,2023-09,19.1,D/N 6517 EMPTIES,CYL,CYL,-1,-300,-45,-345,True,False,,
WO0001,00006213,Crd Note,2023-09-12,2023-09,14.1,D/N 6517 EMPTIES,CYL,CYL,-1,-300,-45,-345,True,False,,
WO0001,00006213,Crd Note,2023-09-12,2023-09,9.1,D/N 6517 EMPTIES,CYL,CYL,-13,-3900,-585,-4485,True,False,,
WO0001,00024438,Invoice,2023-09-12,2023-09,19.4,D/N 6517,LPG,LPG,10,4106.99,616.05,4723.04,False,True,,
WO0001,00024438,Invoice,2023-09-12,2023-09,9.4,D/N 6517,LPG,LPG,5,972.7,145.91,1118.61,False,True,,
WO0001,00024439,Invoice,2023-09-12,2023-09,19.1,D/N 6517 EMPTIES,CYL,CYL,10,3000,450,3450,True,False,,
WO0001,00024439,Invoice,2023-09-12,2023-09,9.1,D/N 6517 EMPTIES,CYL,CYL,5,1500,225,1725,True,False,,
WO0001,00006337,Crd Note,2023-09-26,2023-09,9.1,D/N 6558 EMPTIES,CYL,CYL,-29,-8700,-1305,-10005,True,False,,
WO0001,00006337,Crd Note,2023-09-26,2023-09,19.1,D/N 6558 EMPTIES,CYL,CYL,-17,-5100,-765,-5865,True,False,,
WO0001,00006337,Crd Note,2023-09-26,2023-09,14.1,D/N 6558 EMPTIES,CYL,CYL,-5,-1500,-225,-1725,True,False,,
WO0001,00006337,Crd Note,2023-09-26,2023-09,S.1,D/N 6558 EMPTIES,CYL,CYL,-1,-300,-45,-345,True,False,,
WO0001,00024846,Invoice,2023-09-26,2023-09,14.3,D/N 6558,LPG,LPG,5,1513.1,226.96,1740.06,False,True,,
WO0001,00024846,Invoice,2023-09-26,2023-09,19.3,D/N 6558,LPG,LPG,8,3285.6,492.84,3778.44,False,True,,
WO0001,00024846,Invoice,2023-09-26,2023-09,9.4,D/N 6558,LPG,LPG,25,4863.5,729.53,5593.03,False,True,,
WO0001,00024847,Invoice,2023-09-26,2023-09,19.1,D/N 6558 EMPTIES,CYL,CYL,8,2400,360,2760,True,False,,
WO0001,00024847,Invoice,2023-09-26,2023-09,14.1,D/N 6558 EMPTIES,CYL,CYL,5,1500,225,1725,True,False,,
WO0001,00024847,Invoice,2023-09-26,2023-09,9.1,D/N 6558 EMPTIES,CYL,CYL,25,7500,1125,8625,True,False,,
WO0001,00025364,Invoice,2023-10-10,2023-10,14.4,D/N 6275,LPG,LPG,3,986.83,148.02,1134.85,False,True,,
WO0001,00025364,Invoice,2023-10-10,2023-10,19.4,D/N 6275,LPG,LPG,8,3571.34,535.7,4107.04,False,True,,
WO0001,00025364,Invoice,2023-10-10,2023-10,9.4,D/N 6275,LPG,LPG,30,6343.83,951.57,7295.4,False,True,,
WO0001,00006618,Crd Note,2023-10-25,2023-10,9.4,PRICE,LPG,LPG,-20,-4240.2,-636.03,-4876.23,False,True,,
WO0001,00006618,Crd Note,2023-10-25,2023-10,1901,PRICE,LPG,LPG,-5,-2237.85,-335.68,-2573.53,False,True,,
WO0001,00025859,Invoice,2023-10-25,2023-10,9.4,D/N 6740,LPG,LPG,20,4240.17,636.03,4876.2,False,True,,
WO0001,00025859,Invoice,2023-10-25,2023-10,1901,D/N 6740,LPG,LPG,5,2237.87,335.68,2573.55,False,True,,
WO0001,00025868,Invoice,2023-10-25,2023-10,1901,D/N 6740,LPG,LPG,5,2053.5,308.03,2361.53,False,True,,
WO0001,00025868,Invoice,2023-10-25,2023-10,9.4,D/N 6740,LPG,LPG,20,4229.22,634.38,4863.6,False,True,,
WO0001,00026425,Invoice,2023-11-08,2023-11,1401,D/N 6786,LPG,LPG,2,689.29,103.39,792.68,False,True,,
WO0001,00026425,Invoice,2023-11-08,2023-11,9.4,D/N 6786,LPG,LPG,15,3323.35,498.5,3821.8505,False,True,,
WO0001,00026425,Invoice,2023-11-08,2023-11,19.4,D/N 6786,LPG,LPG,10,4677.3,701.6,5378.9,False,True,,
WO0001,00026425,Invoice,2023-11-08,2023-11,14.4,D/N 6786,LPG,LPG,3,1033.93,155.09,1189.0199,False,True,,
WO0001,00026674,Invoice,2023-11-16,2023-11,1401,D/N 7022,LPG,LPG,3,1033.93,155.09,1189.0199,False,True,,
WO0001,00026674,Invoice,2023-11-16,2023-11,1901,D/N 7022,LPG,LPG,16,7483.69,1122.55,8606.2396,False,True,,
WO0001,00026674,Invoice,2023-11-16,2023-11,19.4,D/N 7022,LPG,LPG,4,1870.92,280.64,2151.56,False,True,,
WO0001,00026841,Invoice,2023-11-20,2023-11,1401,D/N 7036,LPG,LPG,5,1728.43,259.27,1987.7,False,True,,
WO0001,00026841,Invoice,2023-11-20,2023-11,9.4,D/N 7036,LPG,LPG,1,221.56,33.23,254.79,False,True,,
WO0001,00026841,Invoice,2023-11-20,2023-11,901,D/N 7036,LPG,LPG,24,5317.36,797.6,6114.9608,False,True,,
WO0001,00026846,Invoice,2023-11-20,2023-11,901,D/N 7036,LPG,LPG,24,5317.36,797.6,6114.9608,False,True,,
WO0001,00026846,Invoice,2023-11-20,2023-11,9.4,D/N 7036,LPG,LPG,1,221.56,33.23,254.79,False,True,,
WO0001,00026846,Invoice,2023-11-20,2023-11,1401,D/N 7036,LPG,LPG,5,1723.23,258.48,1981.71,False,True,,
WO0001,00006892,Crd Note,2023-11-21,2023-11,901,PRICE,LPG,LPG,-24,-5317.43,-797.61,-6115.04,False,True,,
WO0001,00006892,Crd Note,2023-11-21,2023-11,1401,PRICE,LPG,LPG,-5,-1728.45,-259.27,-1987.72,False,True,,
WO0001,00006892,Crd Note,2023-11-21,2023-11,9.4,PRICE,LPG,LPG,-1,-221.57,-33.24,-254.81,False,True,,
WO0001,00027272,Invoice,2023-12-04,2023-12,901,D/N 7080,LPG,LPG,30,6646.7,997,7643.701,False,True,,
WO0001,00027787,Invoice,2023-12-18,2023-12,9.4,D/N 7139,LPG,LPG,10,2304,345.6,2649.6,False,True,,
WO0001,00027787,Invoice,2023-12-18,2023-12,901,D/N 7139,LPG,LPG,25,5760,864,6624,False,True,,
WO0001,00027787,Invoice,2023-12-18,2023-12,14.3,D/N 7139,LPG,LPG,4,1433.6,215.04,1648.64,False,True,,
WO0001,00027787,Invoice,2023-12-18,2023-12,1401,D/N 7139,LPG,LPG,1,358.4,53.76,412.16,False,True,,
WO0001,00028212,Invoice,2023-12-29,2023-12,1401,D/N 7709,LPG,LPG,5,1792,268.8,2060.8,False,True,,
WO0001,00028212,Invoice,2023-12-29,2023-12,901,D/N 7709,LPG,LPG,30,6912,1036.8,7948.8,False,True,,
WO0001,00028540,Invoice,2024-01-10,2024-01,901,D/N 7593,LPG,LPG,15,3467.7,520.16,3987.86,False,True,,
WO0001,00028540,Invoice,2024-01-10,2024-01,1901,D/N 7593,LPG,LPG,5,2440.24,366.04,2806.28,False,True,,
WO0001,00007354,Crd Note,2024-01-21,2024-01,19.4,NO D/N NO.,LPG,LPG,-10,-4878.6,-731.79,-5610.39,False,True,,
WO0001,00007354,Crd Note,2024-01-21,2024-01,14.4,NO D/N NO.,LPG,LPG,-5,-1797.4,-269.61,-2067.01,False,True,,
WO0001,00007354,Crd Note,2024-01-21,2024-01,9.4,NO D/N NO.,LPG,LPG,-10,-231.1,-34.67,-265.77,False,True,,
WO0001,00007355,Crd Note,2024-01-21,2024-01,19.4,WRONG QTY,LPG,LPG,-1,-487.84,-73.18,-561.02,False,True,,
WO0001,00007355,Crd Note,2024-01-21,2024-01,9.4,WRONG QTY,LPG,LPG,-1,-231.09,-34.66,-265.75,False,True,,
WO0001,00007355,Crd Note,2024-01-21,2024-01,14.4,WRONG QTY,LPG,LPG,-1,-359.47,-53.92,-413.39,False,True,,
WO0001,00028865,Invoice,2024-01-21,2024-01,19.4,,LPG,LPG,10,4878.61,731.79,5610.4,False,True,,
WO0001,00028865,Invoice,2024-01-21,2024-01,14.4,,LPG,LPG,5,1797.4,269.61,2067.01,False,True,,
WO0001,00028865,Invoice,2024-01-21,2024-01,9.4,,LPG,LPG,10,231.1,34.66,265.76,False,True,,
WO0001,00028866,Invoice,2024-01-21,2024-01,9.4,D/N 7750,LPG,LPG,1,231.09,34.66,265.75,False,True,,
WO0001,00028866,Invoice,2024-01-21,2024-01,19.4,D/N 7750,LPG,LPG,1,487.84,73.18,561.02,False,True,,
WO0001,00028866,Invoice,2024-01-21,2024-01,14.4,D/N 7750,LPG,LPG,1,359.47,53.92,413.39,False,True,,
WO0001,00028869,Invoice,2024-01-21,2024-01,9.4,D/N 7750.,LPG,LPG,10,2310.8,346.62,2657.42,False,True,,
WO0001,00028869,Invoice,2024-01-21,2024-01,19.4,D/N 7750.,LPG,LPG,10,4878.39,731.76,5610.15,False,True,,
WO0001,00028869,Invoice,2024-01-21,2024-01,14.4,D/N 7750.,LPG,LPG,5,1797.3,269.6,2066.9,False,True,,
WO0001,00029220,Invoice,2024-02-02,2024-02,S01,D/N 3723,LPG,LPG,2,2483.95,372.59,2856.54,False,True,,
WO0001,00029220,Invoice,2024-02-02,2024-02,901,D/N 3723,LPG,LPG,15,3493.05,523.96,4017.01,False,True,,
WO0001,00029220,Invoice,2024-02-02,2024-02,1901,D/N 3723,LPG,LPG,5,2458.04,368.71,2826.75,False,True,,
WO0001,00029220,Invoice,2024-02-02,2024-02,1401,D/N 3723,LPG,LPG,5,1811.2,271.68,2082.88,False,True,,
WO0001,00029740,Invoice,2024-02-20,2024-02,1901,D/N7840,LPG,LPG,5,2488.65,373.3,2861.95,False,True,,
WO0001,00029740,Invoice,2024-02-20,2024-02,14.4,D/N7840,LPG,LPG,5,1833.7,275.05,2108.75,False,True,,
WO0001,00029740,Invoice,2024-02-20,2024-02,9.4,D/N7840,LPG,LPG,25,5894.25,884.14,6778.39,False,True,,
WO0001,00030255,Invoice,2024-03-08,2024-03,14.4,,LPG,LPG,5,1853.5,278.02,2131.52,False,True,,
WO0001,00030255,Invoice,2024-03-08,2024-03,9.4,,LPG,LPG,20,4766,714.9,5480.9,False,True,,
WO0001,00030255,Invoice,2024-03-08,2024-03,1901,,LPG,LPG,7,3521.63,528.25,4049.88,False,True,,
WO0001,00030841,Invoice,2024-03-27,2024-03,901,DN#8390 SO#8066,LPG,LPG,15,3574.5,536.18,4110.68,False,True,,
WO0001,00030841,Invoice,2024-03-27,2024-03,14.4,DN#8390 SO#8066,LPG,LPG,5,1853.4,278.01,2131.41,False,True,,
WO0001,00030841,Invoice,2024-03-27,2024-03,19.4,DN#8390 SO#8066,LPG,LPG,1,503.07,75.46,578.53,False,True,,
WO0001,00030841,Invoice,2024-03-27,2024-03,1901,DN#8390 SO#8066,LPG,LPG,6,3018.42,452.76,3471.18,False,True,,
WO0001,00031051,Invoice,2024-04-05,2024-04,901,D/N 8768 S0 8125,LPG,LPG,20,4766,714.9,5480.9,False,True,,
WO0001,00031051,Invoice,2024-04-05,2024-04,1401,D/N 8768 S0 8125,LPG,LPG,8,2965.44,444.82,3410.26,False,True,,
WO0001,00031051,Invoice,2024-04-05,2024-04,1901,D/N 8768 S0 8125,LPG,LPG,8,4024.56,603.68,4628.24,False,True,,
WO0001,00031379,Invoice,2024-04-16,2024-04,1901,DN#8799 SO#8226,LPG,LPG,5,2502.05,375.31,2877.36,False,True,,
WO0001,00031379,Invoice,2024-04-16,2024-04,901,DN#8799 SO#8226,LPG,LPG,29,6874.16,1031.12,7905.28,False,True,,
WO0001,00008139,Crd Note,2024-04-18,2024-04,1901,DN#8799 SO#8226,LPG,LPG,-5,-2502.05,-375.31,-2877.36,False,True,,
WO0001,00008139,Crd Note,2024-04-18,2024-04,901,DN#8799 SO#8226,LPG,LPG,-29,-6874.16,-1031.12,-7905.28,False,True,,
WO0001,00031468,Invoice,2024-04-18,2024-04,1901,DN#8809 SO#8247,LPG,LPG,7,3502.87,525.43,4028.3,False,True,,
WO0001,00031468,Invoice,2024-04-18,2024-04,901,DN#8809 SO#8247,LPG,LPG,30,7111.2,1066.68,8177.88,False,True,,
WO0001,00031751,Invoice,2024-04-29,2024-04,14.3,DN#8900 SO#8316,LPG,LPG,6,2212.32,331.85,2544.17,False,True,,
WO0001,00031751,Invoice,2024-04-29,2024-04,901,DN#8900 SO#8316,LPG,LPG,10,2370.4,355.56,2725.96,False,True,,
WO0001,00031751,Invoice,2024-04-29,2024-04,1901,DN#8900 SO#8316,LPG,LPG,10,5004.1,750.61,5754.71,False,True,,
WO0001,00031981,Invoice,2024-05-07,2024-05,901,DN#8716,LPG,LPG,10,2339.8,350.97,2690.77,False,True,,
WO0001,00032288,Invoice,2024-05-19,2024-05,901,DN#8472,LPG,LPG,12,2807.75,421.16,3228.91,False,True,,
WO0001,00032288,Invoice,2024-05-19,2024-05,1901,DN#8472,LPG,LPG,10,4939.7,740.96,5680.66,False,True,,
WO0001,00032288,Invoice,2024-05-19,2024-05,14.4,DN#8472,LPG,LPG,7,2547.86,382.18,2930.04,False,True,,
WO0001,00032288,Invoice,2024-05-19,2024-05,9.4,DN#8472,LPG,LPG,3,701.95,105.29,807.24,False,True,,
WO0001,00032960,Invoice,2024-06-10,2024-06,1901,DN#8550,LPG,LPG,6,2847.78,427.17,3274.95,False,True,,
WO0001,00032960,Invoice,2024-06-10,2024-06,14.3,DN#8550,LPG,LPG,2,699.46,104.92,804.38,False,True,,
WO0001,00032960,Invoice,2024-06-10,2024-06,901,DN#8550,LPG,LPG,30,6744.9,1011.73,7756.63,False,True,,
WO0001,00033559,Invoice,2024-06-26,2024-06,19.4,DN#9135,LPG,LPG,9,4271.67,640.75,4912.42,False,True,,
WO0001,00033559,Invoice,2024-06-26,2024-06,14.3,DN#9135,LPG,LPG,2,699.46,104.92,804.38,False,True,,
WO0001,00033559,Invoice,2024-06-26,2024-06,901,DN#9135,LPG,LPG,26,5845.57,876.84,6722.41,False,True,,
WO0001,00033559,Invoice,2024-06-26,2024-06,9.3,DN#9135,LPG,LPG,4,899.32,134.9,1034.22,False,True,,
WO0001,00034007,Invoice,2024-07-08,2024-07,901,DN#10046,LPG,LPG,15,3349.5,502.43,3851.93,False,True,,
WO0001,00034007,Invoice,2024-07-08,2024-07,1401,DN#10046,LPG,LPG,10,3473.5,521.02,3994.52,False,True,,
WO0001,00034007,Invoice,2024-07-08,2024-07,1901,DN#10046,LPG,LPG,10,4714,707.1,5421.1,False,True,,
WO0001,00009276,Crd Note,2024-07-09,2024-07,1401,DN#10046,LPG,LPG,-1,-347.35,-52.1,-399.45,False,True,,
WO0001,00034668,Invoice,2024-07-28,2024-07,901,DN#9634,LPG,LPG,20,4466,669.9,5135.9,False,True,,
WO0001,00034668,Invoice,2024-07-28,2024-07,1401,DN#9634,LPG,LPG,5,1736.75,260.51,1997.26,False,True,,
WO0001,00034668,Invoice,2024-07-28,2024-07,19.3,DN#9634,LPG,LPG,10,4714,707.1,5421.1,False,True,,
WO0001,00035101,Invoice,2024-08-07,2024-08,9.3,DN#9393,LPG,LPG,10,2233,334.95,2567.95,False,True,,
WO0001,00035498,Invoice,2024-08-22,2024-08,19.3,DN#11400,LPG,LPG,15,7070.99,1060.65,8131.64,False,True,,
WO0001,00035498,Invoice,2024-08-22,2024-08,9.4,DN#11400,LPG,LPG,15,3349.51,502.43,3851.94,False,True,,
WO0001,00036163,Invoice,2024-09-10,2024-09,9.4,DN#11275,LPG,LPG,25,5529.5,829.43,6358.93,False,True,,
WO0001,00036163,Invoice,2024-09-10,2024-09,19.3,DN#11275,LPG,LPG,5,2334.7,350.2,2684.9,False,True,,
WO0001,00036163,Invoice,2024-09-10,2024-09,1401,DN#11275,LPG,LPG,5,1720.3,258.05,1978.35,False,True,,
WO0001,00036587,Invoice,2024-09-22,2024-09,1401,DN#10054,LPG,LPG,3,1032.18,154.83,1187.01,False,True,,
WO0001,00036587,Invoice,2024-09-22,2024-09,1901,DN#10054,LPG,LPG,7,3268.57,490.29,3758.86,False,True,,
WO0001,00036587,Invoice,2024-09-22,2024-09,901,DN#10054,LPG,LPG,30,6635.4,995.31,7630.71,False,True,,
WO0001,00036752,Invoice,2024-09-27,2024-09,9.4,DN#10067,LPG,LPG,40,8847.2,1327.08,10174.28,False,True,,
WO0001,00036752,Invoice,2024-09-27,2024-09,1401,DN#10067,LPG,LPG,5,1720.3,258.05,1978.35,False,True,,
WO0001,00036911,Invoice,2024-10-01,2024-10,14.4,D/N 10080,LPG,LPG,5,1720.3,258.04,1978.34,False,True,,
WO0001,00036911,Invoice,2024-10-01,2024-10,19.4,D/N 10080,LPG,LPG,10,4669.4,700.41,5369.81,False,True,,
WO0001,00036911,Invoice,2024-10-01,2024-10,9.4,D/N 10080,LPG,LPG,30,6635.4,995.31,7630.71,False,True,,
WO0001,00037072,Invoice,2024-10-06,2024-10,19.4,DN#10415,LPG,LPG,8,3761.2,564.18,4325.38,False,True,,
WO0001,00037072,Invoice,2024-10-06,2024-10,901,DN#10415,LPG,LPG,30,6681,1002.15,7683.15,False,True,,
WO0001,00037072,Invoice,2024-10-06,2024-10,1401,DN#10415,LPG,LPG,5,1732.15,259.82,1991.97,False,True,,
WO0001,00037288,Invoice,2024-10-14,2024-10,19.4,DN#10431,LPG,LPG,5,2350.75,352.61,2703.36,False,True,,
WO0001,00037288,Invoice,2024-10-14,2024-10,901,DN#10431,LPG,LPG,25,5567.5,835.13,6402.63,False,True,,
WO0001,00037288,Invoice,2024-10-14,2024-10,1401,DN#10431,LPG,LPG,3,1039.29,155.89,1195.18,False,True,,
WO0001,00037511,Invoice,2024-10-21,2024-10,1401,DN#10252,LPG,LPG,5,1732.15,259.82,1991.97,False,True,,
WO0001,00037511,Invoice,2024-10-21,2024-10,1901,DN#10252,LPG,LPG,10,4701.5,705.22,5406.72,False,True,,
WO0001,00037511,Invoice,2024-10-21,2024-10,901,DN#10252,LPG,LPG,25,5567.5,835.13,6402.63,False,True,,
WO0001,00037710,Invoice,2024-10-27,2024-10,1901,DN#10271,LPG,LPG,8,3761.2,564.18,4325.38,False,True,,
WO0001,00037710,Invoice,2024-10-27,2024-10,901,DN#10271,LPG,LPG,25,5567.5,835.13,6402.63,False,True,,
WO0001,00037710,Invoice,2024-10-27,2024-10,9.4,DN#10271,LPG,LPG,5,1113.5,167.02,1280.52,False,True,,
WO0001,00037710,Invoice,2024-10-27,2024-10,1401,DN#10271,LPG,LPG,5,1732.15,259.82,1991.97,False,True,,
WO0001,00037863,Invoice,2024-10-31,2024-10,901,DN#10291,LPG,LPG,25,5567.5,835.13,6402.63,False,True,,
WO0001,00037863,Invoice,2024-10-31,2024-10,1901,DN#10291,LPG,LPG,6,2820.9,423.13,3244.03,False,True,,
WO0001,00037863,Invoice,2024-10-31,2024-10,14.4,DN#10291,LPG,LPG,5,1732.15,259.82,1991.97,False,True,,
WO0001,00038139,Invoice,2024-11-08,2024-11,1401,DN#10315,LPG,LPG,3,1050.63,157.59,1208.22,False,True,,
WO0001,00038139,Invoice,2024-11-08,2024-11,9.4,DN#10315,LPG,LPG,25,5628.25,844.24,6472.49,False,True,,
WO0001,00038139,Invoice,2024-11-08,2024-11,1901,DN#10315,LPG,LPG,5,2376.4,356.46,2732.86,False,True,,
WO0001,00038392,Invoice,2024-11-18,2024-11,1901,DN#1343,LPG,LPG,8,3802.23,570.34,4372.57,False,True,,
WO0001,00038392,Invoice,2024-11-18,2024-11,14.3,DN#1343,LPG,LPG,5,1751.05,262.66,2013.71,False,True,,
WO0001,00038392,Invoice,2024-11-18,2024-11,9.4,DN#1343,LPG,LPG,25,5628.25,844.24,6472.49,False,True,,
WO0001,00038727,Invoice,2024-11-29,2024-11,9.4,D/N 11107,LPG,LPG,30,6753.9,1013.08,7766.98,False,True,,
WO0001,00038727,Invoice,2024-11-29,2024-11,19.3,D/N 11107,LPG,LPG,5,2376.4,356.46,2732.86,False,True,,
WO0001,00038727,Invoice,2024-11-29,2024-11,14.4,D/N 11107,LPG,LPG,5,1751.05,262.66,2013.71,False,True,,
WO0001,00038848,Invoice,2024-12-04,2024-12,19.1,DN#10799,CYL,CYL,10,6000,900,6900,True,False,,
WO0001,00038848,Invoice,2024-12-04,2024-12,14.1,DN#10799,CYL,CYL,5,2750,412.5,3162.5,True,False,,
WO0001,00038848,Invoice,2024-12-04,2024-12,9.1,DN#10799,CYL,CYL,25,11250,1687.5,12937.5,True,False,,
WO0001,00038848,Invoice,2024-12-04,2024-12,9.3,DN#10799,LPG,LPG,25,5887.5,883.13,6770.63,False,True,,
WO0001,00038848,Invoice,2024-12-04,2024-12,14.4,DN#10799,LPG,LPG,5,1831.65,274.75,2106.4,False,True,,
WO0001,00038848,Invoice,2024-12-04,2024-12,1901,DN#10799,LPG,LPG,10,4971.59,745.74,5717.33,False,True,,
WO0001,00011404,Crd Note,2024-12-05,2024-12,9.1,DN#10799,CYL,CYL,-26,-11700,-1755,-13455,True,False,,
WO0001,00011404,Crd Note,2024-12-05,2024-12,19.1,DN#10799,CYL,CYL,-5,-3000,-450,-3450,True,False,,
WO0001,00011404,Crd Note,2024-12-05,2024-12,14.1,DN#10799,CYL,CYL,-8,-4400,-660,-5060,True,False,,
WO0001,00039063,Invoice,2024-12-13,2024-12,14.1,DN#11143,CYL,CYL,5,2750,412.5,3162.5,True,False,,
WO0001,00039063,Invoice,2024-12-13,2024-12,1901,DN#11143,LPG,LPG,5,2485.8,372.87,2858.67,False,True,,
WO0001,00039063,Invoice,2024-12-13,2024-12,9.1,DN#11143,CYL,CYL,30,13500,2025,15525,True,False,,
WO0001,00039063,Invoice,2024-12-13,2024-12,14.4,DN#11143,LPG,LPG,5,1831.65,274.75,2106.4,False,True,,
WO0001,00039063,Invoice,2024-12-13,2024-12,901,DN#11143,LPG,LPG,30,7065,1059.75,8124.75,False,True,,
WO0001,00039063,Invoice,2024-12-13,2024-12,19.1,DN#11143,CYL,CYL,5,3000,450,3450,True,False,,
WO0001,00011496,Crd Note,2024-12-16,2024-12,19.1,DN#11143,CYL,CYL,-9,-5400,-810,-6210,True,False,,
WO0001,00011496,Crd Note,2024-12-16,2024-12,14.1,DN#11143,CYL,CYL,-5,-2750,-412.5,-3162.5,True,False,,
WO0001,00011496,Crd Note,2024-12-16,2024-12,9.1,DN#11143,CYL,CYL,-40,-18000,-2700,-20700,True,False,,
WO0001,00039164,Invoice,2024-12-17,2024-12,9.1,DN#0840,CYL,CYL,30,13500,2025,15525,True,False,,
WO0001,00039164,Invoice,2024-12-17,2024-12,1901,DN#0840,LPG,LPG,5,2485.8,372.87,2858.67,False,True,,
WO0001,00039164,Invoice,2024-12-17,2024-12,9.3,DN#0840,LPG,LPG,30,7065,1059.75,8124.75,False,True,,
WO0001,00039164,Invoice,2024-12-17,2024-12,19.1,DN#0840,CYL,CYL,5,3000,450,3450,True,False,,
WO0001,00039164,Invoice,2024-12-17,2024-12,14.3,DN#0840,LPG,LPG,5,1831.65,274.75,2106.4,False,True,,
WO0001,00039164,Invoice,2024-12-17,2024-12,14.1,DN#0840,CYL,CYL,5,2750,412.5,3162.5,True,False,,
WO0001,00011518,Crd Note,2024-12-18,2024-12,14.1,DN#0840,CYL,CYL,-1,-550,-82.5,-632.5,True,False,,
WO0001,00011518,Crd Note,2024-12-18,2024-12,9.1,DN#0840,CYL,CYL,-29,-13050,-1957.5,-15007.5,True,False,,
WO0001,00011518,Crd Note,2024-12-18,2024-12,19.1,DN#0840,CYL,CYL,-3,-1800,-270,-2070,True,False,,
WO0001,00011608,Crd Note,2024-12-30,2024-12,19.1,D/N 9291,CYL,CYL,-7,-4200,-630,-4830,True,False,,
WO0001,00011608,Crd Note,2024-12-30,2024-12,14.1,D/N 9291,CYL,CYL,-5,-2750,-412.5,-3162.5,True,False,,
WO0001,00011608,Crd Note,2024-12-30,2024-12,9.1,D/N 9291,CYL,CYL,-31,-13950,-2092.5,-16042.5,True,False,,
WO0001,00039491,Invoice,2024-12-30,2024-12,1901,D/N 9291,LPG,LPG,5,2520.5,378.07,2898.57,False,True,,
WO0001,00039491,Invoice,2024-12-30,2024-12,9.1,D/N 9291,CYL,CYL,35,15750,2362.5,18112.5,True,False,,
WO0001,00039491,Invoice,2024-12-30,2024-12,9.3,D/N 9291,LPG,LPG,35,8357.3,1253.59,9610.89,False,True,,
WO0001,00039491,Invoice,2024-12-30,2024-12,19.1,D/N 9291,CYL,CYL,5,3000,450,3450,True,False,,
WO0001,00039491,Invoice,2024-12-30,2024-12,1401,D/N 9291,LPG,LPG,5,1857.21,278.58,2135.79,False,True,,
WO0001,00039491,Invoice,2024-12-30,2024-12,14.1,D/N 9291,CYL,CYL,5,2750,412.5,3162.5,True,False,,
WO0001,00039701,Invoice,2025-01-07,2025-01,1401,DN#12003,LPG,LPG,2,736.3,110.44,846.74,False,True,,
WO0001,00039701,Invoice,2025-01-07,2025-01,901,DN#12003,LPG,LPG,25,5916.75,887.51,6804.26,False,True,,
WO0001,00039701,Invoice,2025-01-07,2025-01,1901,DN#12003,LPG,LPG,7,3497.49,524.62,4022.11,False,True,,
WO0001,00039895,Invoice,2025-01-14,2025-01,1901,D/N 11926,LPG,LPG,7,3497.48,524.62,4022.1,False,True,,
WO0001,00039895,Invoice,2025-01-14,2025-01,1401,D/N 11926,LPG,LPG,3,1104.45,165.67,1270.12,False,True,,
WO0001,00039895,Invoice,2025-01-14,2025-01,901,D/N 11926,LPG,LPG,10,2366.7,355,2721.7,False,True,,
WO0001,00039895,Invoice,2025-01-14,2025-01,14.1,D/N 11926,CYL,CYL,3,1650,247.5,1897.5,True,False,,
WO0001,00039895,Invoice,2025-01-14,2025-01,19.1,D/N 11926,CYL,CYL,7,4200,630,4830,True,False,,
WO0001,00039895,Invoice,2025-01-14,2025-01,9.1,D/N 11926,CYL,CYL,10,4500,675,5175,True,False,,
WO0001,00011696,Crd Note,2025-01-15,2025-01,9.1,D/N 11926,CYL,CYL,-6,-2700,-405,-3105,True,False,,
WO0001,00011696,Crd Note,2025-01-15,2025-01,19.1,D/N 11926,CYL,CYL,-7,-4200,-630,-4830,True,False,,
WO0001,00011696,Crd Note,2025-01-15,2025-01,14.1,D/N 11926,CYL,CYL,-3,-1650,-247.5,-1897.5,True,False,,
WO0001,00040271,Invoice,2025-01-28,2025-01,1901,DN#1162,LPG,LPG,10,4996.4,749.46,5745.86,False,True,,
WO0001,00040271,Invoice,2025-01-28,2025-01,901,DN#1162,LPG,LPG,25,5916.75,887.51,6804.26,False,True,,
WO0001,00040271,Invoice,2025-01-28,2025-01,1401,DN#1162,LPG,LPG,4,1472.6,220.89,1693.49,False,True,,
WO0001,00040272,Invoice,2025-01-28,2025-01,14.1,DN#11662-EMPTY,CYL,CYL,4,2200,330,2530,True,False,,
WO0001,00040272,Invoice,2025-01-28,2025-01,19.1,DN#11662-EMPTY,CYL,CYL,10,6000,900,6900,True,False,,
WO0001,00040272,Invoice,2025-01-28,2025-01,9.1,DN#11662-EMPTY,CYL,CYL,25,11250,1687.5,12937.5,True,False,,
WO0001,00011787,Crd Note,2025-01-29,2025-01,9.1,DN#11662-EMPTY,CYL,CYL,-27,-12150,-1822.5,-13972.5,True,False,,
WO0001,00011787,Crd Note,2025-01-29,2025-01,19.1,DN#11662-EMPTY,CYL,CYL,-10,-6000,-900,-6900,True,False,,
WO0001,00011787,Crd Note,2025-01-29,2025-01,14.1,DN#11662-EMPTY,CYL,CYL,-6,-3300,-495,-3795,True,False,,
WO0001,00011828,Crd Note,2025-02-05,2025-02,14.1,DN#10474-EMPTY,CYL,CYL,-5,-2750,-412.5,-3162.5,True,False,,
WO0001,00011828,Crd Note,2025-02-05,2025-02,19.1,DN#10474-EMPTY,CYL,CYL,-4,-2400,-360,-2760,True,False,,
WO0001,00011828,Crd Note,2025-02-05,2025-02,9.1,DN#10474-EMPTY,CYL,CYL,-31,-13950,-2092.5,-16042.5,True,False,,
WO0001,00040478,Invoice,2025-02-05,2025-02,1901,DN#10474,LPG,LPG,5,2498.2,374.73,2872.93,False,True,,
WO0001,00040478,Invoice,2025-02-05,2025-02,901,DN#10474,LPG,LPG,30,7100.1,1065.02,8165.12,False,True,,
WO0001,00040478,Invoice,2025-02-05,2025-02,1401,DN#10474,LPG,LPG,5,1840.75,276.11,2116.86,False,True,,
WO0001,00040479,Invoice,2025-02-05,2025-02,9.1,DN#10474-EMPTY,CYL,CYL,30,13500,2025,15525,True,False,,
WO0001,00040479,Invoice,2025-02-05,2025-02,19.1,DN#10474-EMPTY,CYL,CYL,5,3000,450,3450,True,False,,
WO0001,00040479,Invoice,2025-02-05,2025-02,14.1,DN#10474-EMPTY,CYL,CYL,5,2750,412.5,3162.5,True,False,,
WO0001,00040727,Invoice,2025-02-13,2025-02,901,DN#11690,LPG,LPG,30,7158.9,1073.84,8232.74,False,True,,
WO0001,00040727,Invoice,2025-02-13,2025-02,1901,DN#11690,LPG,LPG,6,3022.62,453.39,3476.01,False,True,,
WO0001,00040727,Invoice,2025-02-13,2025-02,1401,DN#11690,LPG,LPG,3,1113.6,167.04,1280.64,False,True,,
WO0001,00040728,Invoice,2025-02-13,2025-02,9.1,DN#11690-EMPTY,CYL,CYL,30,13500,2025,15525,True,False,,
WO0001,00040728,Invoice,2025-02-13,2025-02,19.1,DN#11690-EMPTY,CYL,CYL,6,3600,540,4140,True,False,,
WO0001,00040728,Invoice,2025-02-13,2025-02,14.1,DN#11690-EMPTY,CYL,CYL,3,1650,247.5,1897.5,True,False,,
WO0001,00011896,Crd Note,2025-02-14,2025-02,1901,DN#11690,LPG,LPG,-6,-3022.62,-453.39,-3476.01,False,True,,
WO0001,00011896,Crd Note,2025-02-14,2025-02,901,DN#11690,LPG,LPG,-30,-7158.9,-1073.84,-8232.74,False,True,,
WO0001,00011896,Crd Note,2025-02-14,2025-02,1401,DN#11690,LPG,LPG,-3,-1113.6,-167.04,-1280.64,False,True,,
WO0001,00011897,Crd Note,2025-02-14,2025-02,19.1,DN#11690-EMPTY,CYL,CYL,-6,-3600,-540,-4140,True,False,,
WO0001,00011897,Crd Note,2025-02-14,2025-02,14.1,DN#11690-EMPTY,CYL,CYL,-3,-1650,-247.5,-1897.5,True,False,,
WO0001,00011897,Crd Note,2025-02-14,2025-02,9.1,DN#11690-EMPTY,CYL,CYL,-30,-13500,-2025,-15525,True,False,,
WO0001,00040734,Invoice,2025-02-14,2025-02,1401,DN#11691,LPG,LPG,5,1856,278.4,2134.4,False,True,,
WO0001,00040734,Invoice,2025-02-14,2025-02,1901,DN#11691,LPG,LPG,8,4030.16,604.52,4634.68,False,True,,
WO0001,00040734,Invoice,2025-02-14,2025-02,901,DN#11691,LPG,LPG,30,7158.9,1073.84,8232.74,False,True,,
WO0001,00040735,Invoice,2025-02-14,2025-02,19.1,DN#11691-EMPTY,CYL,CYL,8,4800,720,5520,True,False,,
WO0001,00040735,Invoice,2025-02-14,2025-02,14.1,DN#11691-EMPTY,CYL,CYL,5,2750,412.5,3162.5,True,False,,
WO0001,00040735,Invoice,2025-02-14,2025-02,9.1,DN#11691-EMPTY,CYL,CYL,30,13500,2025,15525,True,False,,
WO0001,00011903,Crd Note,2025-02-16,2025-02,14.1,DN#11691-EMPTY,CYL,CYL,-5,-2750,-412.5,-3162.5,True,False,,
WO0001,00011903,Crd Note,2025-02-16,2025-02,9.1,DN#11691-EMPTY,CYL,CYL,-30,-13500,-2025,-15525,True,False,,
WO0001,00011903,Crd Note,2025-02-16,2025-02,19.1,DN#11691-EMPTY,CYL,CYL,-8,-4800,-720,-5520,True,False,,
WO0001,00011980,Crd Note,2025-02-27,2025-02,19.1,DN#10502-EMPTY,CYL,CYL,-10,-6000,-900,-6900,True,False,,
WO0001,00011980,Crd Note,2025-02-27,2025-02,9.1,DN#10502-EMPTY,CYL,CYL,-27,-12150,-1822.5,-13972.5,True,False,,
WO0001,00011980,Crd Note,2025-02-27,2025-02,14.1,DN#10502-EMPTY,CYL,CYL,-6,-3300,-495,-3795,True,False,,
WO0001,00041067,Invoice,2025-02-27,2025-02,1901,DN#10502,LPG,LPG,10,5037.7,755.65,5793.35,False,True,,
WO0001,00041067,Invoice,2025-02-27,2025-02,1401,DN#10502,LPG,LPG,3,1113.6,167.04,1280.64,False,True,,
WO0001,00041067,Invoice,2025-02-27,2025-02,901,DN#10502,LPG,LPG,30,7158.9,1073.84,8232.74,False,True,,
WO0001,00041068,Invoice,2025-02-27,2025-02,9.1,DN#10502-EMPTY,CYL,CYL,30,13500,2025,15525,True,False,,
WO0001,00041068,Invoice,2025-02-27,2025-02,19.1,DN#10502-EMPTY,CYL,CYL,10,6000,900,6900,True,False,,
WO0001,00041068,Invoice,2025-02-27,2025-02,14.1,DN#10502-EMPTY,CYL,CYL,3,1650,247.5,1897.5,True,False,,
WO0001,00041211,Invoice,2025-03-04,2025-03,1901,DN#12904,LPG,LPG,8,4030.17,604.52,4634.69,False,True,,
WO0001,00041211,Invoice,2025-03-04,2025-03,1401,DN#12904,LPG,LPG,2,742.4,111.36,853.76,False,True,,
WO0001,00041211,Invoice,2025-03-04,2025-03,901,DN#12904,LPG,LPG,25,5965.75,894.86,6860.61,False,True,,
WO0001,00041212,Invoice,2025-03-04,2025-03,9.1,DN#12904-EMPTY,CYL,CYL,25,11250,1687.5,12937.5,True,False,,
WO0001,00041212,Invoice,2025-03-04,2025-03,19.1,DN#12904-EMPTY,CYL,CYL,8,4800,720,5520,True,False,,
WO0001,00041212,Invoice,2025-03-04,2025-03,14.1,DN#12904-EMPTY,CYL,CYL,2,1100,165,1265,True,False,,
WO0001,00012014,Crd Note,2025-03-05,2025-03,9.1,DN#12904-EMPTY,CYL,CYL,-24,-10800,-1620,-12420,True,False,,
WO0001,00012014,Crd Note,2025-03-05,2025-03,19.1,DN#12904-EMPTY,CYL,CYL,-8,-4800,-720,-5520,True,False,,
WO0001,00012014,Crd Note,2025-03-05,2025-03,14.1,DN#12904-EMPTY,CYL,CYL,-3,-1650,-247.5,-1897.5,True,False,,
WO0001,00041472,Invoice,2025-03-12,2025-03,14.4,DN#12922,LPG,LPG,3,1113.6,167.04,1280.64,False,True,,
WO0001,00041472,Invoice,2025-03-12,2025-03,9.4,DN#12922,LPG,LPG,30,7158.9,1073.83,8232.73,False,True,,
WO0001,00041472,Invoice,2025-03-12,2025-03,1901,DN#12922,LPG,LPG,3,1511.31,226.7,1738.01,False,True,,
WO0001,00012069,Crd Note,2025-03-13,2025-03,19.1,DN#12922-EMPTY,CYL,CYL,-8,-4800,-720,-5520,True,False,,
WO0001,00012069,Crd Note,2025-03-13,2025-03,9.1,DN#12922-EMPTY,CYL,CYL,-26,-11700,-1755,-13455,True,False,,
WO0001,00012069,Crd Note,2025-03-13,2025-03,14.1,DN#12922-EMPTY,CYL,CYL,-2,-1100,-165,-1265,True,False,,
WO0001,00041473,Invoice,2025-03-13,2025-03,9.1,DN#12922-EMPTY,CYL,CYL,30,13500,2025,15525,True,False,,
WO0001,00041473,Invoice,2025-03-13,2025-03,14.1,DN#12922-EMPTY,CYL,CYL,3,1650,247.5,1897.5,True,False,,
WO0001,00041473,Invoice,2025-03-13,2025-03,19.1,DN#12922-EMPTY,CYL,CYL,3,1800,270,2070,True,False,,
WO0001,00041592,Invoice,2025-03-18,2025-03,1901,DN#12961,LPG,LPG,8,4030.16,604.52,4634.68,False,True,,
WO0001,00041592,Invoice,2025-03-18,2025-03,1401,DN#12961,LPG,LPG,3,1113.6,167.04,1280.64,False,True,,
WO0001,00041592,Invoice,2025-03-18,2025-03,9.4,DN#12961,LPG,LPG,20,4772.6,715.89,5488.49,False,True,,
WO0001,00041593,Invoice,2025-03-18,2025-03,19.1,DN#12961-EMPTY,CYL,CYL,8,4800,720,5520,True,False,,
WO0001,00041593,Invoice,2025-03-18,2025-03,14.1,DN#12961-EMPTY,CYL,CYL,3,1650,247.5,1897.5,True,False,,
WO0001,00041593,Invoice,2025-03-18,2025-03,9.1,DN#12961-EMPTY,CYL,CYL,20,9000,1350,10350,True,False,,
WO0001,00012096,Crd Note,2025-03-19,2025-03,19.1,DN#12961-EMPTY,CYL,CYL,-5,-3000,-450,-3450,True,False,,
WO0001,00012096,Crd Note,2025-03-19,2025-03,9.1,DN#12961-EMPTY,CYL,CYL,-13,-5850,-877.5,-6727.5,True,False,,
WO0001,00012096,Crd Note,2025-03-19,2025-03,14.1,DN#12961-EMPTY,CYL,CYL,-4,-2200,-330,-2530,True,False,,
WO0001,00041830,Invoice,2025-03-28,2025-03,1401,DN#12991,LPG,LPG,5,1856,278.4,2134.4,False,True,,
WO0001,00041830,Invoice,2025-03-28,2025-03,19.4,DN#12991,LPG,LPG,10,5037.7,755.65,5793.35,False,True,,
WO0001,00041830,Invoice,2025-03-28,2025-03,9.4,DN#12991,LPG,LPG,15,3579.45,536.92,4116.37,False,True,,
WO0001,00041831,Invoice,2025-03-28,2025-03,9.1,DN#12991-EMPTY,CYL,CYL,15,6750,1012.5,7762.5,True,False,,
WO0001,00041831,Invoice,2025-03-28,2025-03,14.1,DN#12991-EMPTY,CYL,CYL,5,2750,412.5,3162.5,True,False,,
WO0001,00041831,Invoice,2025-03-28,2025-03,19.1,DN#12991-EMPTY,CYL,CYL,10,6000,900,6900,True,False,,
WO0001,00012157,Crd Note,2025-03-30,2025-03,19.1,DN#12991-EMPTY,CYL,CYL,-4,-2400,-360,-2760,True,False,,
WO0001,00012157,Crd Note,2025-03-30,2025-03,9.1,DN#12991-EMPTY,CYL,CYL,-23,-10350,-1552.5,-11902.5,True,False,,
WO0001,00012157,Crd Note,2025-03-30,2025-03,14.1,DN#12991-EMPTY,CYL,CYL,-3,-1650,-247.5,-1897.5,True,False,,
WO0001,00012191,Crd Note,2025-04-03,2025-04,14.1,DN#12996-EMPTY,CYL,CYL,-3,-1650,-247.5,-1897.5,True,False,,
WO0001,00012191,Crd Note,2025-04-03,2025-04,9.1,DN#12996-EMPTY,CYL,CYL,-29,-13050,-1957.5,-15007.5,True,False,,
WO0001,00012191,Crd Note,2025-04-03,2025-04,19.1,DN#12996-EMPTY,CYL,CYL,-4,-2400,-360,-2760,True,False,,
WO0001,00041982,Invoice,2025-04-03,2025-04,9.4,DN#12996,LPG,LPG,35,8352.05,1252.81,9604.86,False,True,,
WO0001,00041982,Invoice,2025-04-03,2025-04,19.4,DN#12996,LPG,LPG,5,2518.85,377.83,2896.68,False,True,,
WO0001,00041982,Invoice,2025-04-03,2025-04,14.4,DN#12996,LPG,LPG,1,371.2,55.68,426.88,False,True,,
WO0001,00041983,Invoice,2025-04-03,2025-04,19.1,DN#12996-EMPTY,CYL,CYL,5,3000,450,3450,True,False,,
WO0001,00041983,Invoice,2025-04-03,2025-04,14.1,DN#12996-EMPTY,CYL,CYL,1,550,82.5,632.5,True,False,,
WO0001,00041983,Invoice,2025-04-03,2025-04,9.1,DN#12996-EMPTY,CYL,CYL,35,15750,2362.5,18112.5,True,False,,
WO0001,00012255,Crd Note,2025-04-11,2025-04,19.1,DN#13055-EMPTY,CYL,CYL,-12,-7200,-1080,-8280,True,False,,
WO0001,00012255,Crd Note,2025-04-11,2025-04,14.1,DN#13055-EMPTY,CYL,CYL,-3,-1650,-247.5,-1897.5,True,False,,
WO0001,00012255,Crd Note,2025-04-11,2025-04,9.1,DN#13055-EMPTY,CYL,CYL,-26,-11700,-1755,-13455,True,False,,
WO0001,00042216,Invoice,2025-04-11,2025-04,1901,DN#13055,LPG,LPG,5,2462.7,369.4,2832.1,False,True,,
WO0001,00042216,Invoice,2025-04-11,2025-04,901,DN#13055,LPG,LPG,26,6066.06,909.91,6975.97,False,True,,
WO0001,00042216,Invoice,2025-04-11,2025-04,1401,DN#13055,LPG,LPG,10,3629.2,544.38,4173.58,False,True,,
WO0001,00042217,Invoice,2025-04-11,2025-04,19.1,DN#13055-EMPTY,CYL,CYL,5,3000,450,3450,True,False,,
WO0001,00042217,Invoice,2025-04-11,2025-04,9.1,DN#13055-EMPTY,CYL,CYL,26,11700,1755,13455,True,False,,
WO0001,00042217,Invoice,2025-04-11,2025-04,14.1,DN#13055-EMPTY,CYL,CYL,10,5500,825,6325,True,False,,
WO0001,00042254,Invoice,2025-04-13,2025-04,9.4,DN#13015,LPG,LPG,35,8165.85,1224.88,9390.73,False,True,,
WO0001,00042254,Invoice,2025-04-13,2025-04,1901,DN#13015,LPG,LPG,5,2462.7,369.4,2832.1,False,True,,
WO0001,00042254,Invoice,2025-04-13,2025-04,1401,DN#13015,LPG,LPG,5,1814.6,272.19,2086.79,False,True,,
WO0001,00042283,Invoice,2025-04-14,2025-04,19.1,DN#13015-EMPTY,CYL,CYL,5,3000,450,3450,True,False,,
WO0001,00042283,Invoice,2025-04-14,2025-04,9.1,DN#13015-EMPTY,CYL,CYL,35,15750,2362.5,18112.5,True,False,,
WO0001,00042283,Invoice,2025-04-14,2025-04,14.1,DN#13015-EMPTY,CYL,CYL,5,2750,412.5,3162.5,True,False,,
WO0001,00042619,Invoice,2025-04-28,2025-04,9.4,DN#13040,LPG,LPG,25,5832.75,874.91,6707.66,False,True,,
WO0001,00042619,Invoice,2025-04-28,2025-04,1901,DN#13040,LPG,LPG,10,4925.4,738.81,5664.21,False,True,,
WO0001,00042619,Invoice,2025-04-28,2025-04,14.4,DN#13040,LPG,LPG,10,3629.2,544.38,4173.58,False,True,,
WO0001,00042654,Invoice,2025-04-28,2025-04,19.1,DN#13040-EMPTY,CYL,CYL,10,6000,900,6900,True,False,,
WO0001,00042654,Invoice,2025-04-28,2025-04,9.1,DN#13040-EMPTY,CYL,CYL,25,11250,1687.5,12937.5,True,False,,
WO0001,00042654,Invoice,2025-04-28,2025-04,14.1,DN#13040-EMPTY,CYL,CYL,10,5500,825,6325,True,False,,
WO0001,00012380,Crd Note,2025-04-29,2025-04,19.1,DN#13015-EMPTY,CYL,CYL,-14,-8400,-1260,-9660,True,False,,
WO0001,00012380,Crd Note,2025-04-29,2025-04,14.1,DN#13015-EMPTY,CYL,CYL,-16,-8800,-1320,-10120,True,False,,
WO0001,00012380,Crd Note,2025-04-29,2025-04,9.1,DN#13015-EMPTY,CYL,CYL,-58,-26100,-3915,-30015,True,False,,
WO0001,00042968,Invoice,2025-05-09,2025-05,1901,DN#13214,LPG,LPG,10,4925.4,738.81,5664.21,False,True,,
WO0001,00042968,Invoice,2025-05-09,2025-05,1401,DN#13214,LPG,LPG,10,3629.2,544.38,4173.58,False,True,,
WO0001,00042968,Invoice,2025-05-09,2025-05,901,DN#13214,LPG,LPG,30,6999.3,1049.9,8049.2,False,True,,
WO0001,00042969,Invoice,2025-05-09,2025-05,14.1,DN#13214-EMPTY,CYL,CYL,10,5500,825,6325,True,False,,
WO0001,00042969,Invoice,2025-05-09,2025-05,9.1,DN#13214-EMPTY,CYL,CYL,30,13500,2025,15525,True,False,,
WO0001,00042969,Invoice,2025-05-09,2025-05,19.1,DN#13214-EMPTY,CYL,CYL,10,6000,900,6900,True,False,,
WO0001,00012461,Crd Note,2025-05-11,2025-05,9.1,DN#13214-EMPTY,CYL,CYL,-32,-14400,-2160,-16560,True,False,,
WO0001,00012461,Crd Note,2025-05-11,2025-05,14.1,DN#13214-EMPTY,CYL,CYL,-6,-3300,-495,-3795,True,False,,
WO0001,00012461,Crd Note,2025-05-11,2025-05,19.1,DN#13214-EMPTY,CYL,CYL,-10,-6000,-900,-6900,True,False,,
WO0001,00043279,Invoice,2025-05-21,2025-05,1401,DN#12109,LPG,LPG,5,1838.95,275.84,2114.79,False,True,,
WO0001,00043279,Invoice,2025-05-21,2025-05,1901,DN#12109,LPG,LPG,7,3494.05,524.11,4018.16,False,True,,
WO0001,00043279,Invoice,2025-05-21,2025-05,9.4,DN#12109,LPG,LPG,30,7093.2,1063.98,8157.18,False,True,,
WO0001,00043280,Invoice,2025-05-21,2025-05,14.1,DN#12109 EMPTY,CYL,CYL,5,2750,412.5,3162.5,True,False,,
WO0001,00043280,Invoice,2025-05-21,2025-05,9.1,DN#12109 EMPTY,CYL,CYL,30,13500,2025,15525,True,False,,
WO0001,00043280,Invoice,2025-05-21,2025-05,19.1,DN#12109 EMPTY,CYL,CYL,7,4200,630,4830,True,False,,
WO0001,00012546,Crd Note,2025-05-22,2025-05,14.1,DN#12109 EMPTY,CYL,CYL,-5,-2750,-412.5,-3162.5,True,False,,
WO0001,00012546,Crd Note,2025-05-22,2025-05,9.1,DN#12109 EMPTY,CYL,CYL,-30,-13500,-2025,-15525,True,False,,
WO0001,00012546,Crd Note,2025-05-22,2025-05,19.1,DN#12109 EMPTY,CYL,CYL,-7,-4200,-630,-4830,True,False,,
WO0001,00043437,Invoice,2025-05-28,2025-05,1901,DN#12130,LPG,LPG,15,7487.24,1123.09,8610.33,False,True,,
WO0001,00043437,Invoice,2025-05-28,2025-05,9.4,DN#12130,LPG,LPG,13,3073.72,461.06,3534.78,False,True,,
WO0001,00043437,Invoice,2025-05-28,2025-05,1401,DN#12130,LPG,LPG,7,2574.53,386.18,2960.71,False,True,,
WO0001,00043438,Invoice,2025-05-28,2025-05,9.1,DN#12130-EMPTY,CYL,CYL,13,5850,877.5,6727.5,True,False,,
WO0001,00043438,Invoice,2025-05-28,2025-05,14.1,DN#12130-EMPTY,CYL,CYL,7,3850,577.5,4427.5,True,False,,
WO0001,00043438,Invoice,2025-05-28,2025-05,19.1,DN#12130-EMPTY,CYL,CYL,15,9000,1350,10350,True,False,,
WO0001,00012603,Crd Note,2025-05-29,2025-05,14.1,DN#12130-EMPTY,CYL,CYL,-7,-3850,-577.5,-4427.5,True,False,,
WO0001,00012603,Crd Note,2025-05-29,2025-05,19.1,DN#12130-EMPTY,CYL,CYL,-15,-9000,-1350,-10350,True,False,,
WO0001,00012603,Crd Note,2025-05-29,2025-05,9.1,DN#12130-EMPTY,CYL,CYL,-13,-5850,-877.5,-6727.5,True,False,,
WO0001,00043683,Invoice,2025-06-05,2025-06,14.4,DN#12356,LPG,LPG,3,1103.37,165.51,1268.88,False,True,,
WO0001,00043683,Invoice,2025-06-05,2025-06,1901,DN#12356,LPG,LPG,7,3494.04,524.11,4018.15,False,True,,
WO0001,00043683,Invoice,2025-06-05,2025-06,9.4,DN#12356,LPG,LPG,25,5911,886.65,6797.65,False,True,,
WO0001,00043684,Invoice,2025-06-05,2025-06,14.1,DN#12356-EMPTY,CYL,CYL,3,1650,247.5,1897.5,True,False,,
WO0001,00043684,Invoice,2025-06-05,2025-06,19.1,DN#12356-EMPTY,CYL,CYL,7,4200,630,4830,True,False,,
WO0001,00043684,Invoice,2025-06-05,2025-06,9.1,DN#12356-EMPTY,CYL,CYL,25,11250,1687.5,12937.5,True,False,,
WO0001,00012655,Crd Note,2025-06-06,2025-06,9.1,DN#12356-EMPTY,CYL,CYL,-25,-11250,-1687.5,-12937.5,True,False,,
WO0001,00012655,Crd Note,2025-06-06,2025-06,19.1,DN#12356-EMPTY,CYL,CYL,-7,-4200,-630,-4830,True,False,,
WO0001,00012655,Crd Note,2025-06-06,2025-06,14.1,DN#12356-EMPTY,CYL,CYL,-3,-1650,-247.5,-1897.5,True,False,,
WO0001,00012666,Crd Note,2025-06-08,2025-06,14.1,DN#12502-EMPTY,CYL,CYL,-5,-2750,-412.5,-3162.5,True,False,,
WO0001,00012666,Crd Note,2025-06-08,2025-06,9.1,DN#12502-EMPTY,CYL,CYL,-29,-13050,-1957.5,-15007.5,True,False,,
WO0001,00012666,Crd Note,2025-06-08,2025-06,19.1,DN#12502-EMPTY,CYL,CYL,-3,-1800,-270,-2070,True,False,,
WO0001,00043728,Invoice,2025-06-08,2025-06,901,DN#12502,LPG,LPG,25,5911,886.65,6797.65,False,True,,
WO0001,00043728,Invoice,2025-06-08,2025-06,1901,DN#12502,LPG,LPG,3,1497.45,224.62,1722.07,False,True,,
WO0001,00043728,Invoice,2025-06-08,2025-06,9.4,DN#12502,LPG,LPG,5,1182.2,177.33,1359.53,False,True,,
WO0001,00043728,Invoice,2025-06-08,2025-06,1401,DN#12502,LPG,LPG,5,1838.95,275.84,2114.79,False,True,,
WO0001,00043729,Invoice,2025-06-08,2025-06,14.1,DN#12502-EMPTY,CYL,CYL,5,2750,412.5,3162.5,True,False,,
WO0001,00043729,Invoice,2025-06-08,2025-06,19.1,DN#12502-EMPTY,CYL,CYL,3,1800,270,2070,True,False,,
WO0001,00043729,Invoice,2025-06-08,2025-06,9.1,DN#12502-EMPTY,CYL,CYL,30,13500,2025,15525,True,False,,
WO0001,00012748,Crd Note,2025-06-16,2025-06,9.1,DN#12530- EMPTY,CYL,CYL,-36,-16200,-2430,-18630,True,False,,
WO0001,00012748,Crd Note,2025-06-16,2025-06,19.1,DN#12530- EMPTY,CYL,CYL,-15,-9000,-1350,-10350,True,False,,
WO0001,00012748,Crd Note,2025-06-16,2025-06,14.1,DN#12530- EMPTY,CYL,CYL,-5,-2750,-412.5,-3162.5,True,False,,
WO0001,00043972,Invoice,2025-06-16,2025-06,1901,DN#12530,LPG,LPG,15,7296.45,1094.47,8390.92,False,True,,
WO0001,00043972,Invoice,2025-06-16,2025-06,901,DN#12530,LPG,LPG,35,8064.35,1209.65,9274,False,True,,
WO0001,00043972,Invoice,2025-06-16,2025-06,1401,DN#12530,LPG,LPG,5,1792.1,268.81,2060.91,False,True,,
WO0001,00043973,Invoice,2025-06-16,2025-06,9.1,DN#12530- EMPTY,CYL,CYL,35,15750,2362.5,18112.5,True,False,,
WO0001,00043973,Invoice,2025-06-16,2025-06,19.1,DN#12530- EMPTY,CYL,CYL,15,9000,1350,10350,True,False,,
WO0001,00043973,Invoice,2025-06-16,2025-06,14.1,DN#12530- EMPTY,CYL,CYL,5,2750,412.5,3162.5,True,False,,
WO0001,00044089,Invoice,2025-06-19,2025-06,901,DN#12414,LPG,LPG,20,4608.2,691.23,5299.43,False,True,,
WO0001,00044089,Invoice,2025-06-19,2025-06,1401,DN#12414,LPG,LPG,10,3584.2,537.63,4121.83,False,True,,
WO0001,00044090,Invoice,2025-06-19,2025-06,9.1,DN#12414-EMPTY,CYL,CYL,20,9000,1350,10350,True,False,,
WO0001,00044090,Invoice,2025-06-19,2025-06,14.1,DN#12414-EMPTY,CYL,CYL,10,5500,825,6325,True,False,,
WO0001,00012774,Crd Note,2025-06-20,2025-06,9.1,DN#12414-EMPTY,CYL,CYL,-23,-10350,-1552.5,-11902.5,True,False,,
WO0001,00012774,Crd Note,2025-06-20,2025-06,14.1,DN#12414-EMPTY,CYL,CYL,-7,-3850,-577.5,-4427.5,True,False,,
WO0001,00044131,Invoice,2025-06-20,2025-06,00000341,DN#12415,OTHER,OTHER,100,5652.17,847.83,6500,False,False,,
WO0001,00044210,Invoice,2025-06-23,2025-06,901,DN#12541,LPG,LPG,5,1152.05,172.81,1324.86,False,True,,
WO0001,00044210,Invoice,2025-06-23,2025-06,1901,DN#12541,LPG,LPG,5,2432.15,364.82,2796.97,False,True,,
WO0001,00044210,Invoice,2025-06-23,2025-06,9.4,DN#12541,LPG,LPG,10,2304.1,345.61,2649.71,False,True,,
WO0001,00044211,Invoice,2025-06-23,2025-06,9.1,DN#12541-EMPTY,CYL,CYL,15,6750,1012.5,7762.5,True,False,,
WO0001,00044211,Invoice,2025-06-23,2025-06,19.1,DN#12541-EMPTY,CYL,CYL,5,3000,450,3450,True,False,,
WO0001,00012810,Crd Note,2025-06-24,2025-06,9.1,DN#12541-EMPTY,CYL,CYL,-15,-6750,-1012.5,-7762.5,True,False,,
WO0001,00012810,Crd Note,2025-06-24,2025-06,19.1,DN#12541-EMPTY,CYL,CYL,-5,-3000,-450,-3450,True,False,,
WO0001,00044430,Invoice,2025-06-30,2025-06,901,DN#12610,LPG,LPG,25,5760.25,864.04,6624.29,False,True,,
WO0001,00044430,Invoice,2025-06-30,2025-06,00000341,DN#12610,OTHER,OTHER,88,4973.91,746.09,5720,False,False,,
WO0001,00044430,Invoice,2025-06-30,2025-06,1401,DN#12610,LPG,LPG,6,2150.52,322.58,2473.1,False,True,,
WO0001,00044431,Invoice,2025-06-30,2025-06,9.1,DN#12610- EMPTY,CYL,CYL,25,11250,1687.5,12937.5,True,False,,
WO0001,00044431,Invoice,2025-06-30,2025-06,14.1,DN#12610- EMPTY,CYL,CYL,6,3300,495,3795,True,False,,
WO0001,00044457,Invoice,2025-06-30,2025-06,901,DN#12610,LPG,LPG,25,5760.25,864.04,6624.29,False,True,,
WO0001,00044457,Invoice,2025-06-30,2025-06,1401,DN#12610,LPG,LPG,6,2150.52,322.58,2473.1,False,True,,
WO0001,00044457,Invoice,2025-06-30,2025-06,00000341,DN#12610,OTHER,OTHER,88,4591.3,688.7,5280,False,False,,
WO0001,00012879,Crd Note,2025-07-01,2025-07,14.1,DN#12610- EMPTY,CYL,CYL,-6,-3300,-495,-3795,True,False,,
WO0001,00012879,Crd Note,2025-07-01,2025-07,9.1,DN#12610- EMPTY,CYL,CYL,-25,-11250,-1687.5,-12937.5,True,False,,
WO0001,00012886,Crd Note,2025-07-01,2025-07,00000341,DN#12610,OTHER,OTHER,-88,-4973.91,-746.09,-5720,False,False,,
WO0001,00012886,Crd Note,2025-07-01,2025-07,1401,DN#12610,LPG,LPG,-6,-2150.52,-322.58,-2473.1,False,True,,
WO0001,00012886,Crd Note,2025-07-01,2025-07,901,DN#12610,LPG,LPG,-25,-5760.25,-864.04,-6624.29,False,True,,
WO0001,00044564,Invoice,2025-07-04,2025-07,00000341,DN#12616,OTHER,OTHER,200,10434.78,1565.22,12000,False,False,,
WO0001,00044682,Invoice,2025-07-08,2025-07,1401,DN#12184,LPG,LPG,5,1627.3,244.1,1871.4,False,True,,
WO0001,00044682,Invoice,2025-07-08,2025-07,00000345,DN#12184,OTHER,OTHER,50,3043.48,456.52,3500,False,False,,
WO0001,00044682,Invoice,2025-07-08,2025-07,901,DN#12184,LPG,LPG,21,4393.83,659.07,5052.9,False,True,,
WO0001,00044682,Invoice,2025-07-08,2025-07,1901,DN#12184,LPG,LPG,6,2650.2,397.53,3047.73,False,True,,
WO0001,00044683,Invoice,2025-07-08,2025-07,14.1,DN#12184-EMPTY,CYL,CYL,5,2750,412.5,3162.5,True,False,,
WO0001,00044683,Invoice,2025-07-08,2025-07,19.1,DN#12184-EMPTY,CYL,CYL,6,3600,540,4140,True,False,,
WO0001,00044683,Invoice,2025-07-08,2025-07,9.1,DN#12184-EMPTY,CYL,CYL,21,9450,1417.5,10867.5,True,False,,
WO0001,00012948,Crd Note,2025-07-09,2025-07,14.1,DN#12184-EMPTY,CYL,CYL,-5,-2750,-412.5,-3162.5,True,False,,
WO0001,00012948,Crd Note,2025-07-09,2025-07,9.1,DN#12184-EMPTY,CYL,CYL,-21,-9450,-1417.5,-10867.5,True,False,,
WO0001,00012948,Crd Note,2025-07-09,2025-07,19.1,DN#12184-EMPTY,CYL,CYL,-6,-3600,-540,-4140,True,False,,
WO0001,00044901,Invoice,2025-07-16,2025-07,14.4,DN#12212,LPG,LPG,6,1952.76,292.91,2245.67,False,True,,
WO0001,00044901,Invoice,2025-07-16,2025-07,19.4,DN#12212,LPG,LPG,3,1325.1,198.77,1523.87,False,True,,
WO0001,00044901,Invoice,2025-07-16,2025-07,9.4,DN#12212,LPG,LPG,15,3138.45,470.77,3609.22,False,True,,
WO0001,00044902,Invoice,2025-07-16,2025-07,14.1,DN#12212-EMPTY,CYL,CYL,6,3300,495,3795,True,False,,
WO0001,00044902,Invoice,2025-07-16,2025-07,19.1,DN#12212-EMPTY,CYL,CYL,3,1800,270,2070,True,False,,
WO0001,00044902,Invoice,2025-07-16,2025-07,9.1,DN#12212-EMPTY,CYL,CYL,15,6750,1012.5,7762.5,True,False,,
WO0001,00013026,Crd Note,2025-07-18,2025-07,19.1,DN#12212-EMPTY,CYL,CYL,-3,-1800,-270,-2070,True,False,,
WO0001,00013026,Crd Note,2025-07-18,2025-07,14.1,DN#12212-EMPTY,CYL,CYL,-6,-3300,-495,-3795,True,False,,
WO0001,00013026,Crd Note,2025-07-18,2025-07,9.1,DN#12212-EMPTY,CYL,CYL,-15,-6750,-1012.5,-7762.5,True,False,,
WO0001,00044977,Invoice,2025-07-18,2025-07,00000341,D/N 12213,OTHER,OTHER,200,10434.78,1565.22,12000,False,False,,
WO0001,00045769,Invoice,2025-07-28,2025-07,00000341,DN#20114,OTHER,OTHER,100,5217.39,782.61,6000,False,False,,
WO0001,00045283,Invoice,2025-07-30,2025-07,14.4,D/N20124,LPG,LPG,7,2278.22,341.73,2619.95,False,True,,
WO0001,00045283,Invoice,2025-07-30,2025-07,19.4,D/N20124,LPG,LPG,13,5742.1,861.31,6603.41,False,True,,
WO0001,00045283,Invoice,2025-07-30,2025-07,901,D/N20124,LPG,LPG,28,5858.44,878.77,6737.21,False,True,,
WO0001,00045284,Invoice,2025-07-30,2025-07,14.1,D/N20124,CYL,CYL,7,3850,577.5,4427.5,True,False,,
WO0001,00045284,Invoice,2025-07-30,2025-07,9.1,D/N20124,CYL,CYL,28,12600,1890,14490,True,False,,
WO0001,00045284,Invoice,2025-07-30,2025-07,19.1,D/N20124,CYL,CYL,13,7800,1170,8970,True,False,,
WO0001,00013106,Crd Note,2025-08-01,2025-08,9.1,D/N20124,CYL,CYL,-28,-12600,-1890,-14490,True,False,,
WO0001,00013106,Crd Note,2025-08-01,2025-08,19.1,D/N20124,CYL,CYL,-13,-7800,-1170,-8970,True,False,,
WO0001,00013106,Crd Note,2025-08-01,2025-08,14.1,D/N20124,CYL,CYL,-7,-3850,-577.5,-4427.5,True,False,,
WO0001,00045588,Invoice,2025-08-05,2025-08,00000344,DN#20218,OTHER,OTHER,200,10086.96,1513.04,11600,False,False,,
WO0001,00045589,Invoice,2025-08-05,2025-08,00000344,DN#20218,OTHER,OTHER,200,9913.04,1486.96,11400,False,False,,
WO0001,00013197,Crd Note,2025-08-10,2025-08,00000344,DN#20218,OTHER,OTHER,-200,-10086.96,-1513.04,-11600,False,False,,
WO0001,00045582,Invoice,2025-08-10,2025-08,901,DN#20308,LPG,LPG,27,5649.21,847.38,6496.59,False,True,,
WO0001,00045582,Invoice,2025-08-10,2025-08,19.4,DN#20308,LPG,LPG,8,3533.6,530.04,4063.64,False,True,,
WO0001,00045582,Invoice,2025-08-10,2025-08,14.4,DN#20308,LPG,LPG,5,1627.3,244.1,1871.4,False,True,,
WO0001,00045583,Invoice,2025-08-10,2025-08,9.1,DN#20308-EMPTY,CYL,CYL,27,12150,1822.5,13972.5,True,False,,
WO0001,00045583,Invoice,2025-08-10,2025-08,14.1,DN#20308-EMPTY,CYL,CYL,5,2750,412.5,3162.5,True,False,,
WO0001,00045583,Invoice,2025-08-10,2025-08,19.1,DN#20308-EMPTY,CYL,CYL,8,4800,720,5520,True,False,,
WO0001,00045594,Invoice,2025-08-10,2025-08,1401,DN#20310,LPG,LPG,5,1590.9,238.64,1829.54,False,True,,
WO0001,00045594,Invoice,2025-08-10,2025-08,19.4,DN#20310,LPG,LPG,3,1325.1,198.76,1523.86,False,True,,
WO0001,00045611,Invoice,2025-08-10,2025-08,901,DN#20308,LPG,LPG,27,5522.85,828.43,6351.28,False,True,,
WO0001,00045611,Invoice,2025-08-10,2025-08,19.4,DN#20308,LPG,LPG,8,3454.57,518.18,3972.75,False,True,,
WO0001,00045611,Invoice,2025-08-10,2025-08,14.4,DN#20308,LPG,LPG,5,1590.9,238.63,1829.53,False,True,,
WO0001,00013198,Crd Note,2025-08-11,2025-08,14.1,DN#20308-EMPTY,CYL,CYL,-5,-2750,-412.5,-3162.5,True,False,,
WO0001,00013198,Crd Note,2025-08-11,2025-08,9.1,DN#20308-EMPTY,CYL,CYL,-27,-12150,-1822.5,-13972.5,True,False,,
WO0001,00013198,Crd Note,2025-08-11,2025-08,19.1,DN#20308-EMPTY,CYL,CYL,-8,-4800,-720,-5520,True,False,,
WO0001,00013203,Crd Note,2025-08-11,2025-08,19.4,DN#20308,LPG,LPG,-8,-3533.6,-530.04,-4063.64,False,True,,
WO0001,00013203,Crd Note,2025-08-11,2025-08,14.4,DN#20308,LPG,LPG,-5,-1627.3,-244.1,-1871.4,False,True,,
WO0001,00013203,Crd Note,2025-08-11,2025-08,901,DN#20308,LPG,LPG,-27,-5649.21,-847.38,-6496.59,False,True,,
WO0001,00013206,Crd Note,2025-08-11,2025-08,19.1,DN#20310-EMPTY,CYL,CYL,-3,-1800,-270,-2070,True,False,,
WO0001,00013206,Crd Note,2025-08-11,2025-08,14.1,DN#20310-EMPTY,CYL,CYL,-3,-1650,-247.5,-1897.5,True,False,,
WO0001,00045595,Invoice,2025-08-11,2025-08,14.1,DN#20310-EMPTY,CYL,CYL,5,2750,412.5,3162.5,True,False,,
WO0001,00045595,Invoice,2025-08-11,2025-08,19.1,DN#20310-EMPTY,CYL,CYL,3,1800,270,2070,True,False,,
WO0001,00045958,Invoice,2025-08-27,2025-08,9.4,D/N20339,LPG,LPG,20,4091,613.65,4704.65,False,True,,
WO0001,00045958,Invoice,2025-08-27,2025-08,14.4,D/N20339,LPG,LPG,8,2545.44,381.82,2927.26,False,True,,
WO0001,00045958,Invoice,2025-08-27,2025-08,19.4,D/N20339,LPG,LPG,10,4318.2,647.73,4965.93,False,True,,
WO0001,00045959,Invoice,2025-08-27,2025-08,9.1,D/N20339,CYL,CYL,20,9000,1350,10350,True,False,,
WO0001,00045959,Invoice,2025-08-27,2025-08,14.1,D/N20339,CYL,CYL,8,4400,660,5060,True,False,,
WO0001,00045959,Invoice,2025-08-27,2025-08,19.1,D/N20339,CYL,CYL,10,6000,900,6900,True,False,,
WO0001,00013330,Crd Note,2025-08-28,2025-08,19.1,D/N20339,CYL,CYL,-10,-6000,-900,-6900,True,False,,
WO0001,00013330,Crd Note,2025-08-28,2025-08,9.1,D/N20339,CYL,CYL,-20,-9000,-1350,-10350,True,False,,
WO0001,00013330,Crd Note,2025-08-28,2025-08,14.1,D/N20339,CYL,CYL,-8,-4400,-660,-5060,True,False,,
WO0001,00046265,Invoice,2025-09-09,2025-09,14.4,DN21026,LPG,LPG,4,1216.6,182.49,1399.09,False,True,,
WO0001,00046265,Invoice,2025-09-09,2025-09,9.4,DN21026,LPG,LPG,20,3910.4,586.56,4496.96,False,True,,
WO0001,00046265,Invoice,2025-09-09,2025-09,19.4,DN21026,LPG,LPG,11,4540.47,681.07,5221.54,False,True,,
WO0001,00046266,Invoice,2025-09-09,2025-09,19.1,DN21026-EMPTY,CYL,CYL,11,6600,990,7590,True,False,,
WO0001,00046266,Invoice,2025-09-09,2025-09,9.1,DN21026-EMPTY,CYL,CYL,20,9000,1350,10350,True,False,,
WO0001,00046266,Invoice,2025-09-09,2025-09,14.1,DN21026-EMPTY,CYL,CYL,4,2200,330,2530,True,False,,
WO0001,00013440,Crd Note,2025-09-10,2025-09,9.1,DN21026-EMPTY,CYL,CYL,-20,-9000,-1350,-10350,True,False,,
WO0001,00013440,Crd Note,2025-09-10,2025-09,19.1,DN21026-EMPTY,CYL,CYL,-11,-6600,-990,-7590,True,False,,
WO0001,00013440,Crd Note,2025-09-10,2025-09,14.1,DN21026-EMPTY,CYL,CYL,-4,-2200,-330,-2530,True,False,,
WO0001,00013511,Crd Note,2025-09-18,2025-09,9.1,DN#21046-EMPTY,CYL,CYL,-26,-11700,-1755,-13455,True,False,,
WO0001,00013511,Crd Note,2025-09-18,2025-09,19.1,DN#21046-EMPTY,CYL,CYL,-8,-4800,-720,-5520,True,False,,
WO0001,00013511,Crd Note,2025-09-18,2025-09,14.1,DN#21046-EMPTY,CYL,CYL,-1,-550,-82.5,-632.5,True,False,,
WO0001,00046505,Invoice,2025-09-18,2025-09,14.4,DN#21046,LPG,LPG,2,608.3,91.25,699.55,False,True,,
WO0001,00046505,Invoice,2025-09-18,2025-09,1901,DN#21046,LPG,LPG,6,2476.62,371.49,2848.11,False,True,,
WO0001,00046505,Invoice,2025-09-18,2025-09,9.4,DN#21046,LPG,LPG,25,4888,733.2,5621.2,False,True,,
WO0001,00046505,Invoice,2025-09-18,2025-09,19.4,DN#21046,LPG,LPG,2,825.54,123.83,949.37,False,True,,
WO0001,00046506,Invoice,2025-09-18,2025-09,9.1,DN#21046-EMPTY,CYL,CYL,25,11250,1687.5,12937.5,True,False,,
WO0001,00046506,Invoice,2025-09-18,2025-09,14.1,DN#21046-EMPTY,CYL,CYL,2,1100,165,1265,True,False,,
WO0001,00046506,Invoice,2025-09-18,2025-09,19.1,DN#21046-EMPTY,CYL,CYL,8,4800,720,5520,True,False,,
WO0001,00046660,Invoice,2025-09-24,2025-09,9.4,DN#20275,LPG,LPG,18,3519.36,527.9,4047.26,False,True,,
WO0001,00046660,Invoice,2025-09-24,2025-09,1901,DN#20275,LPG,LPG,8,3302.17,495.32,3797.49,False,True,,
WO0001,00046661,Invoice,2025-09-24,2025-09,19.1,DN#20275-EMPTY,CYL,CYL,8,4800,720,5520,True,False,,
WO0001,00046661,Invoice,2025-09-24,2025-09,9.1,DN#20275-EMPTY,CYL,CYL,18,8100,1215,9315,True,False,,
WO0001,00013550,Crd Note,2025-09-25,2025-09,9.1,DN#20275-EMPTY,CYL,CYL,-13,-5850,-877.5,-6727.5,True,False,,
WO0001,00013550,Crd Note,2025-09-25,2025-09,14.1,DN#20275-EMPTY,CYL,CYL,-3,-1650,-247.5,-1897.5,True,False,,
WO0001,00013550,Crd Note,2025-09-25,2025-09,19.1,DN#20275-EMPTY,CYL,CYL,-8,-4800,-720,-5520,True,False,,
WO0001,00013640,Crd Note,2025-10-03,2025-10,19.1,DN#20291-EMPTY,CYL,CYL,-2,-1200,-180,-1380,True,False,,
WO0001,00013640,Crd Note,2025-10-03,2025-10,14.1,DN#20291-EMPTY,CYL,CYL,-2,-1100,-165,-1265,True,False,,
WO0001,00013640,Crd Note,2025-10-03,2025-10,9.1,DN#20291-EMPTY,CYL,CYL,-19,-8550,-1282.5,-9832.5,True,False,,
WO0001,00046878,Invoice,2025-10-03,2025-10,9.4,DN#20291,LPG,LPG,20,3910.4,586.56,4496.96,False,True,,
WO0001,00046878,Invoice,2025-10-03,2025-10,1901,DN#20291,LPG,LPG,3,1238.31,185.75,1424.06,False,True,,
WO0001,00046879,Invoice,2025-10-03,2025-10,9.1,DN#20291-EMPTY,CYL,CYL,20,9000,1350,10350,True,False,,
WO0001,00046879,Invoice,2025-10-03,2025-10,19.1,DN#20291-EMPTY,CYL,CYL,3,1800,270,2070,True,False,,
WO0001,00013670,Crd Note,2025-10-12,2025-10,19.1,DN#20184- EMPTY,CYL,CYL,-5,-3000,-450,-3450,True,False,,
WO0001,00013670,Crd Note,2025-10-12,2025-10,9.1,DN#20184- EMPTY,CYL,CYL,-21,-9450,-1417.5,-10867.5,True,False,,
WO0001,00013670,Crd Note,2025-10-12,2025-10,14.1,DN#20184- EMPTY,CYL,CYL,-4,-2200,-330,-2530,True,False,,
WO0001,00047040,Invoice,2025-10-12,2025-10,901,DN#20184,LPG,LPG,21,4105.92,615.89,4721.81,False,True,,
WO0001,00047040,Invoice,2025-10-12,2025-10,14.4,DN#20184,LPG,LPG,4,1216.6,182.49,1399.09,False,True,,
WO0001,00047040,Invoice,2025-10-12,2025-10,19.4,DN#20184,LPG,LPG,5,2063.85,309.58,2373.43,False,True,,
WO0001,00047041,Invoice,2025-10-12,2025-10,9.1,DN#20184- EMPTY,CYL,CYL,21,9450,1417.5,10867.5,True,False,,
WO0001,00047041,Invoice,2025-10-12,2025-10,14.1,DN#20184- EMPTY,CYL,CYL,4,2200,330,2530,True,False,,
WO0001,00047041,Invoice,2025-10-12,2025-10,19.1,DN#20184- EMPTY,CYL,CYL,5,3000,450,3450,True,False,,
WO0001,00047092,Invoice,2025-10-13,2025-10,00000360,,OTHER,OTHER,26,791.3,118.7,910,False,False,,
WO0001,00047205,Invoice,2025-10-19,2025-10,1401,DN-20200,LPG,LPG,3,912.45,136.87,1049.32,False,True,,
WO0001,00047205,Invoice,2025-10-19,2025-10,9.4,DN-20200,LPG,LPG,22,4301.44,645.22,4946.66,False,True,,
WO0001,00047205,Invoice,2025-10-19,2025-10,19.4,DN-20200,LPG,LPG,8,3302.16,495.32,3797.48,False,True,,
WO0001,00047206,Invoice,2025-10-19,2025-10,19.1,DN-20200-EMPTY,CYL,CYL,8,4800,720,5520,True,False,,
WO0001,00047206,Invoice,2025-10-19,2025-10,14.1,DN-20200-EMPTY,CYL,CYL,3,1650,247.5,1897.5,True,False,,
WO0001,00047206,Invoice,2025-10-19,2025-10,9.1,DN-20200-EMPTY,CYL,CYL,22,9900,1485,11385,True,False,,
WO0001,00013720,Crd Note,2025-10-20,2025-10,9.1,DN-20200-EMPTY,CYL,CYL,-22,-9900,-1485,-11385,True,False,,
WO0001,00013720,Crd Note,2025-10-20,2025-10,14.1,DN-20200-EMPTY,CYL,CYL,-3,-1650,-247.5,-1897.5,True,False,,
WO0001,00013720,Crd Note,2025-10-20,2025-10,19.1,DN-20200-EMPTY,CYL,CYL,-8,-4800,-720,-5520,True,False,,
WO0001,00047442,Invoice,2025-10-30,2025-10,19.4,DN#21135,LPG,LPG,11,4540.47,681.07,5221.54,False,True,,
WO0001,00047442,Invoice,2025-10-30,2025-10,9.4,DN#21135,LPG,LPG,10,1955.2,293.28,2248.48,False,True,,
WO0001,00047442,Invoice,2025-10-30,2025-10,14.4,DN#21135,LPG,LPG,2,608.3,91.25,699.55,False,True,,
WO0001,00047443,Invoice,2025-10-30,2025-10,14.1,DN#21135-EMPTY,CYL,CYL,2,1100,165,1265,True,False,,
WO0001,00047443,Invoice,2025-10-30,2025-10,9.1,DN#21135-EMPTY,CYL,CYL,10,4500,675,5175,True,False,,
WO0001,00047443,Invoice,2025-10-30,2025-10,19.1,DN#21135-EMPTY,CYL,CYL,11,6600,990,7590,True,False,,
WO0001,00013791,Crd Note,2025-10-31,2025-10,14.1,DN#21135-EMPTY,CYL,CYL,-2,-1100,-165,-1265,True,False,,
WO0001,00013791,Crd Note,2025-10-31,2025-10,19.1,DN#21135-EMPTY,CYL,CYL,-11,-6600,-990,-7590,True,False,,
WO0001,00013791,Crd Note,2025-10-31,2025-10,9.1,DN#21135-EMPTY,CYL,CYL,-10,-4500,-675,-5175,True,False,,
WO0001,00013816,Crd Note,2025-11-04,2025-11,14.1,DN#20776-EMPTY,CYL,CYL,-5,-2750,-412.5,-3162.5,True,False,,
WO0001,00013816,Crd Note,2025-11-04,2025-11,19.1,DN#20776-EMPTY,CYL,CYL,-9,-5400,-810,-6210,True,False,,
WO0001,00013816,Crd Note,2025-11-04,2025-11,9.1,DN#20776-EMPTY,CYL,CYL,-18,-8100,-1215,-9315,True,False,,
WO0001,00047514,Invoice,2025-11-04,2025-11,19.4,DN#20776,LPG,LPG,9,3714.93,557.24,4272.17,False,True,,
WO0001,00047514,Invoice,2025-11-04,2025-11,901,DN#20776,LPG,LPG,18,3519.36,527.9,4047.26,False,True,,
WO0001,00047514,Invoice,2025-11-04,2025-11,14.4,DN#20776,LPG,LPG,5,1520.76,228.11,1748.87,False,True,,
WO0001,00047515,Invoice,2025-11-04,2025-11,9.1,DN#20776-EMPTY,CYL,CYL,18,8100,1215,9315,True,False,,
WO0001,00047515,Invoice,2025-11-04,2025-11,14.1,DN#20776-EMPTY,CYL,CYL,5,2750,412.5,3162.5,True,False,,
WO0001,00047515,Invoice,2025-11-04,2025-11,19.1,DN#20776-EMPTY,CYL,CYL,9,5400,810,6210,True,False,,
WO0001,00047712,Invoice,2025-11-16,2025-11,19.4,DN#21154,LPG,LPG,4,1421.51,213.23,1634.74,False,True,,
WO0001,00047712,Invoice,2025-11-16,2025-11,9.4,DN#21154,LPG,LPG,25,4208.5,631.28,4839.78,False,True,,
WO0001,00047713,Invoice,2025-11-16,2025-11,19.1,DN#21154-EMPTY,CYL,CYL,4,2400,360,2760,True,False,,
WO0001,00047713,Invoice,2025-11-16,2025-11,9.1,DN#21154-EMPTY,CYL,CYL,25,11250,1687.5,12937.5,True,False,,
WO0001,00013880,Crd Note,2025-11-17,2025-11,19.1,DN#21154-EMPTY,CYL,CYL,-4,-2400,-360,-2760,True,False,,
WO0001,00013880,Crd Note,2025-11-17,2025-11,9.1,DN#21154-EMPTY,CYL,CYL,-25,-11250,-1687.5,-12937.5,True,False,,
WO0001,00047876,Invoice,2025-11-23,2025-11,00000376,DN#20675,OTHER,OTHER,40,1565.22,234.78,1800,False,False,,
WO0001,00047876,Invoice,2025-11-23,2025-11,9.4,DN#20675,LPG,LPG,25,4208.5,631.28,4839.78,False,True,,
WO0001,00047876,Invoice,2025-11-23,2025-11,14.4,DN#20675,LPG,LPG,3,785.58,117.84,903.42,False,True,,
WO0001,00047876,Invoice,2025-11-23,2025-11,19.4,DN#20675,LPG,LPG,2,710.76,106.61,817.37,False,True,,
WO0001,00047877,Invoice,2025-11-23,2025-11,9.1,DN#20675-EMPTY,CYL,CYL,25,11250,1687.5,12937.5,True,False,,
WO0001,00047877,Invoice,2025-11-23,2025-11,14.1,DN#20675-EMPTY,CYL,CYL,3,1650,247.5,1897.5,True,False,,
WO0001,00047877,Invoice,2025-11-23,2025-11,19.1,DN#20675-EMPTY,CYL,CYL,2,1200,180,1380,True,False,,
WO0001,00013936,Crd Note,2025-11-24,2025-11,19.1,DN#20675-EMPTY,CYL,CYL,-2,-1200,-180,-1380,True,False,,
WO0001,00013936,Crd Note,2025-11-24,2025-11,14.1,DN#20675-EMPTY,CYL,CYL,-3,-1650,-247.5,-1897.5,True,False,,
WO0001,00013936,Crd Note,2025-11-24,2025-11,9.1,DN#20675-EMPTY,CYL,CYL,-25,-11250,-1687.5,-12937.5,True,False,,
WO0001,00048042,Invoice,2025-12-01,2025-12,9.4,DN#20885,LPG,LPG,22,3703.48,555.52,4259,False,True,,
WO0001,00048042,Invoice,2025-12-01,2025-12,19.4,DN#20885,LPG,LPG,3,1066.14,159.92,1226.06,False,True,,
WO0001,00048042,Invoice,2025-12-01,2025-12,14.4,DN#20885,LPG,LPG,3,785.58,117.84,903.42,False,True,,
WO0001,00048043,Invoice,2025-12-01,2025-12,19.1,DN#20885-EMPTY,CYL,CYL,3,1800,270,2070,True,False,,
WO0001,00048043,Invoice,2025-12-01,2025-12,14.1,DN#20885-EMPTY,CYL,CYL,3,1650,247.5,1897.5,True,False,,
WO0001,00048043,Invoice,2025-12-01,2025-12,9.1,DN#20885-EMPTY,CYL,CYL,22,9900,1485,11385,True,False,,
WO0001,00013990,Crd Note,2025-12-02,2025-12,14.1,DN#20885-EMPTY,CYL,CYL,-3,-1650,-247.5,-1897.5,True,False,,
WO0001,00013990,Crd Note,2025-12-02,2025-12,19.1,DN#20885-EMPTY,CYL,CYL,-3,-1800,-270,-2070,True,False,,
WO0001,00013990,Crd Note,2025-12-02,2025-12,9.1,DN#20885-EMPTY,CYL,CYL,-22,-9900,-1485,-11385,True,False,,
WO0001,00048206,Invoice,2025-12-09,2025-12,19.4,DN#21406,LPG,LPG,2,714.94,107.24,822.18,False,True,,
WO0001,00048206,Invoice,2025-12-09,2025-12,14.4,DN#21406,LPG,LPG,5,1317,197.55,1514.55,False,True,,
WO0001,00048206,Invoice,2025-12-09,2025-12,9.4,DN#21406,LPG,LPG,24,4063.92,609.59,4673.51,False,True,,
WO0001,00048207,Invoice,2025-12-09,2025-12,14.1,DN#21406-EMPTY,CYL,CYL,5,2750,412.5,3162.5,True,False,,
WO0001,00048207,Invoice,2025-12-09,2025-12,19.1,DN#21406-EMPTY,CYL,CYL,2,1200,180,1380,True,False,,
WO0001,00048207,Invoice,2025-12-09,2025-12,9.1,DN#21406-EMPTY,CYL,CYL,24,10800,1620,12420,True,False,,
WO0001,00014052,Crd Note,2025-12-10,2025-12,9.1,DN#21406-EMPTY,CYL,CYL,-24,-10800,-1620,-12420,True,False,,
WO0001,00014052,Crd Note,2025-12-10,2025-12,14.1,DN#21406-EMPTY,CYL,CYL,-5,-2750,-412.5,-3162.5,True,False,,
WO0001,00014052,Crd Note,2025-12-10,2025-12,19.1,DN#21406-EMPTY,CYL,CYL,-2,-1200,-180,-1380,True,False,,
WO0001,00048384,Invoice,2025-12-18,2025-12,19.4,DN#21724,LPG,LPG,4,1429.88,214.48,1644.36,False,True,,
WO0001,00048384,Invoice,2025-12-18,2025-12,14.4,DN#21724,LPG,LPG,3,790.2,118.53,908.73,False,True,,
WO0001,00048384,Invoice,2025-12-18,2025-12,9.4,DN#21724,LPG,LPG,25,4233.25,634.99,4868.24,False,True,,
WO0001,00048385,Invoice,2025-12-18,2025-12,14.1,DN#21724-EMPTY,CYL,CYL,3,1650,247.5,1897.5,True,False,,
WO0001,00048385,Invoice,2025-12-18,2025-12,19.1,DN#21724-EMPTY,CYL,CYL,4,2400,360,2760,True,False,,
WO0001,00048385,Invoice,2025-12-18,2025-12,9.1,DN#21724-EMPTY,CYL,CYL,25,11250,1687.5,12937.5,True,False,,
WO0001,00014132,Crd Note,2025-12-19,2025-12,14.1,DN#21724-EMPTY,CYL,CYL,-3,-1650,-247.5,-1897.5,True,False,,
WO0001,00014132,Crd Note,2025-12-19,2025-12,9.1,DN#21724-EMPTY,CYL,CYL,-25,-11250,-1687.5,-12937.5,True,False,,
WO0001,00014132,Crd Note,2025-12-19,2025-12,19.1,DN#21724-EMPTY,CYL,CYL,-4,-2400,-360,-2760,True,False,,
WO0001,00048511,Invoice,2025-12-28,2025-12,901,DN#20956,LPG,LPG,20,3386.6,507.99,3894.59,False,True,,
WO0001,00048512,Invoice,2025-12-28,2025-12,9.1,DN#20956-EMPTY,CYL,CYL,20,9000,1350,10350,True,False,,
WO0001,00014178,Crd Note,2025-12-29,2025-12,9.1,DN#20956-EMPTY,CYL,CYL,-20,-9000,-1350,-10350,True,False,,
WO0001,00014200,Crd Note,2026-01-01,2026-01,19.1,DN#20966-EMPTY,CYL,CYL,-7,-4200,-630,-4830,True,False,,
WO0001,00014200,Crd Note,2026-01-01,2026-01,9.1,DN#20966-EMPTY,CYL,CYL,-25,-11250,-1687.5,-12937.5,True,False,,
WO0001,00014200,Crd Note,2026-01-01,2026-01,14.1,DN#20966-EMPTY,CYL,CYL,-5,-2750,-412.5,-3162.5,True,False,,
WO0001,00048582,Invoice,2026-01-01,2026-01,14.4,DN#20966,LPG,LPG,5,1317,197.55,1514.55,False,True,,
WO0001,00048582,Invoice,2026-01-01,2026-01,901,DN#20966,LPG,LPG,25,4233.25,634.99,4868.24,False,True,,
WO0001,00048582,Invoice,2026-01-01,2026-01,1901,DN#20966,LPG,LPG,7,2502.29,375.34,2877.63,False,True,,
WO0001,00048583,Invoice,2026-01-01,2026-01,19.1,DN#20966-EMPTY,CYL,CYL,7,4200,630,4830,True,False,,
WO0001,00048583,Invoice,2026-01-01,2026-01,14.1,DN#20966-EMPTY,CYL,CYL,5,2750,412.5,3162.5,True,False,,
WO0001,00048583,Invoice,2026-01-01,2026-01,9.1,DN#20966-EMPTY,CYL,CYL,25,11250,1687.5,12937.5,True,False,,
WO0001,00014280,Crd Note,2026-01-13,2026-01,14.1,DN#20983-EMPTY,CYL,CYL,-6,-3300,-495,-3795,True,False,,
WO0001,00014280,Crd Note,2026-01-13,2026-01,19.1,DN#20983-EMPTY,CYL,CYL,-11,-6600,-990,-7590,True,False,,
WO0001,00014280,Crd Note,2026-01-13,2026-01,9.1,DN#20983-EMPTY,CYL,CYL,-27,-12150,-1822.5,-13972.5,True,False,,
WO0001,00048770,Invoice,2026-01-13,2026-01,1401,DN#20983,LPG,LPG,6,1580.4,237.06,1817.46,False,True,,
WO0001,00048770,Invoice,2026-01-13,2026-01,9.4,DN#20983,LPG,LPG,28,4741.24,711.19,5452.43,False,True,,
WO0001,00048770,Invoice,2026-01-13,2026-01,1901,DN#20983,LPG,LPG,10,3574.7,536.2,4110.9,False,True,,
WO0001,00048771,Invoice,2026-01-13,2026-01,19.1,DN#20983-EMPTY,CYL,CYL,10,6000,900,6900,True,False,,
WO0001,00048771,Invoice,2026-01-13,2026-01,9.1,DN#20983-EMPTY,CYL,CYL,28,12600,1890,14490,True,False,,
WO0001,00048771,Invoice,2026-01-13,2026-01,14.1,DN#20983-EMPTY,CYL,CYL,6,3300,495,3795,True,False,,
WO0001,00014296,Crd Note,2026-01-19,2026-01,00000400,DN*21656,OTHER,OTHER,-110,-4782.61,-717.39,-5500,False,False,,
WO0001,00048869,Invoice,2026-01-19,2026-01,00000400,DN*21656,OTHER,OTHER,110,4782.61,717.39,5500,False,False,,
WO0001,00048871,Invoice,2026-01-19,2026-01,00000398,DN*21657,OTHER,OTHER,110,4782.61,717.39,5500,False,False,,
WO0001,00049021,Invoice,2026-01-29,2026-01,1401,DN#21227,LPG,LPG,6,1593.3,239,1832.3,False,True,,
WO0001,00049021,Invoice,2026-01-29,2026-01,901,DN#21227,LPG,LPG,18,3072.78,460.92,3533.7,False,True,,
WO0001,00049021,Invoice,2026-01-29,2026-01,1901,DN#21227,LPG,LPG,10,3603.79,540.57,4144.36,False,True,,
WO0001,00049022,Invoice,2026-01-29,2026-01,9.1,DN#21227-EMPTY,CYL,CYL,18,8100,1215,9315,True,False,,
WO0001,00049022,Invoice,2026-01-29,2026-01,14.1,DN#21227-EMPTY,CYL,CYL,6,3300,495,3795,True,False,,
WO0001,00049022,Invoice,2026-01-29,2026-01,19.1,DN#21227-EMPTY,CYL,CYL,10,6000,900,6900,True,False,,
WO0001,00014359,Crd Note,2026-01-30,2026-01,9.1,DN#21227-EMPTY,CYL,CYL,-18,-8100,-1215,-9315,True,False,,
WO0001,00014359,Crd Note,2026-01-30,2026-01,14.1,DN#21227-EMPTY,CYL,CYL,-6,-3300,-495,-3795,True,False,,
WO0001,00014359,Crd Note,2026-01-30,2026-01,19.1,DN#21227-EMPTY,CYL,CYL,-10,-6000,-900,-6900,True,False,,
WO0001,00049138,Invoice,2026-02-06,2026-02,1901,DN*21682,LPG,LPG,10,3649.6,547.44,4197.04,False,True,,
WO0001,00049138,Invoice,2026-02-06,2026-02,901,DN*21682,LPG,LPG,20,3457.4,518.61,3976.01,False,True,,
WO0001,00049138,Invoice,2026-02-06,2026-02,1401,DN*21682,LPG,LPG,4,1075.68,161.35,1237.03,False,True,,
WO0001,00049139,Invoice,2026-02-06,2026-02,9.1,DN*21682-EMPTY,CYL,CYL,20,9000,1350,10350,True,False,,
WO0001,00049139,Invoice,2026-02-06,2026-02,19.1,DN*21682-EMPTY,CYL,CYL,10,6000,900,6900,True,False,,
WO0001,00049139,Invoice,2026-02-06,2026-02,14.1,DN*21682-EMPTY,CYL,CYL,4,2200,330,2530,True,False,,
WO0001,00014393,Crd Note,2026-02-08,2026-02,9.1,DN*21682-EMPTY,CYL,CYL,-20,-9000,-1350,-10350,True,False,,
WO0001,00014393,Crd Note,2026-02-08,2026-02,19.1,DN*21682-EMPTY,CYL,CYL,-10,-6000,-900,-6900,True,False,,
WO0001,00014393,Crd Note,2026-02-08,2026-02,14.1,DN*21682-EMPTY,CYL,CYL,-4,-2200,-330,-2530,True,False,,
WO0001,00049213,Invoice,2026-02-11,2026-02,901,DN#21537,LPG,LPG,25,4321.75,648.26,4970.01,False,True,,
WO0001,00049213,Invoice,2026-02-11,2026-02,1401,DN#21537,LPG,LPG,5,1344.6,201.69,1546.29,False,True,,
WO0001,00049213,Invoice,2026-02-11,2026-02,1901,DN#21537,LPG,LPG,4,1459.84,218.98,1678.82,False,True,,
WO0001,00049214,Invoice,2026-02-11,2026-02,14.1,DN#21537-EMPTY,CYL,CYL,5,2750,412.5,3162.5,True,False,,
WO0001,00049214,Invoice,2026-02-11,2026-02,9.1,DN#21537-EMPTY,CYL,CYL,25,11250,1687.5,12937.5,True,False,,
WO0001,00049214,Invoice,2026-02-11,2026-02,19.1,DN#21537-EMPTY,CYL,CYL,4,2400,360,2760,True,False,,
WO0001,00014423,Crd Note,2026-02-12,2026-02,14.1,DN#21537-EMPTY,CYL,CYL,-6,-3300,-495,-3795,True,False,,
WO0001,00014423,Crd Note,2026-02-12,2026-02,9.1,DN#21537-EMPTY,CYL,CYL,-24,-10800,-1620,-12420,True,False,,
WO0001,00014423,Crd Note,2026-02-12,2026-02,19.1,DN#21537-EMPTY,CYL,CYL,-4,-2400,-360,-2760,True,False,,
WO0001,00014471,Crd Note,2026-02-22,2026-02,19.1,DN-21270-EMPTY,CYL,CYL,-10,-6000,-900,-6900,True,False,,
WO0001,00014471,Crd Note,2026-02-22,2026-02,9.1,DN-21270-EMPTY,CYL,CYL,-24,-10800,-1620,-12420,True,False,,
WO0001,00049374,Invoice,2026-02-22,2026-02,1901,DN-21922,LPG,LPG,6,2189.76,328.46,2518.22,False,True,,
WO0001,00049374,Invoice,2026-02-22,2026-02,1401,DN-21922,LPG,LPG,3,806.76,121.01,927.77,False,True,,
WO0001,00049374,Invoice,2026-02-22,2026-02,9.4,DN-21922,LPG,LPG,30,5186.1,777.92,5964.02,False,True,,
WO0001,00049375,Invoice,2026-02-22,2026-02,14.1,DN-21270-EMPTY,CYL,CYL,3,1650,247.5,1897.5,True,False,,
WO0001,00049375,Invoice,2026-02-22,2026-02,9.1,DN-21270-EMPTY,CYL,CYL,30,13500,2025,15525,True,False,,
WO0001,00049375,Invoice,2026-02-22,2026-02,19.1,DN-21270-EMPTY,CYL,CYL,6,3600,540,4140,True,False,,
WO0001,00049468,Invoice,2026-02-25,2026-02,901,DN#22104,LPG,LPG,10,1728.7,259.31,1988.01,False,True,,
WO0001,00049468,Invoice,2026-02-25,2026-02,1901,DN#22104,LPG,LPG,8,2919.69,437.95,3357.64,False,True,,
WO0001,00049468,Invoice,2026-02-25,2026-02,1401,DN#22104,LPG,LPG,1,268.91,40.34,309.25,False,True,,
WO0001,00049469,Invoice,2026-02-25,2026-02,9.1,DN#22104-EMPTY,CYL,CYL,10,4500,675,5175,True,False,,
WO0001,00049469,Invoice,2026-02-25,2026-02,14.1,DN#22104-EMPTY,CYL,CYL,1,550,82.5,632.5,True,False,,
WO0001,00049469,Invoice,2026-02-25,2026-02,19.1,DN#22104-EMPTY,CYL,CYL,8,4800,720,5520,True,False,,
WO0001,00014510,Crd Note,2026-02-27,2026-02,9.1,DN#22104-EMPTY,CYL,CYL,-10,-4500,-675,-5175,True,False,,
WO0001,00014510,Crd Note,2026-02-27,2026-02,14.1,DN#22104-EMPTY,CYL,CYL,-1,-550,-82.5,-632.5,True,False,,
WO0001,00014510,Crd Note,2026-02-27,2026-02,19.1,DN#22104-EMPTY,CYL,CYL,-8,-4800,-720,-5520,True,False,,
WO0001,00049682,Invoice,2026-03-10,2026-03,1401,DN#21959,LPG,LPG,5,1891.3,283.7,2175,False,True,,
WO0001,00049682,Invoice,2026-03-10,2026-03,901,DN#21959,LPG,LPG,25,6086.99,913.05,7000.04,False,True,,
WO0001,00049682,Invoice,2026-03-10,2026-03,1901,DN#21959,LPG,LPG,8,4104.32,615.65,4719.97,False,True,,
WO0001,00049683,Invoice,2026-03-10,2026-03,19.1,DN#21959-EMPTY,CYL,CYL,8,4800,720,5520,True,False,,
WO0001,00049683,Invoice,2026-03-10,2026-03,14.1,DN#21959-EMPTY,CYL,CYL,5,2750,412.5,3162.5,True,False,,
WO0001,00049683,Invoice,2026-03-10,2026-03,9.1,DN#21959-EMPTY,CYL,CYL,25,11250,1687.5,12937.5,True,False,,
WO0001,00014581,Crd Note,2026-03-11,2026-03,19.1,DN#21959-EMPTY,CYL,CYL,-8,-4800,-720,-5520,True,False,,
WO0001,00014581,Crd Note,2026-03-11,2026-03,14.1,DN#21959-EMPTY,CYL,CYL,-5,-2750,-412.5,-3162.5,True,False,,
WO0001,00014581,Crd Note,2026-03-11,2026-03,9.1,DN#21959-EMPTY,CYL,CYL,-25,-11250,-1687.5,-12937.5,True,False,,
WO0001,00014595,Crd Note,2026-03-15,2026-03,901,DN#21959,LPG,LPG,-25,-6086.99,-913.05,-7000.04,False,True,,
WO0001,00014595,Crd Note,2026-03-15,2026-03,1901,DN#21959,LPG,LPG,-8,-4104.32,-615.65,-4719.97,False,True,,
WO0001,00014595,Crd Note,2026-03-15,2026-03,1401,DN#21959,LPG,LPG,-5,-1891.3,-283.7,-2175,False,True,,
WO0001,00049747,Invoice,2026-03-15,2026-03,1901,DN#21959- PRICE ADJ,LPG,LPG,8,2946.08,441.91,3387.99,False,True,,
WO0001,00049747,Invoice,2026-03-15,2026-03,1401,DN#21959- PRICE ADJ,LPG,LPG,5,1356.75,203.51,1560.26,False,True,,
WO0001,00049747,Invoice,2026-03-15,2026-03,901,DN#21959- PRICE ADJ,LPG,LPG,25,4361,654.15,5015.15,False,True,,
WO0001,00014608,Crd Note,2026-03-16,2026-03,1901,DN#21831,LPG,LPG,-5,-1841.3,-276.2,-2117.5,False,True,,
WO0001,00014608,Crd Note,2026-03-16,2026-03,901,DN#21831,LPG,LPG,-18,-3139.91,-470.99,-3610.9,False,True,,
WO0001,00014608,Crd Note,2026-03-16,2026-03,14.4,DN#21831,LPG,LPG,-3,-814.05,-122.11,-936.16,False,True,,
WO0001,00014609,Crd Note,2026-03-16,2026-03,9.1,DN#21831-EMPTY,CYL,CYL,-18,-8100,-1215,-9315,True,False,,
WO0001,00014609,Crd Note,2026-03-16,2026-03,19.1,DN#21831-EMPTY,CYL,CYL,-5,-3000,-450,-3450,True,False,,
WO0001,00014609,Crd Note,2026-03-16,2026-03,14.1,DN#21831-EMPTY,CYL,CYL,-3,-1650,-247.5,-1897.5,True,False,,
WO0001,00049778,Invoice,2026-03-16,2026-03,14.4,DN#21831,LPG,LPG,3,814.04,122.11,936.15,False,True,,
WO0001,00049778,Invoice,2026-03-16,2026-03,1901,DN#21831,LPG,LPG,5,1841.3,276.2,2117.5,False,True,,
WO0001,00049778,Invoice,2026-03-16,2026-03,901,DN#21831,LPG,LPG,18,3139.92,470.99,3610.91,False,True,,
WO0001,00049780,Invoice,2026-03-16,2026-03,14.1,DN#21831-EMPTY,CYL,CYL,3,1650,247.5,1897.5,True,False,,
WO0001,00049780,Invoice,2026-03-16,2026-03,9.1,DN#21831-EMPTY,CYL,CYL,18,8100,1215,9315,True,False,,
WO0001,00049780,Invoice,2026-03-16,2026-03,19.1,DN#21831-EMPTY,CYL,CYL,5,3000,450,3450,True,False,,
WO0001,00049813,Invoice,2026-03-17,2026-03,14.4,DN=22137,LPG,LPG,3,814.04,122.11,936.15,False,True,,
WO0001,00049813,Invoice,2026-03-17,2026-03,9.4,DN=22137,LPG,LPG,18,3139.92,470.99,3610.91,False,True,,
WO0001,00049813,Invoice,2026-03-17,2026-03,19.4,DN=22137,LPG,LPG,5,1841.3,276.2,2117.5,False,True,,
WO0001,00049814,Invoice,2026-03-17,2026-03,19.1,DN=00=EMPTY,CYL,CYL,5,3000,450,3450,True,False,,
WO0001,00049814,Invoice,2026-03-17,2026-03,9.1,DN=00=EMPTY,CYL,CYL,18,8100,1215,9315,True,False,,
WO0001,00049814,Invoice,2026-03-17,2026-03,14.1,DN=00=EMPTY,CYL,CYL,3,1650,247.5,1897.5,True,False,,
WO0001,00014622,Crd Note,2026-03-18,2026-03,19.1,DN=00=EMPTY,CYL,CYL,-5,-3000,-450,-3450,True,False,,
WO0001,00014622,Crd Note,2026-03-18,2026-03,14.1,DN=00=EMPTY,CYL,CYL,-3,-1650,-247.5,-1897.5,True,False,,
WO0001,00014622,Crd Note,2026-03-18,2026-03,9.1,DN=00=EMPTY,CYL,CYL,-18,-8100,-1215,-9315,True,False,,
WO0001,00014670,Crd Note,2026-03-26,2026-03,1401,DN-22031,LPG,LPG,-7,-1899.45,-284.92,-2184.37,False,True,,
WO0001,00014670,Crd Note,2026-03-26,2026-03,901,DN-22031,LPG,LPG,-18,-3139.92,-470.99,-3610.91,False,True,,
WO0001,00014670,Crd Note,2026-03-26,2026-03,1901,DN-22031,LPG,LPG,-7,-2577.82,-386.67,-2964.49,False,True,,
WO0001,00049968,Invoice,2026-03-27,2026-03,1901,DN-22031,LPG,LPG,7,2577.82,386.67,2964.49,False,True,,
WO0001,00049968,Invoice,2026-03-27,2026-03,901,DN-22031,LPG,LPG,18,3139.92,470.99,3610.91,False,True,,
WO0001,00049968,Invoice,2026-03-27,2026-03,1401,DN-22031,LPG,LPG,7,1899.45,284.92,2184.37,False,True,,
WO0001,00049970,Invoice,2026-03-27,2026-03,19.1,DN-22031-EMPTY,CYL,CYL,8,4800,720,5520,True,False,,
WO0001,00049970,Invoice,2026-03-27,2026-03,14.1,DN-22031-EMPTY,CYL,CYL,8,4400,660,5060,True,False,,
WO0001,00049970,Invoice,2026-03-27,2026-03,9.1,DN-22031-EMPTY,CYL,CYL,20,9000,1350,10350,True,False,,
WO0001,00049973,Invoice,2026-03-27,2026-03,901,DN#22031,LPG,LPG,20,3488.8,523.32,4012.12,False,True,,
WO0001,00049973,Invoice,2026-03-27,2026-03,1901,DN#22031,LPG,LPG,8,2946.08,441.91,3387.99,False,True,,
WO0001,00049973,Invoice,2026-03-27,2026-03,1401,DN#22031,LPG,LPG,8,2170.8,325.62,2496.42,False,True,,
WO0001,00014679,Crd Note,2026-03-29,2026-03,14.1,DN-22031-EMPTY,CYL,CYL,-8,-4400,-660,-5060,True,False,,
WO0001,00014679,Crd Note,2026-03-29,2026-03,19.1,DN-22031-EMPTY,CYL,CYL,-8,-4800,-720,-5520,True,False,,
WO0001,00014679,Crd Note,2026-03-29,2026-03,9.1,DN-22031-EMPTY,CYL,CYL,-20,-9000,-1350,-10350,True,False,,
WO0001,00050120,Invoice,2026-04-07,2026-04,19.4,DN-22302,LPG,LPG,6,2506.92,376.04,2882.96,False,True,,
WO0001,00050120,Invoice,2026-04-07,2026-04,1401,DN-22302,LPG,LPG,3,923.61,138.54,1062.15,False,True,,
WO0001,00050120,Invoice,2026-04-07,2026-04,9.4,DN-22302,LPG,LPG,30,5937.6,890.64,6828.24,False,True,,
WO0001,00050232,Invoice,2026-04-13,2026-04,14.4,DN-22318,LPG,LPG,3,923.61,138.54,1062.15,False,True,,
WO0001,00050232,Invoice,2026-04-13,2026-04,9.4,DN-22318,LPG,LPG,22,4354.24,653.14,5007.38,False,True,,
WO0001,00050232,Invoice,2026-04-13,2026-04,19.4,DN-22318,LPG,LPG,11,4596.02,689.4,5285.42,False,True,,
WO0001,00050233,Invoice,2026-04-13,2026-04,19.1,DN-22318-EMPTY,CYL,CYL,11,6600,990,7590,True,False,,
WO0001,00050233,Invoice,2026-04-13,2026-04,14.1,DN-22318-EMPTY,CYL,CYL,3,1650,247.5,1897.5,True,False,,
WO0001,00050233,Invoice,2026-04-13,2026-04,9.1,DN-22318-EMPTY,CYL,CYL,22,9900,1485,11385,True,False,,
WO0001,00014755,Crd Note,2026-04-14,2026-04,14.1,DN-22318-EMPTY,CYL,CYL,-3,-1650,-247.5,-1897.5,True,False,,
WO0001,00014755,Crd Note,2026-04-14,2026-04,9.1,DN-22318-EMPTY,CYL,CYL,-22,-9900,-1485,-11385,True,False,,
WO0001,00014755,Crd Note,2026-04-14,2026-04,19.1,DN-22318-EMPTY,CYL,CYL,-11,-6600,-990,-7590,True,False,,
WO0001,00014829,Crd Note,2026-04-29,2026-04,19.4,DN-22357,LPG,LPG,-7,-2924.74,-438.71,-3363.45,False,True,,
WO0001,00014829,Crd Note,2026-04-29,2026-04,9.4,DN-22357,LPG,LPG,-21,-4156.32,-623.45,-4779.77,False,True,,
WO0001,00014829,Crd Note,2026-04-29,2026-04,S.4,DN-22357,LPG,LPG,-1,-1055.57,-158.33,-1213.9,False,True,,
WO0001,00014829,Crd Note,2026-04-29,2026-04,14.4,DN-22357,LPG,LPG,-7,-2155.09,-323.26,-2478.35,False,True,,
WO0001,00014830,Crd Note,2026-04-30,2026-04,14.1,DN-22357-EMPTY,CYL,CYL,-7,-3850,-577.5,-4427.5,True,False,,
WO0001,00014830,Crd Note,2026-04-30,2026-04,9.1,DN-22357-EMPTY,CYL,CYL,-21,-9450,-1417.5,-10867.5,True,False,,
WO0001,00014830,Crd Note,2026-04-30,2026-04,19.1,DN-22357-EMPTY,CYL,CYL,-7,-4200,-630,-4830,True,False,,
WO0001,00014830,Crd Note,2026-04-30,2026-04,S.1,DN-22357-EMPTY,CYL,CYL,-1,-1050,-157.5,-1207.5,True,False,,
WO0001,00050459,Invoice,2026-04-30,2026-04,9.4,DN-22357,LPG,LPG,21,4156.32,623.45,4779.77,False,True,,
WO0001,00050459,Invoice,2026-04-30,2026-04,14.4,DN-22357,LPG,LPG,7,2155.09,323.26,2478.35,False,True,,
WO0001,00050459,Invoice,2026-04-30,2026-04,19.4,DN-22357,LPG,LPG,7,2924.74,438.71,3363.45,False,True,,
WO0001,00050459,Invoice,2026-04-30,2026-04,S.4,DN-22357,LPG,LPG,1,1055.57,158.33,1213.9,False,True,,
WO0001,00050460,Invoice,2026-04-30,2026-04,S.1,DN-22357-EMPTY,CYL,CYL,1,1050,157.5,1207.5,True,False,,
WO0001,00050460,Invoice,2026-04-30,2026-04,14.1,DN-22357-EMPTY,CYL,CYL,7,3850,577.5,4427.5,True,False,,
WO0001,00050460,Invoice,2026-04-30,2026-04,19.1,DN-22357-EMPTY,CYL,CYL,7,4200,630,4830,True,False,,
WO0001,00050460,Invoice,2026-04-30,2026-04,9.1,DN-22357-EMPTY,CYL,CYL,21,9450,1417.5,10867.5,True,False,,
WO0001,00050470,Invoice,2026-04-30,2026-04,1901,DN#22357,LPG,LPG,7,2924.74,438.71,3363.45,False,True,,
WO0001,00050470,Invoice,2026-04-30,2026-04,1401,DN#22357,LPG,LPG,5,1539.35,230.9,1770.25,False,True,,
WO0001,00050470,Invoice,2026-04-30,2026-04,S.4,DN#22357,LPG,LPG,1,1055.57,158.33,1213.9,False,True,,
WO0001,00050470,Invoice,2026-04-30,2026-04,901,DN#22357,LPG,LPG,21,4156.32,623.45,4779.77,False,True,,
WO0001,00050506,Invoice,2026-05-04,2026-05,901,DN#22218,LPG,LPG,17,3364.64,504.7,3869.34,False,True,,
WO0001,00050506,Invoice,2026-05-04,2026-05,14.4,DN#22218,LPG,LPG,4,1231.48,184.72,1416.2,False,True,,
WO0001,00050506,Invoice,2026-05-04,2026-05,19.4,DN#22218,LPG,LPG,8,3342.56,501.38,3843.94,False,True,,
WO0001,00050507,Invoice,2026-05-04,2026-05,19.1,DN#22218-EMPTY,CYL,CYL,8,4800,720,5520,True,False,,
WO0001,00050507,Invoice,2026-05-04,2026-05,14.1,DN#22218-EMPTY,CYL,CYL,4,2200,330,2530,True,False,,
WO0001,00050507,Invoice,2026-05-04,2026-05,9.1,DN#22218-EMPTY,CYL,CYL,17,7650,1147.5,8797.5,True,False,,
WO0001,00014848,Crd Note,2026-05-05,2026-05,19.1,DN#22218-EMPTY,CYL,CYL,-8,-4800,-720,-5520,True,False,,
WO0001,00014848,Crd Note,2026-05-05,2026-05,14.1,DN#22218-EMPTY,CYL,CYL,-4,-2200,-330,-2530,True,False,,
WO0001,00014848,Crd Note,2026-05-05,2026-05,9.1,DN#22218-EMPTY,CYL,CYL,-17,-7650,-1147.5,-8797.5,True,False,,
WO0001,00014961,Crd Note,2026-05-18,2026-05,14.1,DN#22735,CYL,CYL,-5,-2750,-412.5,-3162.5,True,False,,
WO0001,00014961,Crd Note,2026-05-18,2026-05,9.1,DN#22735,CYL,CYL,-22,-9900,-1485,-11385,True,False,,
WO0001,00014961,Crd Note,2026-05-18,2026-05,19.1,DN#22735,CYL,CYL,-10,-6000,-900,-6900,True,False,,
WO0001,00050760,Invoice,2026-05-18,2026-05,9.4,DN322735,LPG,LPG,22,5113.89,767.08,5880.97,False,True,,
WO0001,00050760,Invoice,2026-05-18,2026-05,1401,DN322735,LPG,LPG,5,1807.96,271.19,2079.15,False,True,,
WO0001,00050760,Invoice,2026-05-18,2026-05,19.4,DN322735,LPG,LPG,10,4907.3,736.1,5643.4,False,True,,
WO0001,00050761,Invoice,2026-05-18,2026-05,14.1,DN#22735,CYL,CYL,5,2750,412.5,3162.5,True,False,,
WO0001,00050761,Invoice,2026-05-18,2026-05,9.1,DN#22735,CYL,CYL,22,9900,1485,11385,True,False,,
WO0001,00050761,Invoice,2026-05-18,2026-05,19.1,DN#22735,CYL,CYL,10,6000,900,6900,True,False,,
WO0001,00050937,Invoice,2026-05-28,2026-05,S.4,DN#22450,LPG,LPG,2,2479.48,371.92,2851.4,False,True,,
WO0001,00050937,Invoice,2026-05-28,2026-05,14.4,DN#22450,LPG,LPG,4,1446.36,216.95,1663.31,False,True,,
WO0001,00050937,Invoice,2026-05-28,2026-05,1901,DN#22450,LPG,LPG,10,4907.3,736.1,5643.4,False,True,,
WO0001,00050937,Invoice,2026-05-28,2026-05,9.4,DN#22450,LPG,LPG,15,3486.75,523.01,4009.76,False,True,,
WO0001,00050938,Invoice,2026-05-28,2026-05,9.1,DN#22450-EMPTY,CYL,CYL,15,6750,1012.5,7762.5,True,False,,
WO0001,00050938,Invoice,2026-05-28,2026-05,S.1,DN#22450-EMPTY,CYL,CYL,2,2100,315,2415,True,False,,
WO0001,00050938,Invoice,2026-05-28,2026-05,19.1,DN#22450-EMPTY,CYL,CYL,10,6000,900,6900,True,False,,
WO0001,00050938,Invoice,2026-05-28,2026-05,14.1,DN#22450-EMPTY,CYL,CYL,4,2200,330,2530,True,False,,
WO0001,00051006,Invoice,2026-05-28,2026-05,14.4,DN#22450,LPG,LPG,4,1412.16,211.82,1623.98,False,True,,
WO0001,00051006,Invoice,2026-05-28,2026-05,S.4,DN#22450,LPG,LPG,2,2420.86,363.13,2783.99,False,True,,
WO0001,00051006,Invoice,2026-05-28,2026-05,1901,DN#22450,LPG,LPG,10,4791.3,718.7,5510,False,True,,
WO0001,00051006,Invoice,2026-05-28,2026-05,9.4,DN#22450,LPG,LPG,15,3404.4,510.66,3915.06,False,True,,
WO0001,00014997,Crd Note,2026-05-29,2026-05,9.1,DN#22450-EMPTY,CYL,CYL,-15,-6750,-1012.5,-7762.5,True,False,,
WO0001,00014997,Crd Note,2026-05-29,2026-05,S.1,DN#22450-EMPTY,CYL,CYL,-2,-2100,-315,-2415,True,False,,
WO0001,00014997,Crd Note,2026-05-29,2026-05,14.1,DN#22450-EMPTY,CYL,CYL,-4,-2200,-330,-2530,True,False,,
WO0001,00014997,Crd Note,2026-05-29,2026-05,19.1,DN#22450-EMPTY,CYL,CYL,-10,-6000,-900,-6900,True,False,,
WO0001,00015010,Crd Note,2026-06-01,2026-06,9.4,DN#22450,LPG,LPG,-15,-3486.75,-523.01,-4009.76,False,True,,
WO0001,00015010,Crd Note,2026-06-01,2026-06,14.4,DN#22450,LPG,LPG,-4,-1446.36,-216.95,-1663.31,False,True,,
WO0001,00015010,Crd Note,2026-06-01,2026-06,1901,DN#22450,LPG,LPG,-10,-4907.3,-736.1,-5643.4,False,True,,
WO0001,00015010,Crd Note,2026-06-01,2026-06,S.4,DN#22450,LPG,LPG,-2,-2479.48,-371.92,-2851.4,False,True,,
WO0001,00015011,Crd Note,2026-06-01,2026-06,1901,DN#22771,LPG,LPG,-10,-4907.3,-736.1,-5643.4,False,True,,
WO0001,00015011,Crd Note,2026-06-01,2026-06,901,DN#22771,LPG,LPG,-28,-6508.6,-976.29,-7484.89,False,True,,
WO0001,00015012,Crd Note,2026-06-01,2026-06,19.1,DN#22771-EMPTY,CYL,CYL,-10,-6000,-900,-6900,True,False,,
WO0001,00015012,Crd Note,2026-06-01,2026-06,9.1,DN#22771-EMPTY,CYL,CYL,-26,-11700,-1755,-13455,True,False,,
WO0001,00015012,Crd Note,2026-06-01,2026-06,14.1,DN#22771-EMPTY,CYL,CYL,-2,-1100,-165,-1265,True,False,,
WO0001,00050988,Invoice,2026-06-01,2026-06,1901,DN#22771,LPG,LPG,10,4907.3,736.1,5643.4,False,True,,
WO0001,00050988,Invoice,2026-06-01,2026-06,901,DN#22771,LPG,LPG,28,6508.6,976.29,7484.89,False,True,,
WO0001,00050989,Invoice,2026-06-01,2026-06,9.1,DN#22771-EMPTY,CYL,CYL,28,12600,1890,14490,True,False,,
WO0001,00050989,Invoice,2026-06-01,2026-06,19.1,DN#22771-EMPTY,CYL,CYL,10,6000,900,6900,True,False,,
WO0001,00051007,Invoice,2026-06-01,2026-06,1901,DN#22771,LPG,LPG,10,4791.3,718.7,5510,False,True,,
WO0001,00051007,Invoice,2026-06-01,2026-06,901,DN#22771,LPG,LPG,28,6354.88,953.23,7308.11,False,True,,